,index,price,district,city,bed_rooms,bath_rooms,carport,land_area,building_area
0,1,5900000000,Citra Garden,Jakarta Barat,2,4,2,250.0,350.0
1,2,2700000000,Jelambar,Jakarta Barat,4,2,0,100.0,225.0
2,3,2200000000,Jelambar,Jakarta Barat,3,3,0,60.0,140.0
3,4,1900000000,Jelambar,Jakarta Barat,3,2,0,60.0,120.0
4,5,2100000000,Tanjung Duren,Jakarta Barat,4,3,0,56.0,108.0
5,6,2650000000,Tanjung Duren,Jakarta Barat,4,4,0,67.0,149.0
6,7,6500000000,Kemang,Jakarta Selatan,0,0,0,240.0,240.0
7,8,7000000000,Tebet,Jakarta Selatan,1,1,5,432.0,432.0
8,9,11000000000,Kemang,Jakarta Selatan,6,5,0,528.0,800.0
9,10,3670000000,Pulo Asem,Jakarta Timur,5,7,2,142.0,280.0
10,11,4600000000,Permata Buana,Jakarta Barat,4,3,1,144.0,148.0
11,12,1000000000,Tanjung Duren,Jakarta Barat,3,2,1,55.0,50.0
12,13,1800000000,Tanjung Duren,Jakarta Barat,4,3,2,78.0,124.0
13,14,5300000000,Tanjung Duren,Jakarta Barat,3,2,2,231.0,176.0
14,15,9500000000,Pondok Indah,Jakarta Selatan,5,5,3,250.0,438.0
15,16,25000000000,Pondok Indah,Jakarta Selatan,5,5,3,489.0,654.0
16,17,4900000000,Pantai Indah Kapuk 2,Jakarta Utara,4,4,0,120.0,142.0
17,18,1650000000,Pantai Indah Kapuk,Jakarta Utara,2,2,0,48.0,60.0
18,19,6600000000,Pantai Indah Kapuk,Jakarta Utara,4,4,0,200.0,350.0
19,20,2100000000,Citra Garden,Jakarta Barat,3,2,0,150.0,150.0
20,21,1750000000,Citra Garden,Jakarta Barat,3,2,0,75.0,80.0
21,22,8700000000,Pulo Gadung,Jakarta Timur,6,4,4,492.0,600.0
22,23,2900000000,Jagakarsa,Jakarta Selatan,4,5,1,155.0,100.0
23,24,2300000000,Condet,Jakarta Timur,4,3,2,256.0,200.0
24,25,1150000000,Cengkareng,Jakarta Barat,2,2,1,55.0,75.0
25,26,880000000,Cengkareng,Jakarta Barat,2,2,0,48.0,80.0
26,27,2200000000,Jelambar,Jakarta Barat,3,3,0,60.0,140.0
27,28,2500000000,Jelambar,Jakarta Barat,2,3,0,80.0,210.0
28,29,1900000000,Jelambar,Jakarta Barat,3,2,0,60.0,120.0
29,30,3500000000,Pulogebang,Jakarta Timur,9,4,0,450.0,850.0
30,31,5990000000,Citra Garden,Jakarta Barat,3,3,2,136.0,300.0
31,32,11500000000,Kebayoran Baru,Jakarta Selatan,5,4,0,580.0,400.0
32,33,2350000000,Duren Sawit,Jakarta Timur,4,4,2,129.0,180.0
33,34,7200000000,Pondok Indah,Jakarta Selatan,4,4,2,200.0,250.0
34,35,12200000000,Pondok Indah,Jakarta Selatan,6,3,1,309.0,340.0
35,36,11300000000,Pantai Indah Kapuk,Jakarta Utara,3,2,2,250.0,375.0
36,37,5350000000,Cipinang,Jakarta Timur,12,4,1,480.0,260.0
37,38,1300000000,Green Lake City,Jakarta Barat,2,2,1,48.0,76.0
38,39,1690000000,Jagakarsa,Jakarta Selatan,3,3,2,85.0,130.0
39,40,1350000000,Jagakarsa,Jakarta Selatan,4,4,2,60.0,140.0
40,41,4800000000,Pantai Indah Kapuk,Jakarta Utara,5,5,2,120.0,240.0
41,42,1800000000,Jagakarsa,Jakarta Selatan,5,4,1,82.0,160.0
42,43,990000000,Jagakarsa,Jakarta Selatan,4,3,2,72.0,125.0
43,44,1400000000,Jagakarsa,Jakarta Selatan,3,3,1,70.0,80.0
44,45,8000000000,Pantai Indah Kapuk,Jakarta Utara,5,5,2,150.0,325.0
45,46,1500000000,Metland Puri,Jakarta Barat,3,2,0,90.0,90.0
46,47,2650000000,Tanjung Duren,Jakarta Barat,4,4,1,67.0,168.0
47,48,2100000000,Tanjung Duren,Jakarta Barat,4,3,1,56.0,118.0
48,49,28000000000,Kemang,Jakarta Selatan,4,4,4,898.0,450.0
49,50,10500000000,Bintaro,Jakarta Selatan,5,4,4,534.0,650.0
50,51,1850000000,Jelambar,Jakarta Barat,0,3,1,88.0,218.0
51,52,3500000000,Jelambar,Jakarta Barat,5,3,2,200.0,298.0
52,53,2500000000,Jelambar,Jakarta Barat,5,2,2,90.0,168.0
53,54,1900000000,Jelambar,Jakarta Barat,3,2,1,66.0,168.0
54,55,5000000000,Jelambar,Jakarta Barat,5,5,2,160.0,368.0
55,56,3000000000,Cengkareng,Jakarta Barat,2,3,1,90.0,150.0
56,57,2680000000,Green Lake City,Jakarta Barat,0,3,1,90.0,240.0
57,58,11000000000,Pantai Indah Kapuk,Jakarta Utara,6,4,1,250.0,400.0
58,59,7000000000,Cibubur,Jakarta Timur,0,0,0,1249.0,1000.0
59,60,12900000000,Pantai Indah Kapuk,Jakarta Utara,4,4,0,324.0,600.0
60,61,1670000000,Pondok Kelapa,Jakarta Timur,4,3,1,91.0,150.0
61,62,2600000000,Pondok Kelapa,Jakarta Timur,3,2,1,187.0,123.0
62,63,2200000000,Cakung,Jakarta Timur,3,2,2,84.0,79.0
63,64,1700000000,Cempaka Putih,Jakarta Pusat,3,3,1,51.0,78.0
64,65,11300000000,Golf Island,Jakarta Utara,3,3,1,250.0,375.0
65,66,1400000000,Pantai Indah Kapuk 2,Jakarta Utara,2,2,1,45.0,62.0
66,67,2600000000,Cibubur,Jakarta Timur,3,2,1,136.0,180.0
67,68,8500000000,Kelapa Gading,Jakarta Utara,7,4,2,200.0,280.0
68,69,32000000000,Pondok Indah,Jakarta Selatan,6,5,2,768.0,825.0
69,70,3600000000,Cibubur,Jakarta Timur,5,4,1,300.0,400.0
70,71,15800000000,Pantai Indah Kapuk,Jakarta Utara,4,4,2,300.0,455.0
71,72,40000000000,Pantai Indah Kapuk,Jakarta Utara,7,5,0,522.0,1000.0
72,73,42000000000,Pantai Indah Kapuk,Jakarta Utara,7,4,2,560.0,1080.0
73,74,11500000000,Pantai Indah Kapuk,Jakarta Utara,4,4,0,250.0,480.0
74,75,8500000000,Pantai Indah Kapuk,Jakarta Utara,4,4,0,180.0,400.0
75,76,9500000000,Pantai Indah Kapuk,Jakarta Utara,4,4,0,200.0,300.0
76,77,3400000000,Pantai Indah Kapuk 2,Jakarta Utara,4,3,0,90.0,106.0
77,78,4600000000,Jakarta Garden City,Jakarta Timur,5,4,2,112.0,156.0
78,79,10500000000,Permata Buana,Jakarta Barat,5,5,2,200.0,600.0
79,80,3800000000,Permata Buana,Jakarta Barat,3,3,0,144.0,180.0
80,81,4600000000,Kelapa Gading,Jakarta Utara,5,4,2,112.0,156.0
81,82,2300000000,Cakung,Jakarta Timur,3,3,1,84.0,87.0
82,83,2700000000,Cibubur,Jakarta Timur,5,4,2,98.0,122.0
83,84,2500000000,Cilandak,Jakarta Selatan,3,4,2,128.0,185.0
84,85,2500000000,Jagakarsa,Jakarta Selatan,3,4,2,128.0,185.0
85,86,2100000000,Tanjung Duren,Jakarta Barat,4,3,0,56.0,108.0
86,87,2650000000,Tanjung Duren,Jakarta Barat,4,4,0,67.0,149.0
87,88,1650000000,Tanjung Duren,Jakarta Barat,4,1,0,78.0,100.0
88,89,2500000000,Jelambar,Jakarta Barat,4,2,0,88.0,150.0
89,90,1900000000,Jelambar,Jakarta Barat,3,2,0,66.0,161.0
90,91,5000000000,Jelambar,Jakarta Barat,4,4,0,160.0,360.0
91,92,1050000000,Cipayung,Jakarta Timur,3,2,0,60.0,97.0
92,93,940000000,Citra Garden,Jakarta Barat,2,1,0,72.0,36.0
93,94,1050000000,Cibubur,Jakarta Timur,3,2,0,60.0,97.0
94,95,940000000,Green Lake City,Jakarta Barat,2,1,0,72.0,36.0
95,96,3760000000,Cibubur,Jakarta Timur,8,6,0,270.0,350.0
96,97,860000000,Cibubur,Jakarta Timur,2,2,0,72.0,72.0
97,98,1720000000,Cipayung,Jakarta Timur,3,3,0,134.0,250.0
98,99,580000000,Cibubur,Jakarta Timur,2,1,0,52.0,49.0
99,100,1110000000,Cibubur,Jakarta Timur,4,2,0,100.0,80.0
100,101,1110000000,Cibubur,Jakarta Timur,3,2,0,67.0,60.0
101,102,1400000000,Cibubur,Jakarta Timur,3,2,0,150.0,100.0
102,103,940000000,Cipayung,Jakarta Timur,2,1,0,85.0,70.0
103,104,1660000000,Cibubur,Jakarta Timur,3,2,0,181.0,71.0
104,105,940000000,Cibubur,Jakarta Timur,2,1,0,85.0,70.0
105,106,2040000000,Cibubur,Jakarta Timur,3,2,0,120.0,100.0
106,107,780000000,Cibubur,Jakarta Timur,2,2,0,84.0,60.0
107,108,1420000000,Bintaro,Jakarta Selatan,3,3,0,80.0,108.0
108,109,1130000000,Cakung,Jakarta Timur,3,2,0,97.0,93.0
109,110,1050000000,Cibubur,Jakarta Timur,3,2,0,72.0,115.0
110,111,1770000000,Cibubur,Jakarta Timur,4,3,0,133.0,150.0
111,112,1360000000,Cibubur,Jakarta Timur,3,2,0,136.0,90.0
112,113,1440000000,Cibubur,Jakarta Timur,4,3,0,108.0,150.0
113,114,920000000,Green Lake City,Jakarta Barat,3,3,0,67.0,70.0
114,115,620000000,Cakung,Jakarta Timur,3,1,0,90.0,72.0
115,116,860000000,Cengkareng,Jakarta Barat,3,2,0,121.0,80.0
116,117,1220000000,Jagakarsa,Jakarta Selatan,3,2,0,86.0,120.0
117,118,2160000000,Jagakarsa,Jakarta Selatan,3,3,0,76.0,185.0
118,119,2890000000,Rawamangun,Jakarta Timur,4,2,0,120.0,130.0
119,120,3100000000,Cakung,Jakarta Timur,5,5,0,102.0,230.0
120,121,2770000000,Jagakarsa,Jakarta Selatan,3,2,0,87.0,144.0
121,122,940000000,Cibubur,Jakarta Timur,2,2,0,81.0,90.0
122,123,670000000,Cibubur,Jakarta Timur,2,1,0,72.0,50.0
123,124,6750000000,Pulo Gadung,Jakarta Timur,17,15,0,307.0,398.0
124,125,2230000000,Jagakarsa,Jakarta Selatan,3,2,0,112.0,120.0
125,126,3540000000,Cakung,Jakarta Timur,9,9,0,201.0,500.0
126,127,3210000000,Cilandak,Jakarta Selatan,3,2,0,113.0,160.0
127,128,1880000000,Jagakarsa,Jakarta Selatan,3,2,0,126.0,160.0
128,129,2600000000,Jagakarsa,Jakarta Selatan,3,3,0,105.0,160.0
129,130,1770000000,Jagakarsa,Jakarta Selatan,3,2,0,75.0,84.0
130,131,1880000000,Jagakarsa,Jakarta Selatan,4,3,0,118.0,146.0
131,132,2830000000,Jagakarsa,Jakarta Selatan,3,3,0,100.0,240.0
132,133,3540000000,Cakung,Jakarta Timur,4,3,0,148.0,250.0
133,134,3870000000,Ciracas,Jakarta Timur,4,3,0,156.0,312.0
134,135,1830000000,Jagakarsa,Jakarta Selatan,3,2,0,96.0,180.0
135,136,1880000000,Jagakarsa,Jakarta Selatan,2,2,0,95.0,60.0
136,137,1440000000,Jagakarsa,Jakarta Selatan,4,4,0,88.0,140.0
137,138,4090000000,Duren Sawit,Jakarta Timur,5,4,0,170.0,210.0
138,139,1990000000,Jagakarsa,Jakarta Selatan,4,3,0,108.0,200.0
139,140,60000000000,Sunter,Jakarta Utara,6,7,0,2078.0,1522.0
140,141,1720000000,Jagakarsa,Jakarta Selatan,4,4,0,96.0,140.0
141,142,1390000000,Jagakarsa,Jakarta Selatan,3,2,0,58.0,95.0
142,143,390000000,Cakung,Jakarta Timur,2,1,0,60.0,40.0
143,144,4980000000,Jagakarsa,Jakarta Selatan,4,5,0,226.0,178.0
144,145,1440000000,Jagakarsa,Jakarta Selatan,2,2,0,95.0,85.0
145,146,710000000,Citra Garden,Jakarta Barat,3,2,0,121.0,80.0
146,147,2550000000,Jagakarsa,Jakarta Selatan,3,4,0,84.0,119.0
147,148,5500000000,Jagakarsa,Jakarta Selatan,4,3,0,272.0,155.0
148,149,8300000000,Ancol,Jakarta Utara,4,5,0,144.0,326.0
149,150,790000000,Cibubur,Jakarta Timur,2,2,0,45.0,65.0
150,151,1400000000,Cibubur,Jakarta Timur,4,3,0,105.0,160.0
151,152,1460000000,Green Lake City,Jakarta Barat,3,2,0,80.0,120.0
152,153,7300000000,Permata Buana,Jakarta Barat,4,3,0,257.0,300.0
153,154,2800000000,Sunter,Jakarta Utara,4,4,2,84.0,200.0
154,155,4200000000,Permata Buana,Jakarta Barat,2,1,0,144.0,120.0
155,156,6900000000,Permata Buana,Jakarta Barat,3,3,0,144.0,300.0
156,157,8500000000,Pantai Indah Kapuk,Jakarta Utara,3,3,0,136.0,300.0
157,158,7500000000,Permata Buana,Jakarta Barat,4,2,0,200.0,312.0
158,159,3970000000,Permata Buana,Jakarta Barat,4,3,0,160.0,150.0
159,160,4800000000,Kemang,Jakarta Selatan,4,4,2,62.0,300.0
160,161,68000000000,Pondok Indah,Jakarta Selatan,8,7,6,1050.0,1600.0
161,162,25000000000,Cilandak,Jakarta Selatan,7,6,4,982.0,650.0
162,163,1650000000,Jakarta Garden City,Jakarta Timur,2,2,2,90.0,69.0
163,164,2150000000,Jakarta Garden City,Jakarta Timur,3,2,2,84.0,79.0
164,165,48000000000,Pondok Indah,Jakarta Selatan,6,6,3,820.0,1000.0
165,166,2300000000,Kelapa Gading,Jakarta Utara,3,3,1,84.0,87.0
166,167,2300000000,Jakarta Garden City,Jakarta Timur,3,3,1,84.0,87.0
167,168,4800000000,Tebet,Jakarta Selatan,5,2,2,150.0,300.0
168,169,20000000000,Cilandak,Jakarta Selatan,5,5,6,660.0,500.0
169,170,43000000000,Kebayoran Baru,Jakarta Selatan,3,3,6,458.0,320.0
170,171,14500000000,Kemang,Jakarta Selatan,5,5,6,706.0,500.0
171,172,1800000000,Jakarta Garden City,Jakarta Timur,3,2,1,102.0,140.0
172,173,3300000000,Jelambar,Jakarta Barat,3,5,1,75.0,188.0
173,174,8900000000,Pantai Indah Kapuk,Jakarta Utara,3,3,2,230.0,300.0
174,175,4500000000,Jelambar,Jakarta Barat,3,3,4,182.0,268.0
175,176,7300000000,Jelambar,Jakarta Barat,8,4,4,240.0,368.0
176,177,2500000000,Jelambar,Jakarta Barat,3,3,1,80.0,218.0
177,178,1350000000,Jelambar,Jakarta Barat,3,3,1,51.0,100.0
178,179,4600000000,Jelambar,Jakarta Barat,2,4,0,205.0,438.0
179,180,3700000000,Jelambar,Jakarta Barat,3,3,2,168.0,318.0
180,181,4750000000,Sunter,Jakarta Utara,5,2,2,180.0,375.0
181,182,1600000000,Kemayoran,Jakarta Pusat,3,3,1,56.0,115.0
182,183,1700000000,Cempaka Putih,Jakarta Pusat,3,3,1,51.0,78.0
183,184,2700000000,Cibubur,Jakarta Timur,5,4,2,98.0,122.0
184,185,9500000000,Sunter,Jakarta Utara,5,6,3,180.0,330.0
185,186,9000000000,Sunter,Jakarta Utara,4,3,1,297.0,500.0
186,187,13000000000,Kelapa Gading,Jakarta Utara,4,4,3,268.0,750.0
187,188,7000000000,Sunter,Jakarta Utara,4,4,1,150.0,300.0
188,189,8500000000,Pantai Indah Kapuk,Jakarta Utara,3,3,2,188.0,480.0
189,190,3800000000,Sunter,Jakarta Utara,4,4,1,96.0,260.0
190,191,3300000000,Jelambar,Jakarta Barat,3,4,0,75.0,175.0
191,192,5000000000,Jelambar,Jakarta Barat,4,4,0,160.0,360.0
192,193,2500000000,Jelambar,Jakarta Barat,2,3,0,80.0,210.0
193,194,1400000000,Jelambar,Jakarta Barat,2,3,0,48.0,90.0
194,195,4600000000,Jelambar,Jakarta Barat,2,4,0,205.0,525.0
195,196,3700000000,Jelambar,Jakarta Barat,2,2,0,168.0,300.0
196,197,3000000000,Kebayoran Baru,Jakarta Selatan,5,5,1,135.0,150.0
197,198,22000000000,Kemang,Jakarta Selatan,4,5,2,750.0,840.0
198,199,4900000000,Jelambar,Jakarta Barat,5,4,2,217.0,338.0
199,200,2200000000,Jelambar,Jakarta Barat,3,3,1,60.0,138.0
200,201,1900000000,Lebak Bulus,Jakarta Selatan,4,3,2,103.0,78.0
201,202,2000000000,Lebak Bulus,Jakarta Selatan,4,4,2,127.0,134.0
202,203,2700000000,Lebak Bulus,Jakarta Selatan,4,4,2,92.0,143.0
203,204,2000000000,Kota Wisata,Jakarta Timur,3,2,1,72.0,89.0
204,205,5600000000,Sunter,Jakarta Utara,4,4,0,250.0,400.0
205,206,2600000000,Sunter,Jakarta Utara,3,2,1,96.0,100.0
206,207,4800000000,Sunter,Jakarta Utara,4,4,1,180.0,180.0
207,208,4900000000,Jelambar,Jakarta Barat,5,5,1,217.0,250.0
208,209,9900000000,Sunter,Jakarta Utara,5,5,5,300.0,600.0
209,210,3240000000,Kelapa Gading,Jakarta Utara,3,2,0,162.0,150.0
210,211,23000000000,Sunter,Jakarta Utara,6,5,2,865.0,1107.0
211,212,10900000000,Lebak Bulus,Jakarta Selatan,6,4,2,446.0,500.0
212,213,1400000000,Cakung,Jakarta Timur,2,1,2,120.0,80.0
213,214,4500000000,Puri Indah,Jakarta Barat,3,2,2,140.0,200.0
214,215,139000000000,Kemang,Jakarta Selatan,5,5,4,6350.0,800.0
215,216,16000000000,Kemang,Jakarta Selatan,5,4,2,1058.0,350.0
216,217,7500000000,Tebet,Jakarta Selatan,5,5,3,400.0,500.0
217,218,47000000000,Pantai Indah Kapuk,Jakarta Utara,5,5,6,1084.0,1500.0
218,219,1650000000,Kelapa Gading,Jakarta Utara,3,3,1,75.0,120.0
219,220,5600000000,Pantai Indah Kapuk 2,Jakarta Utara,3,2,2,150.0,180.0
220,221,4350000000,Pantai Indah Kapuk,Jakarta Utara,3,3,2,120.0,150.0
221,222,2500000000,Kelapa Gading,Jakarta Utara,4,3,2,90.0,157.0
222,223,2000000000,Citra Grand,Jakarta Timur,3,2,1,72.0,89.0
223,224,3600000000,Kelapa Gading,Jakarta Utara,4,4,2,102.0,180.0
224,225,742000000,Salemba,Jakarta Pusat,2,2,1,27.0,52.0
225,226,900000000,Cempaka Putih,Jakarta Pusat,2,2,0,27.0,60.0
226,227,1350000000,Cempaka Putih,Jakarta Pusat,4,3,0,69.0,110.0
227,228,1750000000,Tebet,Jakarta Selatan,4,2,1,70.0,135.0
228,229,3500000000,Cinere,Jakarta Selatan,3,3,1,127.0,200.0
229,230,62000000000,Pondok Indah,Jakarta Selatan,4,5,5,670.0,2000.0
230,231,1970000000,Ciracas,Jakarta Timur,4,4,2,87.0,151.0
231,232,21000000000,Pantai Indah Kapuk,Jakarta Utara,5,5,2,350.0,900.0
232,233,6600000000,Bintaro,Jakarta Selatan,8,3,1,378.0,350.0
233,234,2650000000,Tanjung Duren,Jakarta Barat,5,4,2,67.0,185.0
234,235,3100000000,Pantai Indah Kapuk,Jakarta Utara,3,3,1,77.0,84.0
235,236,2150000000,Cengkareng,Jakarta Barat,3,2,2,70.0,125.0
236,237,52000000000,Kebayoran Baru,Jakarta Selatan,8,5,5,726.0,564.0
237,238,31000000000,Pantai Indah Kapuk,Jakarta Utara,5,6,3,640.0,1800.0
238,239,3100000000,Jelambar,Jakarta Barat,4,4,2,130.0,218.0
239,240,3950000000,Jelambar,Jakarta Barat,5,3,2,180.0,278.0
240,241,3800000000,Jelambar,Jakarta Barat,4,3,2,135.0,188.0
241,242,1500000000,Jelambar,Jakarta Barat,3,2,1,60.0,128.0
242,243,2400000000,Jelambar,Jakarta Barat,2,3,1,68.0,168.0
243,244,2700000000,Jelambar,Jakarta Barat,4,2,1,100.0,238.0
244,245,1500000000,Jelambar,Jakarta Barat,3,2,0,57.0,120.0
245,246,4600000000,Rawamangun,Jakarta Timur,5,4,2,112.0,156.0
246,247,2400000000,Jelambar,Jakarta Barat,2,3,0,68.0,156.0
247,248,2600000000,Cakung,Jakarta Timur,4,3,2,170.0,120.0
248,249,1000000000,Cibubur,Jakarta Timur,3,3,2,84.0,87.0
249,250,2000000000,Ciracas,Jakarta Timur,3,2,1,72.0,89.0
250,251,16500000000,Cilandak,Jakarta Selatan,8,8,3,329.0,677.0
251,252,14500000000,Cilandak,Jakarta Selatan,7,6,3,330.0,670.0
252,253,3250000000,Permata Buana,Jakarta Barat,3,2,1,160.0,100.0
253,254,22500000000,Cipinang,Jakarta Timur,5,6,5,951.0,1200.0
254,255,2600000000,Tomang,Jakarta Barat,5,4,2,85.0,168.0
255,256,1950000000,Jelambar,Jakarta Barat,1,3,1,60.0,133.0
256,257,1850000000,Cengkareng,Jakarta Barat,3,2,2,90.0,100.0
257,258,9000000000,Pantai Indah Kapuk 2,Jakarta Utara,4,4,2,250.0,330.0
258,259,9800000000,Golf Island,Jakarta Utara,4,5,2,240.0,435.0
259,260,3000000000,Pantai Indah Kapuk,Jakarta Utara,2,2,0,77.0,125.0
260,261,3100000000,Pantai Indah Kapuk,Jakarta Utara,3,3,1,90.0,128.0
261,262,13000000000,Pantai Indah Kapuk,Jakarta Utara,4,3,2,250.0,500.0
262,263,8500000000,Pantai Indah Kapuk,Jakarta Utara,4,4,2,340.0,500.0
263,264,6000000000,Pantai Indah Kapuk,Jakarta Utara,4,4,2,144.0,450.0
264,265,1190000000,Green Lake City,Jakarta Barat,2,2,1,48.0,76.0
265,266,3100000000,Green Lake City,Jakarta Barat,4,2,2,108.0,180.0
266,267,3250000000,Cilincing,Jakarta Utara,5,3,1,112.0,150.0
267,268,4680000000,Green Lake City,Jakarta Barat,3,3,2,197.0,250.0
268,269,6500000000,Pondok Labu,Jakarta Selatan,3,3,2,200.0,230.0
269,270,2850000000,Jagakarsa,Jakarta Selatan,4,4,2,94.0,200.0
270,271,2600000000,Citra Garden,Jakarta Barat,3,3,0,238.0,190.0
271,272,1800000000,Jagakarsa,Jakarta Selatan,4,3,2,94.0,120.0
272,273,11900000000,Kebayoran Lama,Jakarta Selatan,3,2,2,360.0,600.0
273,274,3000000000,Jagakarsa,Jakarta Selatan,5,5,2,108.0,225.0
274,275,4900000000,Kemayoran,Jakarta Pusat,3,3,1,264.0,300.0
275,276,4950000000,Taman Ratu,Jakarta Barat,5,4,4,200.0,293.0
276,277,13500000000,Tomang,Jakarta Barat,8,5,0,300.0,800.0
277,278,7700000000,Tamansari,Jakarta Barat,7,5,4,325.0,220.0
278,279,2000000000,Cibubur,Jakarta Timur,3,2,1,72.0,89.0
279,280,3500000000,Kelapa Gading,Jakarta Utara,3,3,2,102.0,113.0
280,281,8000000000,Pondok Indah,Jakarta Selatan,5,5,3,250.0,430.0
281,282,4400000000,Kelapa Gading,Jakarta Utara,4,2,2,144.0,250.0
282,283,2950000000,Rawamangun,Jakarta Timur,4,4,2,92.0,160.0
283,284,1450000000,Jagakarsa,Jakarta Selatan,3,3,2,76.0,115.0
284,285,880000000,Ciganjur,Jakarta Selatan,2,3,1,42.0,80.0
285,286,8000000000,Pantai Indah Kapuk,Jakarta Utara,4,4,0,136.0,300.0
286,287,3250000000,Rawamangun,Jakarta Timur,3,3,2,100.0,150.0
287,288,1550000000,Green Lake City,Jakarta Barat,2,2,1,60.0,75.0
288,289,50000000000,Pantai Indah Kapuk,Jakarta Utara,4,9,2,600.0,1300.0
289,290,13500000000,Kemang,Jakarta Selatan,3,3,4,696.0,325.0
290,291,3500000000,Cipinang,Jakarta Timur,4,4,2,75.0,260.0
291,292,41900000000,Pondok Indah,Jakarta Selatan,4,5,4,634.0,720.0
292,293,4250000000,Pondok Kelapa,Jakarta Timur,5,2,2,612.0,311.0
293,294,2350000000,Pondok Kelapa,Jakarta Timur,3,3,1,129.0,180.0
294,295,2150000000,Lebak Bulus,Jakarta Selatan,4,3,3,90.0,98.0
295,296,16500000000,Rawamangun,Jakarta Timur,5,4,3,1260.0,600.0
296,297,7500000000,Tebet,Jakarta Selatan,5,5,3,400.0,500.0
297,298,1200000000,Lebak Bulus,Jakarta Selatan,3,2,2,64.0,75.0
298,299,38000000000,Kemang,Jakarta Selatan,7,9,3,518.0,760.0
299,300,5400000000,Duren Sawit,Jakarta Timur,5,5,2,105.0,180.0
300,301,2100000000,Tanjung Duren,Jakarta Barat,3,3,1,42.0,42.0
301,302,4800000000,Lebak Bulus,Jakarta Selatan,3,3,2,390.0,250.0
302,303,15000000000,Cilandak,Jakarta Selatan,4,6,2,287.0,670.0
303,304,400000000,Cengkareng,Jakarta Barat,3,2,1,56.0,66.0
304,305,25000000000,Cilandak,Jakarta Selatan,5,5,4,982.0,650.0
305,306,8500000000,Lebak Bulus,Jakarta Selatan,4,3,3,307.0,300.0
306,307,15000000000,Lebak Bulus,Jakarta Selatan,3,5,2,308.0,1005.0
307,308,9500000000,Veteran,Jakarta Selatan,3,3,2,306.0,257.0
308,309,9000000000,Mangga Besar,Jakarta Barat,5,4,0,403.0,500.0
309,310,5750000000,Lebak Bulus,Jakarta Selatan,3,3,2,279.0,180.0
310,311,4500000000,Jati Padang,Jakarta Selatan,5,4,2,153.0,250.0
311,312,16000000000,Pondok Indah,Jakarta Selatan,4,3,2,383.0,616.0
312,313,54000000000,Permata Hijau,Jakarta Selatan,6,8,5,1200.0,1000.0
313,314,7700000000,Cilandak,Jakarta Selatan,5,5,2,270.0,216.0
314,315,1300000000,Jagakarsa,Jakarta Selatan,2,1,2,106.0,65.0
315,316,8700000000,Pluit,Jakarta Utara,5,5,2,325.0,500.0
316,317,3700000000,Jagakarsa,Jakarta Selatan,5,4,0,143.0,300.0
317,318,2500000000,Jagakarsa,Jakarta Selatan,3,4,2,128.0,185.0
318,319,11500000000,Puri Indah,Jakarta Barat,5,3,2,200.0,500.0
319,320,1950000000,Lebak Bulus,Jakarta Selatan,3,3,1,232.0,144.0
320,321,12200000000,Pondok Indah,Jakarta Selatan,6,3,1,309.0,340.0
321,322,2350000000,Green Lake City,Jakarta Barat,4,3,2,90.0,150.0
322,323,19000000000,Menteng,Jakarta Pusat,5,4,2,535.0,600.0
323,324,6500000000,Menteng,Jakarta Pusat,5,4,1,148.0,177.0
324,325,47000000000,Pondok Indah,Jakarta Selatan,7,6,2,810.0,1000.0
325,326,8000000000,Cipayung,Jakarta Timur,6,4,0,553.0,600.0
326,327,528000000,Matraman,Jakarta Timur,2,2,0,24.0,38.0
327,328,1650000000,Kemayoran,Jakarta Pusat,3,5,1,56.0,164.0
328,329,1550000000,Gambir,Jakarta Pusat,3,2,1,38.0,63.0
329,330,14000000000,Kuningan,Jakarta Selatan,4,3,2,315.0,210.0
330,331,46000000000,Kebayoran Baru,Jakarta Selatan,4,4,2,317.0,871.0
331,332,2400000000,Pondok Labu,Jakarta Selatan,3,3,2,50.0,109.0
332,333,19000000000,Pejaten,Jakarta Selatan,5,3,0,1070.0,350.0
333,334,1150000000,Cempaka Putih,Jakarta Pusat,2,2,1,39.0,100.0
334,335,3100000000,Pantai Indah Kapuk,Jakarta Utara,2,2,1,75.0,150.0
335,336,10000000000,Pantai Indah Kapuk,Jakarta Utara,4,4,1,136.0,600.0
336,337,2000000000,Cibubur,Jakarta Timur,4,4,0,83.0,185.0
337,338,7500000000,Pantai Indah Kapuk 2,Jakarta Utara,4,3,2,200.0,279.0
338,339,1600000000,Pantai Indah Kapuk 2,Jakarta Utara,3,3,1,45.0,87.0
339,340,3000000000,Pantai Indah Kapuk 2,Jakarta Utara,3,3,2,90.0,151.0
340,341,2440000000,Pantai Indah Kapuk 2,Jakarta Utara,3,3,2,60.0,138.0
341,342,9500000000,Pantai Indah Kapuk 2,Jakarta Utara,4,5,2,300.0,292.0
342,343,5600000000,Golf Island,Jakarta Utara,3,3,2,160.0,178.0
343,344,2620000000,Pantai Indah Kapuk 2,Jakarta Utara,3,3,2,80.0,127.0
344,345,12800000000,Golf Island,Jakarta Utara,4,4,2,360.0,435.0
345,346,6800000000,Pantai Indah Kapuk 2,Jakarta Utara,4,4,2,200.0,224.0
346,347,9000000000,Golf Island,Jakarta Utara,3,3,2,250.0,315.0
347,348,5300000000,Pantai Indah Kapuk 2,Jakarta Utara,4,4,2,150.0,209.0
348,349,20000000000,Pantai Indah Kapuk,Jakarta Utara,4,5,2,420.0,444.0
349,350,20000000000,Golf Island,Jakarta Utara,4,5,2,420.0,444.0
350,351,3900000000,Golf Island,Jakarta Utara,3,3,1,120.0,163.0
351,352,15500000000,Pantai Indah Kapuk,Jakarta Utara,4,4,2,295.0,400.0
352,353,1850000000,Pantai Indah Kapuk 2,Jakarta Utara,3,3,1,45.0,110.0
353,354,1850000000,Pantai Indah Kapuk,Jakarta Utara,3,3,2,45.0,110.0
354,355,4100000000,Pantai Indah Kapuk 2,Jakarta Utara,3,3,2,120.0,156.0
355,356,4100000000,Pantai Indah Kapuk 2,Jakarta Utara,3,3,2,120.0,170.0
356,357,25000000000,Pantai Indah Kapuk,Jakarta Utara,5,4,2,450.0,800.0
357,358,1750000000,Green Lake City,Jakarta Barat,2,2,1,60.0,90.0
358,359,1800000000,Jagakarsa,Jakarta Selatan,4,4,2,116.0,135.0
359,360,2500000000,Jagakarsa,Jakarta Selatan,3,3,1,200.0,280.0
360,361,1700000000,Kemayoran,Jakarta Pusat,3,4,1,60.0,150.0
361,362,1970000000,Tebet,Jakarta Selatan,3,2,1,98.0,100.0
362,363,1900000000,Cinere,Jakarta Selatan,4,4,2,93.0,125.0
363,364,2500000000,Tebet,Jakarta Selatan,3,2,1,130.0,120.0
364,365,4500000000,Tebet,Jakarta Selatan,5,4,0,150.0,250.0
365,366,6900000000,Tebet,Jakarta Selatan,5,3,2,250.0,200.0
366,367,1650000000,Jagakarsa,Jakarta Selatan,3,3,2,65.0,150.0
367,368,4200000000,Cilandak,Jakarta Selatan,5,5,2,159.0,358.0
368,369,5500000000,Pondok Indah,Jakarta Selatan,5,5,2,318.0,320.0
369,370,3850000000,Jagakarsa,Jakarta Selatan,5,4,2,102.0,300.0
370,371,1390000000,Jagakarsa,Jakarta Selatan,3,2,2,125.0,90.0
371,372,1150000000,Jagakarsa,Jakarta Selatan,3,3,2,90.0,135.0
372,373,2980000000,Pantai Indah Kapuk 2,Jakarta Utara,3,3,2,80.0,127.0
373,374,1520000000,Jagakarsa,Jakarta Selatan,4,3,1,60.0,145.0
374,375,2190000000,Jagakarsa,Jakarta Selatan,4,3,2,93.0,150.0
375,376,4300000000,Pejaten,Jakarta Selatan,4,2,2,191.0,230.0
376,377,2290000000,Jagakarsa,Jakarta Selatan,3,3,2,151.0,200.0
377,378,6500000000,Pondok Indah,Jakarta Selatan,6,5,2,175.0,338.0
378,379,1400000000,Cinere,Jakarta Selatan,3,3,2,86.0,92.0
379,380,7100000000,Pondok Indah,Jakarta Selatan,6,5,2,206.0,400.0
380,381,2000000000,Cinere,Jakarta Selatan,4,4,2,101.0,126.0
381,382,1900000000,Cinere,Jakarta Selatan,4,4,2,150.0,155.0
382,383,4000000000,Cilandak,Jakarta Selatan,5,5,2,169.0,340.0
383,384,4750000000,Kebon Jeruk,Jakarta Barat,0,4,1,141.0,300.0
384,385,19800000000,Pondok Indah,Jakarta Selatan,9,8,5,960.0,1200.0
385,386,8000000000,Pondok Indah,Jakarta Selatan,6,5,2,158.0,373.0
386,387,10000000000,Pondok Indah,Jakarta Selatan,6,5,4,405.0,300.0
387,388,2300000000,Sunter,Jakarta Utara,3,2,2,50.0,60.0
388,389,1950000000,Cakung,Jakarta Timur,3,3,1,136.0,75.0
389,390,7500000000,Pantai Indah Kapuk,Jakarta Utara,4,5,2,153.0,350.0
390,391,50000000000,Pantai Indah Kapuk,Jakarta Utara,4,4,2,600.0,1600.0
391,392,12500000000,Pantai Indah Kapuk,Jakarta Utara,5,3,2,300.0,600.0
392,393,9800000000,Jelambar,Jakarta Barat,11,8,3,288.0,818.0
393,394,1300000000,Cibubur,Jakarta Timur,3,3,2,60.0,85.0
394,395,49800000000,Pantai Indah Kapuk,Jakarta Utara,8,8,0,600.0,1300.0
395,396,4400000000,Pantai Indah Kapuk,Jakarta Utara,3,3,1,150.0,150.0
396,397,24000000000,Kebayoran Baru,Jakarta Selatan,8,6,5,1000.0,1200.0
397,398,3300000000,Tebet,Jakarta Selatan,5,4,2,85.0,210.0
398,399,3500000000,Tebet,Jakarta Selatan,3,2,1,139.0,130.0
399,400,2500000000,Tebet,Jakarta Selatan,10,4,1,130.0,250.0
400,401,11000000000,Tebet,Jakarta Selatan,4,4,0,315.0,380.0
401,402,13000000000,Tebet,Jakarta Selatan,5,6,3,318.0,250.0
402,403,5600000000,Green Lake City,Jakarta Barat,4,4,3,180.0,215.0
403,404,1550000000,Tebet,Jakarta Selatan,3,2,1,81.0,100.0
404,405,4700000000,Green Lake City,Jakarta Barat,3,3,2,197.0,250.0
405,406,15000000000,Pancoran,Jakarta Selatan,15,13,2,461.0,1300.0
406,407,2950000000,Tebet,Jakarta Selatan,4,4,2,172.0,200.0
407,408,5900000000,Tebet,Jakarta Selatan,6,4,2,224.0,250.0
408,409,8700000000,Tebet,Jakarta Selatan,6,4,1,290.0,300.0
409,410,7000000000,Sunter,Jakarta Utara,6,4,0,194.0,400.0
410,411,3000000000,Tebet,Jakarta Selatan,3,3,2,230.0,180.0
411,412,2000000000,Pondok Indah,Jakarta Selatan,3,2,2,60.0,110.0
412,413,3100000000,Green Lake City,Jakarta Barat,2,2,0,120.0,160.0
413,414,2470000000,Meruya,Jakarta Barat,3,3,0,125.0,168.0
414,415,35000000000,Menteng,Jakarta Pusat,5,2,10,689.0,312.0
415,416,5400000000,Duren Sawit,Jakarta Timur,5,3,0,441.0,496.0
416,417,1200000000,Cempaka Putih,Jakarta Pusat,3,3,1,42.0,77.0
417,418,510000000,Cempaka Putih,Jakarta Pusat,2,2,0,24.0,38.0
418,419,1880000000,Cakung,Jakarta Timur,4,3,1,102.0,75.0
419,420,6900000000,Pondok Indah,Jakarta Selatan,3,4,1,160.0,200.0
420,421,3950000000,Lebak Bulus,Jakarta Selatan,4,3,2,250.0,150.0
421,422,2800000000,Lebak Bulus,Jakarta Selatan,3,2,1,120.0,100.0
422,423,2650000000,Lebak Bulus,Jakarta Selatan,2,2,1,114.0,80.0
423,424,7500000000,Cengkareng,Jakarta Barat,6,5,0,200.0,400.0
424,425,7500000000,Citra Garden,Jakarta Barat,6,4,0,240.0,350.0
425,426,1800000000,Pantai Indah Kapuk,Jakarta Utara,2,2,0,48.0,60.0
426,427,5500000000,Tomang,Jakarta Barat,5,5,2,137.0,231.0
427,428,5300000000,Pantai Indah Kapuk 2,Jakarta Utara,4,4,2,150.0,200.0
428,429,18000000000,Pondok Indah,Jakarta Selatan,5,5,7,500.0,263.0
429,430,3300000000,Meruya,Jakarta Barat,3,3,2,120.0,198.0
430,431,3800000000,Cakung,Jakarta Timur,5,3,2,220.0,250.0
431,432,5400000000,Duren Sawit,Jakarta Timur,5,3,0,441.0,496.0
432,433,9500000000,Pluit,Jakarta Utara,8,9,2,230.0,650.0
433,434,3200000000,Jelambar,Jakarta Barat,3,3,2,102.0,268.0
434,435,1400000000,Jagakarsa,Jakarta Selatan,3,2,1,62.0,83.0
435,436,4800000000,Pantai Indah Kapuk,Jakarta Utara,6,6,2,120.0,240.0
436,437,10900000000,Lebak Bulus,Jakarta Selatan,4,3,2,446.0,500.0
437,438,3900000000,Pondok Indah,Jakarta Selatan,4,3,1,116.0,250.0
438,439,2150000000,Pantai Indah Kapuk 2,Jakarta Utara,2,1,1,56.0,81.0
439,440,3500000000,Cempaka Putih,Jakarta Pusat,4,2,2,124.0,167.0
440,441,2650000000,Tanjung Duren,Jakarta Barat,4,4,2,67.0,120.0
441,442,9500000000,Lebak Bulus,Jakarta Selatan,1,1,4,390.0,60.0
442,443,30000000000,Tebet,Jakarta Selatan,11,7,2,448.0,725.0
443,444,12900000000,Pantai Indah Kapuk,Jakarta Utara,5,5,2,324.0,600.0
444,445,14000000000,Pondok Indah,Jakarta Selatan,7,8,3,384.0,850.0
445,446,6750000000,Pondok Indah,Jakarta Selatan,3,4,1,160.0,200.0
446,447,869000000,Sawah Besar,Jakarta Pusat,2,2,1,24.0,68.0
447,448,6500000000,Tebet,Jakarta Selatan,1,1,4,238.0,150.0
448,449,45000000000,Pondok Indah,Jakarta Selatan,5,5,3,620.0,1000.0
449,450,45000000000,Kemang,Jakarta Selatan,5,5,0,1100.0,1050.0
450,451,11000000000,Jagakarsa,Jakarta Selatan,5,4,10,750.0,520.0
451,452,14500000000,Kemang,Jakarta Selatan,4,4,2,425.0,450.0
452,453,5000000000,Kelapa Gading,Jakarta Utara,5,4,2,220.0,550.0
453,454,22000000000,Kebayoran Baru,Jakarta Selatan,4,4,2,518.0,360.0
454,455,2200000000,Cakung,Jakarta Timur,3,2,1,84.0,100.0
455,456,2900000000,Cakung,Jakarta Timur,3,2,1,90.0,119.0
456,457,2500000000,Cakung,Jakarta Timur,3,2,1,84.0,87.0
457,458,4700000000,Pondok Indah,Jakarta Selatan,0,0,0,120.0,120.0
458,459,7200000000,Pondok Indah,Jakarta Selatan,4,3,1,200.0,250.0
459,460,4800000000,Pondok Indah,Jakarta Selatan,3,3,2,116.0,225.0
460,461,5200000000,Citra Garden,Jakarta Barat,6,6,0,200.0,465.0
461,462,11500000000,Pondok Indah,Jakarta Selatan,7,6,3,260.0,310.0
462,463,8500000000,Pantai Indah Kapuk,Jakarta Utara,3,3,0,180.0,350.0
463,464,6700000000,Kelapa Gading,Jakarta Utara,5,3,1,233.0,400.0
464,465,15500000000,Kelapa Gading,Jakarta Utara,6,4,0,552.0,1311.0
465,466,3900000000,Sunter,Jakarta Utara,4,3,1,96.0,220.0
466,467,5550000000,Sunter,Jakarta Utara,4,4,1,205.0,270.0
467,468,3390000000,Sunter,Jakarta Utara,4,3,2,90.0,200.0
468,469,29900000000,Kemang,Jakarta Selatan,3,3,15,973.0,1148.0
469,470,10500000000,Lebak Bulus,Jakarta Selatan,5,4,2,598.0,450.0
470,471,2900000000,Intercon,Jakarta Barat,2,1,1,117.0,117.0
471,472,14000000000,Pondok Indah,Jakarta Selatan,3,3,2,403.0,450.0
472,473,27000000000,Kebayoran Baru,Jakarta Selatan,6,4,0,855.0,500.0
473,474,8400000000,Pantai Indah Kapuk,Jakarta Utara,4,4,0,250.0,300.0
474,475,7000000000,Tomang,Jakarta Barat,5,3,0,239.0,350.0
475,476,7450000000,Pantai Indah Kapuk,Jakarta Utara,4,4,1,136.0,136.0
476,477,6500000000,Rawamangun,Jakarta Timur,4,2,0,390.0,380.0
477,478,16000000000,Tebet,Jakarta Selatan,5,4,0,502.0,350.0
478,479,13500000000,Tebet,Jakarta Selatan,5,5,0,496.0,466.0
479,480,16900000000,Kemang,Jakarta Selatan,0,0,0,900.0,900.0
480,481,4950000000,Kemang,Jakarta Selatan,3,3,0,126.0,256.0
481,482,11400000000,Kemayoran,Jakarta Pusat,0,0,0,549.0,880.0
482,483,13500000000,Pantai Indah Kapuk 2,Jakarta Utara,4,4,2,250.0,500.0
483,484,2200000000,Ancol,Jakarta Utara,4,4,1,120.0,200.0
484,485,2980000000,Pantai Indah Kapuk,Jakarta Utara,2,2,1,77.0,90.0
485,486,7500000000,Cilandak,Jakarta Selatan,4,4,2,297.0,400.0
486,487,4400000000,Kelapa Gading,Jakarta Utara,4,3,1,153.0,216.0
487,488,1400000000,Pantai Indah Kapuk 2,Jakarta Utara,2,2,1,45.0,62.0
488,489,2700000000,Sunter,Jakarta Utara,3,2,1,108.0,110.0
489,490,2100000000,Jakarta Garden City,Jakarta Timur,4,3,0,90.0,63.0
490,491,1400000000,Kebon Jeruk,Jakarta Barat,3,1,0,100.0,106.0
491,492,4990000000,Meruya,Jakarta Barat,4,3,2,200.0,300.0
492,493,2690000000,Meruya,Jakarta Barat,3,3,1,100.0,168.0
493,494,4990000000,Joglo,Jakarta Barat,4,3,2,200.0,300.0
494,495,4990000000,Joglo,Jakarta Barat,4,3,2,200.0,300.0
495,496,2690000000,Joglo,Jakarta Barat,3,3,1,100.0,170.0
496,497,6250000000,Pondok Indah,Jakarta Selatan,4,3,1,122.0,200.0
497,498,1450000000,Green Lake City,Jakarta Barat,2,2,1,60.0,87.0
498,499,26000000000,Pantai Indah Kapuk,Jakarta Utara,4,5,0,686.0,473.0
499,500,12900000000,Pantai Indah Kapuk,Jakarta Utara,4,4,0,324.0,550.0
500,501,1680000000,Citra Garden,Jakarta Barat,2,2,1,60.0,75.0
501,502,2900000000,Jagakarsa,Jakarta Selatan,4,4,2,155.0,200.0
502,503,9900000000,Sunter,Jakarta Utara,5,6,3,180.0,330.0
503,504,2100000000,Kelapa Gading,Jakarta Utara,4,3,0,140.0,150.0
504,505,1950000000,Kelapa Gading,Jakarta Utara,4,2,1,147.0,100.0
505,506,9500000000,Mangga Besar,Jakarta Barat,5,4,2,403.0,500.0
506,507,2990000000,Duri Kepa,Jakarta Barat,4,3,2,114.0,200.0
507,508,25800000000,Kemang,Jakarta Selatan,16,3,1,1493.0,1374.0
508,509,5100000000,Kebayoran Baru,Jakarta Selatan,4,3,2,162.0,200.0
509,510,6000000000,Joglo,Jakarta Barat,4,3,2,200.0,350.0
510,511,5500000000,Kembangan,Jakarta Barat,4,4,1,260.0,350.0
511,512,912000000,Kramat,Jakarta Pusat,3,2,1,27.0,79.0
512,513,11500000000,Golf Island,Jakarta Utara,4,4,0,300.0,300.0
513,514,3800000000,Lebak Bulus,Jakarta Selatan,5,5,2,90.0,149.0
514,515,998000000,Cilandak,Jakarta Selatan,2,2,1,32.0,64.0
515,516,3900000000,Jagakarsa,Jakarta Selatan,4,4,4,170.0,206.0
516,517,2950000000,Tebet,Jakarta Selatan,4,3,1,130.0,215.0
517,518,3200000000,Green Lake City,Jakarta Barat,3,3,0,144.0,160.0
518,519,2000000000,Green Lake City,Jakarta Barat,3,2,0,90.0,127.0
519,520,2300000000,Green Lake City,Jakarta Barat,3,3,0,90.0,127.0
520,521,13000000000,Kebayoran Baru,Jakarta Selatan,5,4,1,385.0,300.0
521,522,2300000000,Jelambar,Jakarta Barat,4,3,1,52.0,108.0
522,523,2900000000,Jelambar,Jakarta Barat,3,2,1,100.0,278.0
523,524,68000000000,Pondok Indah,Jakarta Selatan,8,7,6,1050.0,1600.0
524,525,3500000000,Jelambar,Jakarta Barat,5,6,2,75.0,175.0
525,526,54000000000,Permata Hijau,Jakarta Selatan,6,8,5,1200.0,1050.0
526,527,8800000000,Pondok Indah,Jakarta Selatan,5,6,1,120.0,280.0
527,528,2200000000,Green Lake City,Jakarta Barat,3,2,2,90.0,105.0
528,529,2500000000,Green Lake City,Jakarta Barat,3,2,3,105.0,120.0
529,530,3500000000,Green Lake City,Jakarta Barat,4,3,2,108.0,150.0
530,531,4600000000,Daan Mogot,Jakarta Barat,2,2,3,175.0,210.0
531,532,4700000000,Lebak Bulus,Jakarta Selatan,4,3,0,225.0,350.0
532,533,2450000000,Raffles Hills,Jakarta Timur,3,3,1,120.0,160.0
533,534,6000000000,Pondok Labu,Jakarta Selatan,5,3,1,177.0,194.0
534,535,300000000,Rawamangun,Jakarta Timur,2,1,0,37.0,25.0
535,536,9000000000,Rawamangun,Jakarta Timur,2,2,2,470.0,256.0
536,537,6200000000,Pantai Indah Kapuk,Jakarta Utara,6,4,0,200.0,400.0
537,538,2550000000,Jagakarsa,Jakarta Selatan,5,2,0,123.0,160.0
538,539,2550000000,Jagakarsa,Jakarta Selatan,3,2,0,181.0,171.0
539,540,21000000000,Pondok Indah,Jakarta Selatan,4,4,2,316.0,500.0
540,541,7250000000,Pantai Indah Kapuk,Jakarta Utara,5,4,0,270.0,575.0
541,542,2550000000,Cilandak,Jakarta Selatan,5,2,0,123.0,160.0
542,543,2770000000,Green Lake City,Jakarta Barat,3,3,0,277.0,132.0
543,544,380000000,Cakung,Jakarta Timur,2,1,0,56.0,40.0
544,545,455000000,Johar Baru,Jakarta Pusat,2,2,0,21.0,40.0
545,546,1900000000,Jagakarsa,Jakarta Selatan,4,4,0,82.0,135.0
546,547,500000000,Ciracas,Jakarta Timur,2,2,0,34.0,68.0
547,548,4980000000,Cilandak,Jakarta Selatan,4,5,0,226.0,178.0
548,549,810000000,Green Lake City,Jakarta Barat,2,1,0,60.0,45.0
549,550,1580000000,Cempaka Putih,Jakarta Pusat,3,3,1,45.0,78.0
550,551,1300000000,Cempaka Putih,Jakarta Pusat,2,2,1,42.0,48.0
551,552,2550000000,Cilandak,Jakarta Selatan,3,4,0,84.0,119.0
552,553,1700000000,Kemayoran,Jakarta Pusat,4,3,1,56.0,164.0
553,554,5500000000,Cilandak,Jakarta Selatan,4,3,0,272.0,155.0
554,555,6080000000,Cilandak,Jakarta Selatan,4,3,0,263.0,350.0
555,556,7520000000,Cilandak,Jakarta Selatan,4,2,0,263.0,300.0
556,557,5530000000,Ciracas,Jakarta Timur,7,6,0,260.0,285.0
557,558,2770000000,Jagakarsa,Jakarta Selatan,2,3,0,60.0,53.0
558,559,440000000,Cakung,Jakarta Timur,3,1,0,60.0,50.0
559,560,1050000000,Green Lake City,Jakarta Barat,2,1,0,102.0,84.0
560,561,12500000000,Kelapa Gading,Jakarta Utara,7,6,2,304.0,500.0
561,562,3320000000,Citra Garden,Jakarta Barat,4,4,0,197.0,300.0
562,563,48000000000,Menteng,Jakarta Pusat,5,5,2,611.0,900.0
563,564,6080000000,Jagakarsa,Jakarta Selatan,4,3,0,263.0,350.0
564,565,2890000000,Kelapa Gading,Jakarta Utara,4,2,0,120.0,130.0
565,566,23000000000,Tebet,Jakarta Selatan,4,3,6,477.0,300.0
566,567,23000000000,Intercon,Jakarta Barat,2,2,3,727.0,700.0
567,568,28900000000,Pondok Indah,Jakarta Selatan,4,2,2,756.0,445.0
568,569,19000000000,Pantai Indah Kapuk,Jakarta Utara,0,0,0,537.0,450.0
569,570,13000000000,Pantai Indah Kapuk,Jakarta Utara,4,3,3,473.0,375.0
570,571,17500000000,Gandaria,Jakarta Selatan,5,5,2,685.0,257.0
571,572,17500000000,Jakarta Garden City,Jakarta Timur,6,5,2,685.0,257.0
572,573,12000000000,Kedoya,Jakarta Barat,4,3,0,523.0,850.0
573,574,17500000000,Pantai Mutiara,Jakarta Utara,4,4,3,540.0,468.0
574,575,25000000000,Pejaten,Jakarta Selatan,9,7,0,600.0,730.0
575,576,28000000000,Pasar Minggu,Jakarta Selatan,8,10,2,600.0,730.0
576,577,5550000000,Sunter,Jakarta Utara,0,0,0,300.0,320.0
577,578,370000000000,Kebagusan,Jakarta Selatan,4,3,2,17714.0,6800.0
578,579,4200000000,Sunter,Jakarta Utara,3,3,0,236.0,250.0
579,580,2950000000,Pantai Indah Kapuk 2,Jakarta Utara,4,3,1,72.0,98.0
580,581,18900000000,Pondok Indah,Jakarta Selatan,4,3,2,470.0,400.0
581,582,3000000000,Penjaringan,Jakarta Utara,2,2,1,77.0,120.0
582,583,48000000000,Kedoya,Jakarta Barat,4,5,3,1573.0,1500.0
583,584,5900000000,Cibubur,Jakarta Timur,5,4,0,500.0,300.0
584,585,5800000000,Muara Karang,Jakarta Utara,4,3,2,200.0,300.0
585,586,6500000000,Johar Baru,Jakarta Pusat,5,3,1,307.0,250.0
586,587,28500000000,Pondok Indah,Jakarta Selatan,4,4,4,750.0,630.0
587,588,5600000000,Sunter,Jakarta Utara,4,3,0,250.0,350.0
588,589,13000000000,Cipete,Jakarta Selatan,5,3,1,692.0,407.0
589,590,24900000000,Kebayoran Baru,Jakarta Selatan,5,4,2,343.0,300.0
590,591,23500000000,Pondok Indah,Jakarta Selatan,6,4,0,644.0,442.0
591,592,5650000000,Kelapa Gading,Jakarta Utara,4,3,2,180.0,180.0
592,593,5200000000,Kelapa Gading,Jakarta Utara,4,3,1,184.0,250.0
593,594,5550000000,Sunter,Jakarta Utara,4,2,2,300.0,374.0
594,595,5700000000,Pondok Indah,Jakarta Selatan,3,3,1,250.0,180.0
595,596,5500000000,Kelapa Gading,Jakarta Utara,3,4,2,153.0,167.0
596,597,23000000000,Kemang,Jakarta Selatan,9,4,7,1050.0,800.0
597,598,1300000000,Cinere,Jakarta Selatan,3,2,2,60.0,75.0
598,599,1250000000,Lebak Bulus,Jakarta Selatan,3,2,2,89.0,80.0
599,600,1900000000,Lebak Bulus,Jakarta Selatan,3,2,2,72.0,94.0
600,601,2300000000,Lebak Bulus,Jakarta Selatan,4,2,3,90.0,134.0
601,602,1750000000,Citra Garden,Jakarta Barat,2,1,1,96.0,77.0
602,603,8000000000,Pantai Indah Kapuk,Jakarta Utara,4,4,1,150.0,150.0
603,604,7500000000,Pantai Indah Kapuk,Jakarta Utara,4,4,1,136.0,136.0
604,605,2150000000,Green Lake City,Jakarta Barat,4,2,1,90.0,132.0
605,606,998000000,Cakung,Jakarta Timur,3,3,2,50.0,57.0
606,607,3400000000,Cakung,Jakarta Timur,4,4,1,112.0,156.0
607,608,50000000000,Pantai Indah Kapuk,Jakarta Utara,4,4,2,600.0,1300.0
608,609,9500000000,Pantai Indah Kapuk,Jakarta Utara,4,3,2,136.0,160.0
609,610,18000000000,Pantai Indah Kapuk,Jakarta Utara,4,3,2,453.0,800.0
610,611,10500000000,Pantai Indah Kapuk 2,Jakarta Utara,4,5,2,250.0,280.0
611,612,10500000000,Pantai Indah Kapuk,Jakarta Utara,4,4,2,201.0,375.0
612,613,7700000000,Pantai Indah Kapuk 2,Jakarta Utara,4,3,1,200.0,220.0
613,614,13500000000,Pantai Indah Kapuk 2,Jakarta Utara,4,4,1,250.0,300.0
614,615,9200000000,Pantai Indah Kapuk,Jakarta Utara,3,3,1,192.0,220.0
615,616,18500000000,Pantai Indah Kapuk,Jakarta Utara,5,5,2,313.0,1000.0
616,617,2100000000,Duren Sawit,Jakarta Timur,4,4,2,91.0,110.0
617,618,762000000,Sunter,Jakarta Utara,2,2,1,33.0,56.0
618,619,1500000000,Kelapa Gading,Jakarta Utara,4,2,1,75.0,98.0
619,620,5900000000,Pondok Indah,Jakarta Selatan,3,3,1,250.0,180.0
620,621,5500000000,Pluit,Jakarta Utara,4,3,1,250.0,370.0
621,622,18000000000,Kebayoran Baru,Jakarta Selatan,4,4,8,899.0,467.0
622,623,5000000000,Sunter,Jakarta Utara,5,2,0,200.0,220.0
623,624,2500000000,Sunter,Jakarta Utara,3,2,0,84.0,100.0
624,625,5600000000,Sunter,Jakarta Utara,4,3,0,250.0,300.0
625,626,9000000000,Golf Island,Jakarta Utara,3,3,2,250.0,300.0
626,627,2900000000,Golf Island,Jakarta Utara,3,3,0,90.0,90.0
627,628,7400000000,Pantai Indah Kapuk,Jakarta Utara,4,4,0,120.0,300.0
628,629,9250000000,Pantai Indah Kapuk 2,Jakarta Utara,4,4,0,250.0,340.0
629,630,18000000000,Pantai Indah Kapuk,Jakarta Utara,6,7,0,525.0,820.0
630,631,2150000000,Green Lake City,Jakarta Barat,3,2,1,90.0,132.0
631,632,6950000000,Tebet,Jakarta Selatan,3,7,2,211.0,229.0
632,633,7300000000,Permata Buana,Jakarta Barat,3,3,2,294.0,300.0
633,634,2650000000,Jagakarsa,Jakarta Selatan,4,3,2,93.0,160.0
634,635,29000000000,Kebayoran Baru,Jakarta Selatan,5,5,2,372.0,700.0
635,636,4700000000,Lebak Bulus,Jakarta Selatan,4,3,1,184.0,332.0
636,637,1100000000,Cibubur,Jakarta Timur,3,2,2,90.0,67.0
637,638,8300000000,Pondok Indah,Jakarta Selatan,3,2,1,188.0,254.0
638,639,7800000000,Fatmawati,Jakarta Selatan,7,5,5,348.0,325.0
639,640,3400000000,Kelapa Gading,Jakarta Utara,3,4,2,102.0,200.0
640,641,120000000000,Pondok Indah,Jakarta Selatan,4,5,4,1025.0,2100.0
641,642,48000000000,Pondok Indah,Jakarta Selatan,5,7,4,650.0,600.0
642,643,4000000000,Tebet,Jakarta Selatan,5,4,1,164.0,260.0
643,644,3200000000,Tebet,Jakarta Selatan,6,3,1,135.0,130.0
644,645,499000000,Cempaka Putih,Jakarta Pusat,2,2,0,21.0,36.0
645,646,1580000000,Cempaka Putih,Jakarta Pusat,3,3,1,45.0,78.0
646,647,3050000000,Jakarta Garden City,Jakarta Timur,4,3,2,126.0,146.0
647,648,1380000000,Jakarta Garden City,Jakarta Timur,4,2,2,90.0,63.0
648,649,15000000000,Permata Buana,Jakarta Barat,5,4,2,200.0,450.0
649,650,13000000000,Pantai Indah Kapuk,Jakarta Utara,4,4,0,260.0,600.0
650,651,3100000000,Pantai Indah Kapuk 2,Jakarta Utara,3,2,2,90.0,106.0
651,652,6950000000,Pondok Indah,Jakarta Selatan,3,2,1,200.0,139.0
652,653,7800000000,Tamansari,Jakarta Barat,7,5,2,209.0,325.0
653,654,3500000000,Sunter,Jakarta Utara,3,2,0,90.0,150.0
654,655,18500000000,Kebayoran Baru,Jakarta Selatan,1,4,1,260.0,245.0
655,656,3250000000,Sunter,Jakarta Utara,4,3,0,66.0,130.0
656,657,9000000000,Sunter,Jakarta Utara,4,2,2,413.0,458.0
657,658,5600000000,Sunter,Jakarta Utara,3,2,1,304.0,378.0
658,659,8000000000,Sunter,Jakarta Utara,5,4,2,419.0,500.0
659,660,1700000000,Cempaka Putih,Jakarta Pusat,3,3,0,70.0,100.0
660,661,850000000,Cempaka Putih,Jakarta Pusat,3,3,1,25.0,70.0
661,662,475000000,Cempaka Putih,Jakarta Pusat,2,2,1,22.0,50.0
662,663,1300000000,Pejaten,Jakarta Selatan,2,2,1,45.0,72.0
663,664,700000000,Sunter,Jakarta Utara,2,2,1,32.0,55.0
664,665,1220000000,Pasar Minggu,Jakarta Selatan,3,3,1,54.0,81.0
665,666,1400000000,Jatiwaringin,Jakarta Timur,4,4,2,105.0,140.0
666,667,1650000000,Kemayoran,Jakarta Pusat,3,3,1,56.0,164.0
667,668,1360000000,Cempaka Putih,Jakarta Pusat,3,3,1,42.0,77.0
668,669,1550000000,Gambir,Jakarta Pusat,3,2,1,38.0,63.0
669,670,17500000000,Rawamangun,Jakarta Timur,5,2,5,677.0,614.0
670,671,54000000000,Menteng,Jakarta Pusat,4,4,2,639.0,500.0
671,672,67000000000,Kemang,Jakarta Selatan,1,1,20,5555.0,1000.0
672,673,22000000000,Kemang,Jakarta Selatan,5,5,0,854.0,650.0
673,674,38000000000,Kemang,Jakarta Selatan,6,6,3,517.0,760.0
674,675,30000000000,Kebayoran Baru,Jakarta Selatan,6,4,5,703.0,500.0
675,676,17000000000,Kemang,Jakarta Selatan,4,3,2,986.0,500.0
676,677,4400000000,Cilandak,Jakarta Selatan,5,5,2,207.0,270.0
677,678,32000000000,Pondok Indah,Jakarta Selatan,5,6,2,583.0,800.0
678,679,47000000000,Pondok Indah,Jakarta Selatan,6,6,6,1229.0,852.0
679,680,15000000000,Kebayoran Baru,Jakarta Selatan,5,3,1,244.0,250.0
680,681,21000000000,Kebayoran Lama,Jakarta Selatan,7,2,0,1020.0,600.0
681,682,1990000000,Metland Puri,Jakarta Barat,3,3,0,74.0,102.0
682,683,2990000000,Metland Puri,Jakarta Barat,3,2,0,82.0,198.0
683,684,2800000000,Metland Puri,Jakarta Barat,3,3,0,96.0,99.0
684,685,185000000,Cakung,Jakarta Timur,2,1,1,27.0,60.0
685,686,28000000000,Kemang,Jakarta Selatan,5,4,4,1000.0,1400.0
686,687,5800000000,Sunter,Jakarta Utara,4,2,1,126.0,216.0
687,688,4000000000,Pantai Indah Kapuk,Jakarta Utara,3,3,1,120.0,150.0
688,689,2350000000,Sunter,Jakarta Utara,4,3,2,140.0,162.0
689,690,5100000000,Sunter,Jakarta Utara,4,3,0,200.0,375.0
690,691,4650000000,Sunter,Jakarta Utara,5,3,1,180.0,290.0
691,692,8000000000,Pantai Indah Kapuk 2,Jakarta Utara,4,3,2,200.0,274.0
692,693,23000000000,Pondok Indah,Jakarta Selatan,4,3,1,316.0,519.0
693,694,9000000000,Kemang,Jakarta Selatan,4,3,2,420.0,500.0
694,695,27000000000,Cipete,Jakarta Selatan,4,4,2,1090.0,500.0
695,696,15000000000,Kelapa Gading,Jakarta Utara,6,4,3,736.0,400.0
696,697,1000000000,Cakung,Jakarta Timur,2,1,1,104.0,70.0
697,698,5000000000,Pantai Indah Kapuk 2,Jakarta Utara,3,2,1,137.0,120.0
698,699,987000000,Cinere,Jakarta Selatan,4,3,2,72.0,125.0
699,700,11900000000,Jagakarsa,Jakarta Selatan,5,6,2,514.0,650.0
700,701,12500000000,Kebayoran Baru,Jakarta Selatan,5,5,1,200.0,400.0
701,702,24000000000,Pondok Indah,Jakarta Selatan,5,4,2,572.0,559.0
702,703,6000000000,Kelapa Gading,Jakarta Utara,4,3,0,253.0,217.0
703,704,25300000000,Sunter,Jakarta Utara,0,0,0,1150.0,3000.0
704,705,2400000000,Sunter,Jakarta Utara,4,4,0,90.0,120.0
705,706,4800000000,Sunter,Jakarta Utara,5,5,2,119.0,252.0
706,707,1970000000,Tebet,Jakarta Selatan,3,2,1,98.0,100.0
707,708,3200000000,Tebet,Jakarta Selatan,4,4,0,133.0,250.0
708,709,3400000000,Tebet,Jakarta Selatan,6,4,1,178.0,200.0
709,710,9500000000,Sunter,Jakarta Utara,5,3,0,390.0,422.0
710,711,28900000000,Pondok Indah,Jakarta Selatan,4,4,0,756.0,445.0
711,712,3500000000,Jelambar,Jakarta Barat,5,6,1,75.0,178.0
712,713,1400000000,Jelambar,Jakarta Barat,3,2,1,54.0,100.0
713,714,8500000000,Jelambar,Jakarta Barat,5,6,4,378.0,1278.0
714,715,3800000000,Meruya,Jakarta Barat,4,4,2,250.0,500.0
715,716,8500000000,Jelambar,Jakarta Barat,4,3,1,374.0,900.0
716,717,479000000,Percetakan Negara,Jakarta Pusat,2,2,0,21.0,40.0
717,718,2900000000,Tebet,Jakarta Selatan,4,3,2,86.0,120.0
718,719,8900000000,Pantai Indah Kapuk,Jakarta Utara,4,3,2,136.0,400.0
719,720,2650000000,Tanjung Duren,Jakarta Barat,4,4,2,67.0,185.0
720,721,1600000000,Menteng,Jakarta Pusat,2,1,1,95.0,80.0
721,722,30000000000,Menteng,Jakarta Pusat,12,7,1,448.0,200.0
722,723,11500000000,Pantai Indah Kapuk,Jakarta Utara,5,5,0,180.0,500.0
723,724,10800000000,Pantai Indah Kapuk,Jakarta Utara,3,2,0,230.0,450.0
724,725,20000000000,Pantai Indah Kapuk,Jakarta Utara,5,4,0,450.0,800.0
725,726,18000000000,Pantai Indah Kapuk,Jakarta Utara,5,6,1,312.0,1050.0
726,727,13500000000,Pantai Indah Kapuk,Jakarta Utara,4,4,0,250.0,450.0
727,728,10000000000,Pantai Indah Kapuk,Jakarta Utara,3,3,2,201.0,445.0
728,729,50000000000,Pantai Indah Kapuk,Jakarta Utara,4,5,1,600.0,1200.0
729,730,36000000000,Pantai Indah Kapuk,Jakarta Utara,6,6,0,450.0,1100.0
730,731,10000000000,Pantai Indah Kapuk,Jakarta Utara,3,3,0,201.0,445.0
731,732,20000000000,Cilandak,Jakarta Selatan,4,3,2,786.0,500.0
732,733,4900000000,Sektor 2 - Bintaro,Jakarta Selatan,4,2,2,250.0,310.0
733,734,1550000000,Cibubur,Jakarta Timur,3,3,2,89.0,130.0
734,735,15800000000,Pondok Indah,Jakarta Selatan,4,5,2,305.0,450.0
735,736,235000000000,Pondok Indah,Jakarta Selatan,13,9,10,4190.0,1840.0
736,737,11500000000,Lebak Bulus,Jakarta Selatan,4,3,2,446.0,500.0
737,738,15500000000,Tebet,Jakarta Selatan,1,1,4,675.0,350.0
738,739,6500000000,Pantai Indah Kapuk 2,Jakarta Utara,3,3,2,200.0,300.0
739,740,25000000000,Pondok Indah,Jakarta Selatan,5,5,3,489.0,654.0
740,741,885000000,Cipayung,Jakarta Timur,3,2,1,44.0,80.0
741,742,2900000000,Jagakarsa,Jakarta Selatan,5,6,0,98.0,220.0
742,743,600000000,Jagakarsa,Jakarta Selatan,3,2,1,50.0,60.0
743,744,7500000000,Tebet,Jakarta Selatan,6,6,3,400.0,500.0
744,745,2600000000,Muara Karang,Jakarta Utara,3,3,1,60.0,200.0
745,746,1000000000,Duren Sawit,Jakarta Timur,5,4,1,163.0,210.0
746,747,4800000000,Permata Buana,Jakarta Barat,4,3,1,144.0,185.0
747,748,3500000000,Jelambar,Jakarta Barat,4,3,2,154.0,178.0
748,749,1580000000,Cempaka Putih,Jakarta Pusat,3,3,1,45.0,78.0
749,750,2230000000,Bambu Apus,Jakarta Timur,3,3,2,90.0,110.0
750,751,5900000000,Pantai Indah Kapuk,Jakarta Utara,3,3,1,136.0,170.0
751,752,5000000000,Pluit,Jakarta Utara,4,5,1,117.0,400.0
752,753,7000000000,Muara Karang,Jakarta Utara,3,3,1,160.0,300.0
753,754,18000000000,Pantai Indah Kapuk,Jakarta Utara,6,6,2,312.0,1000.0
754,755,50000000000,Pantai Indah Kapuk,Jakarta Utara,4,4,2,600.0,1300.0
755,756,8500000000,Cempaka Putih,Jakarta Pusat,4,3,1,183.0,427.0
756,757,41000000000,Kebayoran Baru,Jakarta Selatan,4,4,2,403.0,925.0
757,758,2350000000,Citra Garden,Jakarta Barat,3,3,1,168.0,120.0
758,759,2950000000,Tebet,Jakarta Selatan,4,4,2,172.0,200.0
759,760,1970000000,Tebet,Jakarta Selatan,3,2,0,98.0,100.0
760,761,3600000000,Cengkareng,Jakarta Barat,3,2,1,320.0,240.0
761,762,1520000000,Bambu Apus,Jakarta Timur,3,2,2,71.0,98.0
762,763,3900000000,Tebet,Jakarta Selatan,9,5,1,126.0,250.0
763,764,9500000000,Tebet,Jakarta Selatan,5,4,2,264.0,350.0
764,765,4790000000,Tebet,Jakarta Selatan,3,2,0,180.0,210.0
765,766,2350000000,Green Lake City,Jakarta Barat,3,2,2,168.0,120.0
766,767,5800000000,Tanjung Duren,Jakarta Barat,38,22,2,189.0,500.0
767,768,1850000000,Citra Garden,Jakarta Barat,4,3,1,128.0,150.0
768,769,7500000000,Pantai Indah Kapuk 2,Jakarta Utara,3,3,2,200.0,200.0
769,770,1950000000,Joglo,Jakarta Barat,3,3,1,72.0,140.0
770,771,8900000000,Tebet,Jakarta Selatan,3,2,2,332.0,300.0
771,772,8800000000,Tebet,Jakarta Selatan,5,4,2,248.0,327.0
772,773,8900000000,Tebet,Jakarta Selatan,3,2,2,392.0,240.0
773,774,5700000000,Tebet,Jakarta Selatan,5,3,2,174.0,180.0
774,775,2800000000,Sunter,Jakarta Utara,3,2,2,125.0,120.0
775,776,20400000000,Cilandak,Jakarta Selatan,5,5,3,930.0,453.0
776,777,18000000000,Kebayoran Baru,Jakarta Selatan,4,4,0,899.0,467.0
777,778,14900000000,Pondok Indah,Jakarta Selatan,5,5,0,240.0,400.0
778,779,25500000000,Pantai Indah Kapuk,Jakarta Utara,4,5,1,510.0,576.0
779,780,1550000000,Cengkareng,Jakarta Barat,3,3,1,75.0,100.0
780,781,45000000000,Pondok Indah,Jakarta Selatan,4,3,0,914.0,700.0
781,782,3500000000,Jakarta Garden City,Jakarta Timur,5,5,1,204.0,117.0
782,783,12000000000,Kebayoran Baru,Jakarta Selatan,4,3,2,238.0,250.0
783,784,2740000000,Palmerah,Jakarta Barat,1,1,0,176.0,103.0
784,785,910000000,Cilincing,Jakarta Utara,1,1,0,162.0,124.0
785,786,1470000000,Jagakarsa,Jakarta Selatan,1,1,0,200.0,300.0
786,787,7800000000,Tanjung Duren,Jakarta Barat,5,5,2,298.0,298.0
787,788,4200000000,Sunter,Jakarta Utara,4,4,0,144.0,250.0
788,789,2800000000,Rawamangun,Jakarta Timur,4,4,0,75.0,260.0
789,790,7500000000,Lebak Bulus,Jakarta Selatan,4,3,0,315.0,320.0
790,791,2800000000,Kelapa Gading,Jakarta Utara,3,2,0,136.0,150.0
791,792,3500000000,Kalideres,Jakarta Barat,3,3,2,180.0,150.0
792,793,39000000000,Pantai Indah Kapuk,Jakarta Utara,6,8,0,578.0,1200.0
793,794,2500000000,Puri Indah,Jakarta Barat,3,3,2,105.0,140.0
794,795,15900000000,Pantai Indah Kapuk,Jakarta Utara,4,0,2,300.0,475.0
795,796,4700000000,Sunter,Jakarta Utara,4,4,0,195.0,275.0
796,797,3700000000,Jagakarsa,Jakarta Selatan,5,4,2,104.0,260.0
797,798,8500000000,Cempaka Putih,Jakarta Pusat,4,3,1,183.0,427.0
798,799,1750000000,Pantai Indah Kapuk 2,Jakarta Utara,2,2,2,57.0,76.0
799,800,21500000000,Pondok Indah,Jakarta Selatan,4,5,2,412.0,500.0
800,801,7000000000,Lebak Bulus,Jakarta Selatan,4,5,3,233.0,380.0
801,802,2900000000,Jagakarsa,Jakarta Selatan,5,5,2,366.0,250.0
802,803,1580000000,Cempaka Putih,Jakarta Pusat,3,3,1,45.0,78.0
803,804,4800000000,Pantai Indah Kapuk,Jakarta Utara,3,3,1,120.0,160.0
804,805,3500000000,Taman Kencana,Jakarta Barat,0,0,0,200.0,200.0
805,806,6000000000,Cilandak,Jakarta Selatan,4,3,2,184.0,250.0
806,807,3100000000,Kelapa Gading,Jakarta Utara,4,3,2,180.0,300.0
807,808,12500000000,Cipete,Jakarta Selatan,4,3,2,625.0,250.0
808,809,8250000000,Muara Karang,Jakarta Utara,5,4,2,360.0,500.0
809,810,3500000000,Muara Karang,Jakarta Utara,3,1,1,120.0,200.0
810,811,5500000000,Pluit,Jakarta Utara,3,2,2,200.0,300.0
811,812,4300000000,Muara Karang,Jakarta Utara,3,3,1,160.0,250.0
812,813,11000000000,Pluit,Jakarta Utara,4,4,3,220.0,500.0
813,814,2600000000,Muara Karang,Jakarta Utara,3,4,1,60.0,200.0
814,815,1680000000,Muara Karang,Jakarta Utara,3,4,1,51.0,126.0
815,816,3000000000,Pantai Indah Kapuk,Jakarta Utara,2,2,1,77.0,100.0
816,817,14000000000,Cilandak,Jakarta Selatan,6,6,5,590.0,350.0
817,818,7700000000,Cipete,Jakarta Selatan,6,5,2,484.0,537.0
818,819,6300000000,Pondok Indah,Jakarta Selatan,3,2,1,198.0,150.0
819,820,7500000000,Kalimalang,Jakarta Timur,3,3,0,228.0,228.0
820,821,3500000000,Sunter,Jakarta Utara,3,2,0,96.0,175.0
821,822,4400000000,Sunter,Jakarta Utara,6,4,0,200.0,460.0
822,823,3200000000,Duren Sawit,Jakarta Timur,3,3,2,125.0,190.0
823,824,9000000000,Cinere,Jakarta Selatan,4,3,4,715.0,350.0
824,825,2300000000,Green Lake City,Jakarta Barat,3,2,2,96.0,120.0
825,826,2680000000,Meruya,Jakarta Barat,3,3,2,150.0,120.0
826,827,3100000000,Green Lake City,Jakarta Barat,3,2,3,108.0,180.0
827,828,1450000000,Green Lake City,Jakarta Barat,2,1,1,60.0,87.0
828,829,850000000,Jagakarsa,Jakarta Selatan,3,3,1,38.0,80.0
829,830,2600000000,Green Lake City,Jakarta Barat,3,3,2,90.0,125.0
830,831,4680000000,Green Lake City,Jakarta Barat,3,3,3,197.0,250.0
831,832,2850000000,Jagakarsa,Jakarta Selatan,4,4,1,96.0,260.0
832,833,1700000000,Jagakarsa,Jakarta Selatan,3,4,2,68.0,150.0
833,834,3850000000,Kelapa Gading,Jakarta Utara,4,3,3,144.0,200.0
834,835,850000000,Duren Sawit,Jakarta Timur,3,2,2,72.0,82.0
835,836,3400000000,Kelapa Gading,Jakarta Utara,3,2,2,99.0,156.0
836,837,21000000000,Pondok Indah,Jakarta Selatan,5,5,2,543.0,400.0
837,838,900000000000,Pondok Indah,Jakarta Selatan,15,10,10,10847.0,4850.0
838,839,695000000,Sawah Besar,Jakarta Pusat,2,1,1,24.0,45.0
839,840,1300000000,Meruya,Jakarta Barat,3,3,2,52.0,156.0
840,841,2000000000,Meruya,Jakarta Barat,3,3,2,124.0,130.0
841,842,1750000000,Meruya,Jakarta Barat,3,3,1,74.0,110.0
842,843,2100000000,Meruya,Jakarta Barat,4,3,2,100.0,100.0
843,844,2150000000,Meruya,Jakarta Barat,3,3,2,100.0,100.0
844,845,1500000000,Meruya,Jakarta Barat,3,3,1,51.0,80.0
845,846,2150000000,Meruya,Jakarta Barat,3,3,2,85.0,105.0
846,847,2900000000,Metland Puri,Jakarta Barat,4,3,2,122.0,122.0
847,848,2350000000,Meruya,Jakarta Barat,3,3,2,125.0,140.0
848,849,1750000000,Meruya,Jakarta Barat,3,3,2,75.0,120.0
849,850,3000000000,Metland Puri,Jakarta Barat,4,3,2,111.0,111.0
850,851,2350000000,Meruya,Jakarta Barat,3,3,2,125.0,140.0
851,852,1600000000,Cinere,Jakarta Selatan,3,3,2,150.0,100.0
852,853,1270000000,Ciracas,Jakarta Timur,3,3,1,60.0,85.0
853,854,1500000000,Citra Garden,Jakarta Barat,4,2,1,90.0,90.0
854,855,3750000000,Tebet,Jakarta Selatan,4,3,4,135.0,160.0
855,856,2500000000,Tebet,Jakarta Selatan,5,2,1,130.0,100.0
856,857,3300000000,Tebet,Jakarta Selatan,4,3,1,137.0,130.0
857,858,1550000000,Tebet,Jakarta Selatan,3,2,0,81.0,80.0
858,859,1380000000,Salemba,Jakarta Pusat,3,3,1,38.0,74.0
859,860,1400000000,Percetakan Negara,Jakarta Pusat,3,3,1,42.0,75.0
860,861,695000000,Mangga Besar,Jakarta Barat,2,1,1,24.0,45.0
861,862,869000000,Sawah Besar,Jakarta Pusat,0,3,1,24.0,68.0
862,863,700000000,Sunter,Jakarta Utara,2,2,1,32.0,55.0
863,864,3100000000,Tebet,Jakarta Selatan,3,2,1,163.0,134.0
864,865,3700000000,Tebet,Jakarta Selatan,4,4,4,135.0,170.0
865,866,2850000000,Tebet,Jakarta Selatan,3,3,1,89.0,140.0
866,867,6000000000,Tebet,Jakarta Selatan,4,3,1,222.0,222.0
867,868,6500000000,Tebet,Jakarta Selatan,6,4,1,220.0,350.0
868,869,3250000000,Tebet,Jakarta Selatan,4,3,1,143.0,160.0
869,870,5250000000,Tebet,Jakarta Selatan,5,5,2,139.0,200.0
870,871,19000000000,Kebayoran Baru,Jakarta Selatan,5,4,2,359.0,346.0
871,872,33000000000,Pondok Indah,Jakarta Selatan,6,5,2,768.0,825.0
872,873,9800000000,Tebet,Jakarta Selatan,5,3,4,480.0,300.0
873,874,5800000000,Pantai Indah Kapuk,Jakarta Utara,5,2,2,140.0,400.0
874,875,12500000000,Pantai Indah Kapuk,Jakarta Utara,4,4,2,270.0,500.0
875,876,16500000000,Kebayoran Baru,Jakarta Selatan,4,5,3,196.0,450.0
876,877,3100000000,Pantai Indah Kapuk,Jakarta Utara,2,2,1,77.0,154.0
877,878,23500000000,Pantai Indah Kapuk,Jakarta Utara,4,4,1,450.0,721.0
878,879,20900000000,Kebayoran Baru,Jakarta Selatan,4,4,2,550.0,387.0
879,880,5200000000,Sunter,Jakarta Utara,4,3,1,230.0,400.0
880,881,5200000000,Sunter,Jakarta Utara,4,3,1,230.0,400.0
881,882,9000000000,Lebak Bulus,Jakarta Selatan,3,3,2,440.0,310.0
882,883,25000000000,Pondok Indah,Jakarta Selatan,5,4,3,489.0,647.0
883,884,7390000000,Kemang,Jakarta Selatan,4,4,0,150.0,300.0
884,885,19000000000,Lebak Bulus,Jakarta Selatan,6,4,2,1000.0,600.0
885,886,18000000000,Menteng,Jakarta Pusat,4,3,2,264.0,292.0
886,887,7200000000,Kemayoran,Jakarta Pusat,4,2,0,607.0,150.0
887,888,20000000000,Kemang,Jakarta Selatan,5,6,4,850.0,600.0
888,889,28500000000,Pondok Indah,Jakarta Selatan,5,5,3,637.0,600.0
889,890,87200000000,Simprug,Jakarta Selatan,4,4,2,1026.0,1100.0
890,891,17500000000,Cipete,Jakarta Selatan,4,4,0,899.0,467.0
891,892,90000000000,Menteng,Jakarta Pusat,6,6,4,1100.0,1800.0
892,893,26500000000,Pondok Indah,Jakarta Selatan,4,3,0,430.0,800.0
893,894,50000000000,Pantai Indah Kapuk,Jakarta Utara,4,9,4,600.0,1500.0
894,895,3400000000,Pantai Indah Kapuk 2,Jakarta Utara,3,3,1,75.0,108.0
895,896,3100000000,Green Lake City,Jakarta Barat,2,2,0,120.0,160.0
896,897,19000000000,Pejaten,Jakarta Selatan,4,3,2,1400.0,600.0
897,898,3000000000,Kelapa Gading,Jakarta Utara,5,4,0,90.0,250.0
898,899,5950000000,Kelapa Gading,Jakarta Utara,5,4,0,200.0,250.0
899,900,1800000000,Kelapa Gading,Jakarta Utara,4,1,0,120.0,90.0
900,901,10000000000,Pantai Indah Kapuk,Jakarta Utara,6,5,2,300.0,550.0
901,902,5600000000,Kelapa Gading,Jakarta Utara,6,5,0,289.0,300.0
902,903,3500000000,Kelapa Gading,Jakarta Utara,5,4,0,144.0,208.0
903,904,5700000000,Pantai Indah Kapuk,Jakarta Utara,4,4,1,144.0,250.0
904,905,10500000000,Pantai Indah Kapuk,Jakarta Utara,3,3,2,201.0,445.0
905,906,5750000000,Tebet,Jakarta Selatan,4,4,0,132.0,270.0
906,907,2900000000,Rawamangun,Jakarta Timur,4,5,2,79.0,240.0
907,908,1170000000,Rawamangun,Jakarta Timur,3,3,1,30.0,80.0
908,909,2900000000,Rawamangun,Jakarta Timur,5,5,2,75.0,260.0
909,910,3250000000,Rawamangun,Jakarta Timur,4,4,2,100.0,180.0
910,911,37000000000,Menteng,Jakarta Pusat,5,3,5,537.0,363.0
911,912,1970000000,Cempaka Putih,Jakarta Pusat,3,3,1,63.0,87.0
912,913,2200000000,Sunter,Jakarta Utara,2,1,0,49.0,60.0
913,914,7000000000,Sunter,Jakarta Utara,4,4,0,150.0,354.0
914,915,1200000000,Cempaka Putih,Jakarta Pusat,2,2,1,33.0,96.0
915,916,1900000000,Cempaka Putih,Jakarta Pusat,3,3,1,63.0,126.0
916,917,5750000000,Citra Garden,Jakarta Barat,4,4,2,198.0,280.0
917,918,3600000000,Cilandak,Jakarta Selatan,3,2,1,144.0,250.0
918,919,38000000000,Kemang,Jakarta Selatan,7,7,3,517.0,760.0
919,920,8800000000,Senopati,Jakarta Selatan,4,3,3,207.0,251.0
920,921,37500000000,Pondok Indah,Jakarta Selatan,5,5,2,603.0,900.0
921,922,980000000,Duren Sawit,Jakarta Timur,2,1,0,68.0,48.0
922,923,890000000,Cipayung,Jakarta Timur,2,1,0,84.0,60.0
923,924,1790000000,Cipayung,Jakarta Timur,3,3,0,103.0,130.0
924,925,1000000000,Duren Sawit,Jakarta Timur,1,1,0,68.0,68.0
925,926,1440000000,Pondok Kelapa,Jakarta Timur,2,2,0,90.0,150.0
926,927,720000000,Kalideres,Jakarta Barat,2,1,0,60.0,45.0
927,928,980000000,Pondok Kelapa,Jakarta Timur,2,1,0,68.0,48.0
928,929,9000000000,Pluit,Jakarta Utara,5,4,2,231.0,540.0
929,930,890000000,Cibubur,Jakarta Timur,2,1,0,84.0,60.0
930,931,2600000000,Cakung,Jakarta Timur,3,3,2,148.0,156.0
931,932,1970000000,Ciracas,Jakarta Timur,4,4,2,87.0,151.0
932,933,10000000000,Pondok Indah,Jakarta Selatan,4,3,2,267.0,208.0
933,934,3000000000,Cakung,Jakarta Timur,4,3,2,126.0,146.0
934,935,1600000000,Metland Menteng,Jakarta Timur,3,2,2,102.0,65.0
935,936,40000000000,Pantai Indah Kapuk,Jakarta Utara,4,6,4,552.0,1370.0
936,937,11800000000,Pluit,Jakarta Utara,3,2,2,456.0,350.0
937,938,800000000,Cipayung,Jakarta Timur,2,2,1,53.0,54.0
938,939,2300000000,Green Lake City,Jakarta Barat,3,3,1,90.0,132.0
939,940,1600000000,Kalideres,Jakarta Barat,2,2,1,81.0,114.0
940,941,23000000000,Pakubuwono,Jakarta Selatan,4,5,2,432.0,370.0
941,942,2800000000,Kelapa Gading,Jakarta Utara,3,2,1,102.0,150.0
942,943,5200000000,Lebak Bulus,Jakarta Selatan,5,3,1,215.0,215.0
943,944,9900000000,Pondok Indah,Jakarta Selatan,4,4,1,257.0,350.0
944,945,7450000000,Permata Buana,Jakarta Barat,3,3,2,144.0,345.0
945,946,18500000000,Pondok Indah,Jakarta Selatan,5,3,4,260.0,345.0
946,947,40000000000,Pondok Indah,Jakarta Selatan,6,5,1,938.0,636.0
947,948,1100000000,Kelapa Gading,Jakarta Utara,2,2,1,60.0,84.0
948,949,4220000000,Sunter,Jakarta Utara,4,3,0,144.0,250.0
949,950,15500000000,Tebet,Jakarta Selatan,3,4,3,350.0,340.0
950,951,21000000000,Pondok Indah,Jakarta Selatan,4,4,3,411.0,500.0
951,952,3500000000,Kelapa Gading,Jakarta Utara,6,4,1,152.0,300.0
952,953,1750000000,Jagakarsa,Jakarta Selatan,2,2,1,95.0,70.0
953,954,85000000000,Kebayoran Baru,Jakarta Selatan,4,5,4,634.0,1500.0
954,955,20500000000,Cilandak,Jakarta Selatan,5,5,4,982.0,650.0
955,956,258000000,Kalideres,Jakarta Barat,3,1,0,40.0,40.0
956,957,281000000,Koja,Jakarta Utara,5,2,0,107.0,70.0
957,958,203000000,Ciracas,Jakarta Timur,2,1,0,92.0,54.0
958,959,281000000,Cakung,Jakarta Timur,2,1,0,93.0,93.0
959,960,28000000000,Kemang,Jakarta Selatan,6,4,4,1019.0,750.0
960,961,3950000000,Kelapa Gading,Jakarta Utara,8,4,0,120.0,270.0
961,962,5500000000,Tebet,Jakarta Selatan,3,3,1,135.0,200.0
962,963,2900000000,Pulo Gadung,Jakarta Timur,4,3,1,238.0,143.0
963,964,165000000000,Menteng,Jakarta Pusat,1,1,1,2033.0,500.0
964,965,11000000000,Kelapa Gading,Jakarta Utara,4,4,2,220.0,440.0
965,966,12000000000,Pantai Indah Kapuk,Jakarta Utara,3,3,2,311.0,423.0
966,967,732000000,Johar Baru,Jakarta Pusat,2,1,1,27.0,52.0
967,968,7800000000,Kav DKI,Jakarta Barat,3,3,2,444.0,400.0
968,969,11500000000,Sunter,Jakarta Utara,4,5,3,300.0,750.0
969,970,2300000000,Rawamangun,Jakarta Timur,5,3,1,274.0,230.0
970,971,2300000000,Kelapa Gading,Jakarta Utara,0,0,1,105.0,150.0
971,972,2270000000,Cakung,Jakarta Timur,3,2,2,84.0,79.0
972,973,1990000000,Kelapa Gading,Jakarta Utara,3,2,2,90.0,120.0
973,974,1250000000,Rawamangun,Jakarta Timur,3,3,1,35.0,95.0
974,975,3100000000,Kelapa Gading,Jakarta Utara,4,3,2,180.0,300.0
975,976,4100000000,Kayu Putih,Jakarta Timur,6,4,0,180.0,150.0
976,977,4000000000,Cakung,Jakarta Timur,5,5,0,126.0,146.0
977,978,3200000000,Jagakarsa,Jakarta Selatan,5,5,2,93.0,194.0
978,979,6750000000,Cilandak,Jakarta Selatan,6,6,2,170.0,380.0
979,980,35000000000,Pondok Indah,Jakarta Selatan,6,6,4,406.0,650.0
980,981,3200000000,Rawamangun,Jakarta Timur,3,2,0,155.0,200.0
981,982,4700000000,Pasar Minggu,Jakarta Selatan,3,3,0,122.0,180.0
982,983,4800000000,Tebet,Jakarta Selatan,5,3,2,150.0,300.0
983,984,5950000000,Tebet,Jakarta Selatan,5,2,2,174.0,200.0
984,985,990000000,Jagakarsa,Jakarta Selatan,3,2,0,60.0,110.0
985,986,18000000000,Cipete,Jakarta Selatan,4,4,8,899.0,467.0
986,987,33000000000,Menteng,Jakarta Pusat,4,4,2,504.0,464.0
987,988,23000000000,Tebet,Jakarta Selatan,8,3,6,675.0,450.0
988,989,3800000000,Kelapa Gading,Jakarta Utara,4,3,2,112.0,168.0
989,990,3250000000,Rawamangun,Jakarta Timur,3,3,2,90.0,180.0
990,991,89000000000,Kebayoran Baru,Jakarta Selatan,10,6,10,1026.0,900.0
991,992,12200000000,Pondok Indah,Jakarta Selatan,6,3,1,309.0,340.0
992,993,12500000000,Cipete,Jakarta Selatan,4,4,3,497.0,600.0
993,994,9500000000,Golf Island,Jakarta Utara,3,3,1,250.0,350.0
994,995,2200000000,Sunter,Jakarta Utara,3,2,1,49.0,90.0
995,996,2500000000,Green Lake City,Jakarta Barat,3,3,2,90.0,125.0
996,997,2750000000,Tanjung Duren,Jakarta Barat,5,4,0,67.0,185.0
997,998,20000000000,Kemang,Jakarta Selatan,5,5,4,515.0,800.0
998,999,9700000000,Tebet,Jakarta Selatan,5,5,2,216.0,350.0
999,1000,3950000000,Veteran,Jakarta Selatan,3,3,1,200.0,240.0
1000,1001,3200000000,Cengkareng,Jakarta Barat,4,4,0,90.0,120.0
1001,1002,4000000000,Cengkareng,Jakarta Barat,4,3,0,120.0,1503.0
1002,1003,5500000000,Pantai Indah Kapuk 2,Jakarta Utara,3,3,2,120.0,120.0
1003,1004,4950000000,Kelapa Gading,Jakarta Utara,4,3,1,144.0,250.0
1004,1005,31500000000,Kemang,Jakarta Selatan,3,2,4,2620.0,400.0
1005,1006,3750000000,Kebayoran Baru,Jakarta Selatan,3,2,1,300.0,150.0
1006,1007,17500000000,Cipete,Jakarta Selatan,2,2,2,921.0,614.0
1007,1008,6600000000,Pantai Indah Kapuk,Jakarta Utara,3,3,1,144.0,210.0
1008,1009,4250000000,Pondok Kelapa,Jakarta Timur,5,5,2,250.0,409.0
1009,1010,3100000000,Tebet,Jakarta Selatan,4,3,2,104.0,90.0
1010,1011,15500000000,Tebet,Jakarta Selatan,3,4,3,350.0,340.0
1011,1012,2600000000,Cilandak,Jakarta Selatan,3,3,1,30.0,135.0
1012,1013,22000000,Pantai Indah Kapuk 2,Jakarta Utara,4,4,2,90.0,127.0
1013,1014,15000000,Pantai Indah Kapuk 2,Jakarta Utara,4,5,1,45.0,110.0
1014,1015,1100000000,Setiabudi,Jakarta Selatan,2,2,0,29.0,56.0
1015,1016,48000000000,Kebayoran Baru,Jakarta Selatan,5,5,2,370.0,810.0
1016,1017,2500000000,Cilandak,Jakarta Selatan,3,3,1,60.0,110.0
1017,1018,5500000000,Pantai Indah Kapuk 2,Jakarta Utara,0,0,0,137.0,137.0
1018,1019,6900000000,Menteng,Jakarta Pusat,4,4,2,76.0,375.0
1019,1020,25000000000,Cilandak,Jakarta Selatan,4,4,6,1332.0,585.0
1020,1021,14500000000,Pondok Indah,Jakarta Selatan,5,3,1,282.0,315.0
1021,1022,2990000000,Duri Kepa,Jakarta Barat,4,3,2,114.0,238.0
1022,1023,7800000000,Kelapa Gading,Jakarta Utara,3,4,2,150.0,209.0
1023,1024,1850000000,Pantai Indah Kapuk 2,Jakarta Utara,2,2,1,60.0,80.0
1024,1025,2060000000,Pantai Indah Kapuk 2,Jakarta Utara,3,3,0,50.0,130.0
1025,1026,7500000000,Pantai Indah Kapuk 2,Jakarta Utara,4,0,2,200.0,330.0
1026,1027,3600000000,Pondok Indah,Jakarta Selatan,4,3,0,114.0,180.0
1027,1028,3750000000,Metland Puri,Jakarta Barat,4,3,2,135.0,189.0
1028,1029,2250000000,Green Lake City,Jakarta Barat,3,2,2,90.0,100.0
1029,1030,1300000000,Jakarta Garden City,Jakarta Timur,2,2,2,90.0,75.0
1030,1031,2300000000,Metland Menteng,Jakarta Timur,3,2,2,84.0,79.0
1031,1032,4500000000,Pejaten,Jakarta Selatan,4,3,1,278.0,200.0
1032,1033,745000000,Cibubur,Jakarta Timur,3,2,2,60.0,46.0
1033,1034,2900000000,Rawamangun,Jakarta Timur,5,4,0,75.0,260.0
1034,1035,6900000000,Senopati,Jakarta Selatan,4,4,2,76.0,375.0
1035,1036,14500000000,Kebayoran Baru,Jakarta Selatan,5,4,4,240.0,300.0
1036,1037,18500000000,Kemang,Jakarta Selatan,4,5,2,576.0,400.0
1037,1038,6250000000,Tebet,Jakarta Selatan,5,5,1,172.0,260.0
1038,1039,13200000000,Kemang,Jakarta Selatan,5,4,4,696.0,352.0
1039,1040,6900000000,Pakubuwono,Jakarta Selatan,4,4,2,76.0,375.0
1040,1041,3700000000,Sunter,Jakarta Utara,3,3,0,105.0,160.0
1041,1042,2300000000,Kelapa Gading,Jakarta Utara,11,4,1,90.0,150.0
1042,1043,2400000000,Sunter,Jakarta Utara,4,4,0,90.0,150.0
1043,1044,3700000000,Sunter,Jakarta Utara,3,3,0,154.0,165.0
1044,1045,2000000000,Sunter,Jakarta Utara,3,2,0,90.0,72.0
1045,1046,2600000000,Meruya,Jakarta Barat,3,3,0,112.0,160.0
1046,1047,2150000000,Meruya,Jakarta Barat,3,3,0,100.0,135.0
1047,1048,3900000000,Sunter,Jakarta Utara,4,4,1,96.0,220.0
1048,1049,2800000000,Sunter,Jakarta Utara,3,2,0,102.0,120.0
1049,1050,2350000000,Sunter,Jakarta Utara,0,0,0,144.0,144.0
1050,1051,4500000000,Kemayoran,Jakarta Pusat,4,3,1,121.0,242.0
1051,1052,5000000000,Sunter,Jakarta Utara,4,3,0,240.0,360.0
1052,1053,3850000000,Grogol,Jakarta Barat,3,2,3,205.0,268.0
1053,1054,7000000000,Green Ville,Jakarta Barat,5,5,2,150.0,250.0
1054,1055,2600000000,Tanjung Duren,Jakarta Barat,4,4,2,85.0,167.0
1055,1056,1550000000,Cengkareng,Jakarta Barat,3,1,2,90.0,150.0
1056,1057,11000000000,Tanjung Duren,Jakarta Barat,31,31,0,184.0,650.0
1057,1058,2500000000,Thamrin,Jakarta Pusat,4,4,2,60.0,135.0
1058,1059,4350000000,Duren Sawit,Jakarta Timur,2,2,2,388.0,388.0
1059,1060,5750000000,Lebak Bulus,Jakarta Selatan,4,4,1,242.0,275.0
1060,1061,15000000000,Cilandak,Jakarta Selatan,4,4,0,515.0,400.0
1061,1062,2650000000,Lebak Bulus,Jakarta Selatan,2,2,1,114.0,80.0
1062,1063,998000000,Cilandak,Jakarta Selatan,2,2,1,32.0,64.0
1063,1064,5500000000,Kebayoran Baru,Jakarta Selatan,7,4,2,196.0,250.0
1064,1065,11000000000,Kebayoran Baru,Jakarta Selatan,4,4,4,778.0,319.0
1065,1066,33000000000,Pondok Indah,Jakarta Selatan,5,6,2,607.0,750.0
1066,1067,6000000000,Tebet,Jakarta Selatan,6,2,2,240.0,200.0
1067,1068,6900000000,Tebet,Jakarta Selatan,23,23,2,180.0,292.0
1068,1069,6900000000,Tebet,Jakarta Selatan,4,4,2,76.0,375.0
1069,1070,1110000000,Pasar Rebo,Jakarta Timur,3,2,0,50.0,90.0
1070,1071,8900000000,Pantai Indah Kapuk,Jakarta Utara,3,3,2,250.0,315.0
1071,1072,1000000000,Pantai Indah Kapuk 2,Jakarta Utara,2,2,0,45.0,62.0
1072,1073,7500000000,Pantai Indah Kapuk,Jakarta Utara,3,3,0,175.0,250.0
1073,1074,31000000000,Pantai Indah Kapuk,Jakarta Utara,7,7,0,640.0,1800.0
1074,1075,4950000000,Cilandak,Jakarta Selatan,3,1,1,197.0,100.0
1075,1076,6900000000,Kemang,Jakarta Selatan,4,4,2,76.0,375.0
1076,1077,7910000000,Pondok Indah,Jakarta Selatan,3,3,0,128.0,302.0
1077,1078,5950000000,Tebet,Jakarta Selatan,3,4,2,160.0,300.0
1078,1079,13400000000,Pondok Indah,Jakarta Selatan,3,3,2,252.0,435.0
1079,1080,1100000000,Cibubur,Jakarta Timur,3,2,1,95.0,105.0
1080,1081,2650000000,Jagakarsa,Jakarta Selatan,4,3,2,170.0,200.0
1081,1082,13500000000,Pantai Indah Kapuk 2,Jakarta Utara,4,4,1,250.0,300.0
1082,1083,12800000000,Kapuk Muara,Jakarta Utara,43,43,0,1.0,1.0
1083,1084,4800000000,Cakung,Jakarta Timur,4,3,1,400.0,300.0
1084,1085,29000000000,Pondok Indah,Jakarta Selatan,6,4,5,660.0,600.0
1085,1086,1700000000,Kebon Jeruk,Jakarta Barat,4,2,1,52.0,130.0
1086,1087,15000000000,Meruya,Jakarta Barat,4,5,2,550.0,600.0
1087,1088,2350000000,Meruya,Jakarta Barat,3,3,1,125.0,190.0
1088,1089,3320000000,Kalideres,Jakarta Barat,4,4,0,197.0,300.0
1089,1090,1250000000,Cipayung,Jakarta Timur,2,1,0,118.0,70.0
1090,1091,14800000000,Mangga Besar,Jakarta Barat,32,32,0,181.0,675.0
1091,1092,7100000000,Kebayoran Baru,Jakarta Selatan,4,2,0,237.0,158.0
1092,1093,2210000000,Kalideres,Jakarta Barat,2,2,0,113.0,69.0
1093,1094,2210000000,Kalideres,Jakarta Barat,4,2,0,147.0,150.0
1094,1095,1350000000,Duri Kepa,Jakarta Barat,1,1,2,90.0,70.0
1095,1096,2100000000,Tanjung Duren,Jakarta Barat,4,3,1,56.0,132.0
1096,1097,2600000000,Tomang,Jakarta Barat,3,2,1,146.0,200.0
1097,1098,4500000000,Kelapa Gading,Jakarta Utara,5,4,1,150.0,242.0
1098,1099,8500000000,Kebon Jeruk,Jakarta Barat,3,3,2,267.0,336.0
1099,1100,920000000,Puri Indah,Jakarta Barat,3,3,0,67.0,70.0
1100,1101,560000000,Puri Indah,Jakarta Barat,3,2,0,42.0,72.0
1101,1102,500000000,Cipayung,Jakarta Timur,2,2,0,34.0,68.0
1102,1103,4500000000,Permata Buana,Jakarta Barat,4,4,0,136.0,200.0
1103,1104,4200000000,Permata Buana,Jakarta Barat,2,2,0,144.0,120.0
1104,1105,7250000000,Permata Buana,Jakarta Barat,5,4,0,200.0,450.0
1105,1106,1030000000,Cibubur,Jakarta Timur,2,1,0,93.0,85.0
1106,1107,1610000000,Ciracas,Jakarta Timur,3,2,0,60.0,150.0
1107,1108,7520000000,Cipete,Jakarta Selatan,4,2,0,263.0,300.0
1108,1109,6800000000,Tanjung Duren,Jakarta Barat,4,2,0,306.0,315.0
1109,1110,1220000000,Cibubur,Jakarta Timur,3,2,0,105.0,98.0
1110,1111,830000000,Cibubur,Jakarta Timur,2,1,0,73.0,50.0
1111,1112,420000000,Cakung,Jakarta Timur,2,1,0,60.0,45.0
1112,1113,1790000000,Ciracas,Jakarta Timur,3,3,0,103.0,130.0
1113,1114,760000000,Cibubur,Jakarta Timur,2,1,0,72.0,50.0
1114,1115,6750000000,Cakung,Jakarta Timur,17,15,0,307.0,398.0
1115,1116,1500000000,Cibubur,Jakarta Timur,3,2,0,80.0,120.0
1116,1117,23000000000,Pantai Indah Kapuk,Jakarta Utara,5,6,2,450.0,950.0
1117,1118,3000000000,Meruya,Jakarta Barat,5,3,1,126.0,200.0
1118,1119,2650000000,Tanjung Duren,Jakarta Barat,4,4,2,67.0,185.0
1119,1120,17000000000,Setiabudi,Jakarta Selatan,11,5,2,404.0,450.0
1120,1121,4000000000,Pantai Indah Kapuk 2,Jakarta Utara,3,2,0,100.0,142.0
1121,1122,13800000000,Rawamangun,Jakarta Timur,8,8,2,526.0,800.0
1122,1123,7400000000,Cilandak,Jakarta Selatan,7,5,2,510.0,600.0
1123,1124,1900000000,Jagakarsa,Jakarta Selatan,4,2,0,202.0,150.0
1124,1125,3500000000,Tebet,Jakarta Selatan,7,5,2,178.0,200.0
1125,1126,3950000000,Tebet,Jakarta Selatan,5,3,2,103.0,250.0
1126,1127,1300000000,Green Lake City,Jakarta Barat,2,2,1,60.0,80.0
1127,1128,4500000000,Jagakarsa,Jakarta Selatan,4,3,1,262.0,400.0
1128,1129,2150000000,Kelapa Gading,Jakarta Utara,4,4,2,90.0,180.0
1129,1130,4700000000,Sunter,Jakarta Utara,5,2,2,180.0,260.0
1130,1131,7900000000,Tebet,Jakarta Selatan,1,5,0,295.0,300.0
1131,1132,26000000000,Kemang,Jakarta Selatan,5,5,6,635.0,1300.0
1132,1133,2850000000,Rawamangun,Jakarta Timur,4,4,1,90.0,105.0
1133,1134,95000000000,Menteng,Jakarta Pusat,0,0,1,889.0,1200.0
1134,1135,18000000000,Pantai Indah Kapuk,Jakarta Utara,6,7,0,313.0,1050.0
1135,1136,18000000000,Pantai Indah Kapuk,Jakarta Utara,4,4,0,453.0,600.0
1136,1137,10500000000,Pantai Indah Kapuk,Jakarta Utara,4,4,0,200.0,475.0
1137,1138,16500000000,Pantai Indah Kapuk,Jakarta Utara,5,5,0,459.0,325.0
1138,1139,8000000000,Pantai Indah Kapuk,Jakarta Utara,4,3,0,200.0,250.0
1139,1140,24000000000,Kebayoran Baru,Jakarta Selatan,6,3,1,400.0,300.0
1140,1141,6900000000,Menteng,Jakarta Pusat,4,4,2,76.0,375.0
1141,1142,1800000000,Tanjung Duren,Jakarta Barat,3,3,0,78.0,130.0
1142,1143,7000000000,Sunter,Jakarta Utara,6,4,2,198.0,500.0
1143,1144,2990000000,Metland Puri,Jakarta Barat,4,3,2,111.0,164.0
1144,1145,26000000000,Kelapa Gading,Jakarta Utara,4,4,0,636.0,1000.0
1145,1146,11500000000,Pondok Indah,Jakarta Selatan,4,5,0,260.0,310.0
1146,1147,15000000000,Kemang,Jakarta Selatan,1,1,8,550.0,200.0
1147,1148,30000000000,Puri Indah,Jakarta Barat,4,4,2,300.0,800.0
1148,1149,2500000000,Citra Garden,Jakarta Barat,3,3,2,90.0,129.0
1149,1150,12500000000,Cibubur,Jakarta Timur,5,3,0,1800.0,550.0
1150,1151,11000000000,Cilandak,Jakarta Selatan,3,3,4,800.0,700.0
1151,1152,2350000000,Kelapa Gading,Jakarta Utara,4,3,2,122.0,175.0
1152,1153,2550000000,Jakarta Garden City,Jakarta Timur,3,3,2,148.0,158.0
1153,1154,4680000000,Jakarta Garden City,Jakarta Timur,4,3,2,240.0,240.0
1154,1155,5100000000,Jakarta Garden City,Jakarta Timur,4,3,2,294.0,252.0
1155,1156,4690000000,Jakarta Garden City,Jakarta Timur,4,4,0,159.0,165.0
1156,1157,4950000000,Kemang,Jakarta Selatan,4,3,2,107.0,225.0
1157,1158,1150000000,Tanjung Duren Selatan,Jakarta Barat,3,2,0,55.0,100.0
1158,1159,12000000000,Cilandak,Jakarta Selatan,5,5,2,585.0,410.0
1159,1160,3200000000,Green Lake City,Jakarta Barat,2,2,2,120.0,150.0
1160,1161,3550000000,Cilandak,Jakarta Selatan,4,3,1,139.0,254.0
1161,1162,120000000000,Menteng,Jakarta Pusat,5,3,0,1115.0,2389.0
1162,1163,5200000000,Kemayoran,Jakarta Pusat,4,4,2,153.0,360.0
1163,1164,1390000000,Sawah Besar,Jakarta Pusat,3,2,1,45.0,75.0
1164,1165,1700000000,Gunung Sahari,Jakarta Pusat,3,4,1,57.0,168.0
1165,1166,1070000000,Percetakan Negara,Jakarta Pusat,2,2,1,31.0,59.0
1166,1167,16500000000,Cipete,Jakarta Selatan,5,4,2,525.0,400.0
1167,1168,2800000000,Green garden,Jakarta Barat,3,3,0,108.0,160.0
1168,1169,4000000000,Pantai Indah Kapuk 2,Jakarta Utara,3,3,2,120.0,170.0
1169,1170,6000000000,Pulo Gadung,Jakarta Timur,4,4,3,220.0,120.0
1170,1171,3250000000,Jagakarsa,Jakarta Selatan,3,5,2,155.0,200.0
1171,1172,11900000000,Cipete,Jakarta Selatan,4,4,0,400.0,285.0
1172,1173,4300000000,Citra Garden,Jakarta Barat,5,4,2,248.0,152.0
1173,1174,28000000000,Pondok Indah,Jakarta Selatan,5,3,2,555.0,398.0
1174,1175,650000000,Jagakarsa,Jakarta Selatan,2,1,0,67.0,67.0
1175,1176,6900000000,Kemang,Jakarta Selatan,4,4,2,76.0,375.0
1176,1177,5100000000,Sunter,Jakarta Utara,4,3,0,180.0,260.0
1177,1178,6150000000,Kelapa Gading,Jakarta Utara,4,2,2,400.0,350.0
1178,1179,2150000000,Bungur,Jakarta Pusat,3,2,1,158.0,100.0
1179,1180,4950000000,Pantai Indah Kapuk,Jakarta Utara,4,4,0,120.0,300.0
1180,1181,4150000000,Kelapa Gading,Jakarta Utara,4,3,2,119.0,158.0
1181,1182,4400000000,Kelapa Gading,Jakarta Utara,3,2,0,144.0,250.0
1182,1183,15000000000,Radio Dalam,Jakarta Selatan,0,4,3,307.0,360.0
1183,1184,4900000000,Green Lake City,Jakarta Barat,3,3,2,198.0,260.0
1184,1185,6900000000,Pondok Indah,Jakarta Selatan,4,4,2,76.0,375.0
1185,1186,6900000000,Kebayoran Baru,Jakarta Selatan,4,4,2,76.0,375.0
1186,1187,22000000000,Kemang,Jakarta Selatan,6,6,4,854.0,650.0
1187,1188,8700000000,Tebet,Jakarta Selatan,4,4,1,240.0,250.0
1188,1189,3150000000,Pantai Indah Kapuk,Jakarta Utara,2,3,0,90.0,90.0
1189,1190,21000000000,Pondok Indah,Jakarta Selatan,5,4,4,353.0,660.0
1190,1191,4700000000,Pejaten,Jakarta Selatan,4,4,1,180.0,250.0
1191,1192,8100000000,Kebayoran Lama,Jakarta Selatan,5,3,2,595.0,350.0
1192,1193,3600000000,Kelapa Gading,Jakarta Utara,4,3,2,102.0,250.0
1193,1194,3500000000,Jagakarsa,Jakarta Selatan,5,6,0,102.0,230.0
1194,1195,2300000000,Cakung,Jakarta Timur,4,3,2,136.0,120.0
1195,1196,1170000000,Setiabudi,Jakarta Selatan,2,2,1,29.0,56.0
1196,1197,29000000000,Kebayoran Baru,Jakarta Selatan,7,5,0,530.0,600.0
1197,1198,65000000000,Pondok Indah,Jakarta Selatan,8,7,0,1050.0,1600.0
1198,1199,2500000000,Pantai Indah Kapuk 2,Jakarta Utara,3,3,2,80.0,105.0
1199,1200,2400000000,Pantai Indah Kapuk 2,Jakarta Utara,3,3,2,75.0,107.0
1200,1201,8800000000,Golf Island,Jakarta Utara,3,3,2,250.0,315.0
1201,1202,1600000000,Pantai Indah Kapuk 2,Jakarta Utara,3,3,0,45.0,87.0
1202,1203,2470000000,Joglo,Jakarta Barat,4,4,0,125.0,200.0
1203,1204,7000000000,Lebak Bulus,Jakarta Selatan,4,5,3,233.0,380.0
1204,1205,19000000000,Kelapa Gading,Jakarta Utara,5,6,2,312.0,550.0
1205,1206,1500000000,Tebet,Jakarta Selatan,3,1,1,81.0,75.0
1206,1207,1600000000,Cibubur,Jakarta Timur,3,2,1,162.0,116.0
1207,1208,3200000000,Tebet,Jakarta Selatan,5,3,1,198.0,250.0
1208,1209,7700000000,Tebet,Jakarta Selatan,5,5,3,400.0,600.0
1209,1210,39500000000,Pantai Indah Kapuk,Jakarta Utara,7,5,4,552.0,1372.0
1210,1211,4300000000,Sunter,Jakarta Utara,5,5,1,135.0,250.0
1211,1212,9000000000,Muara Karang,Jakarta Utara,7,6,3,276.0,702.0
1212,1213,3200000000,Daan Mogot,Jakarta Barat,3,2,0,105.0,120.0
1213,1214,1000000000,Cengkareng,Jakarta Barat,2,2,1,56.0,92.0
1214,1215,3300000000,Tebet,Jakarta Selatan,5,4,0,86.0,210.0
1215,1216,13700000000,Tebet,Jakarta Selatan,5,5,1,528.0,520.0
1216,1217,150000000000,Kalibata,Jakarta Selatan,1,1,31,15331.0,15331.0
1217,1218,20000000000,Kelapa Gading,Jakarta Utara,6,7,0,300.0,1000.0
1218,1219,6500000000,Kelapa Gading,Jakarta Utara,6,3,2,240.0,300.0
1219,1220,5000000000,Tebet,Jakarta Selatan,4,4,0,220.0,350.0
1220,1221,22000000000,Kelapa Gading,Jakarta Utara,5,6,2,540.0,1000.0
1221,1222,4000000000,Cinere,Jakarta Selatan,4,4,1,260.0,300.0
1222,1223,8200000000,Lebak Bulus,Jakarta Selatan,6,5,3,500.0,600.0
1223,1224,4970000000,Cipete,Jakarta Selatan,4,3,0,130.0,280.0
1224,1225,12500000000,Kebayoran Baru,Jakarta Selatan,4,3,2,220.0,180.0
1225,1226,4900000000,Lebak Bulus,Jakarta Selatan,3,3,2,187.0,250.0
1226,1227,15000000000,Permata Buana,Jakarta Barat,5,5,2,400.0,500.0
1227,1228,18500000000,Kebayoran Baru,Jakarta Selatan,4,3,1,260.0,245.0
1228,1229,24500000000,Kemang,Jakarta Selatan,6,6,6,787.0,600.0
1229,1230,2800000000,Cakung,Jakarta Timur,3,3,4,490.0,200.0
1230,1231,3600000000,Kelapa Gading,Jakarta Utara,5,4,1,102.0,200.0
1231,1232,3100000000,Kemayoran,Jakarta Pusat,4,3,0,200.0,235.0
1232,1233,998000000,Cakung,Jakarta Timur,3,2,1,50.0,57.0
1233,1234,1200000000,Pasar Minggu,Jakarta Selatan,3,3,0,54.0,81.0
1234,1235,1650000000,Kemayoran,Jakarta Pusat,3,3,2,56.0,164.0
1235,1236,170000000000,Pondok Indah,Jakarta Selatan,6,6,20,2835.0,1400.0
1236,1237,35000000000,Pondok Indah,Jakarta Selatan,4,4,3,406.0,750.0
1237,1238,5550000000,Sunter,Jakarta Utara,5,3,1,200.0,270.0
1238,1239,2900000000,Pesanggrahan,Jakarta Selatan,4,3,1,135.0,190.0
1239,1240,2400000000,Pantai Indah Kapuk 2,Jakarta Utara,3,2,0,80.0,96.0
1240,1241,5900000000,Pondok Indah,Jakarta Selatan,3,2,1,140.0,300.0
1241,1242,2900000000,Tebet,Jakarta Selatan,2,1,1,104.0,90.0
1242,1243,3900000000,Sunter,Jakarta Utara,3,3,0,114.0,150.0
1243,1244,5150000000,Joglo,Jakarta Barat,4,3,2,200.0,350.0
1244,1245,16000000000,Pondok Indah,Jakarta Selatan,5,4,1,300.0,320.0
1245,1246,2400000000,Green Lake City,Jakarta Barat,6,5,2,96.0,190.0
1246,1247,4100000000,Jati Padang,Jakarta Selatan,3,3,2,134.0,215.0
1247,1248,7800000000,Pantai Indah Kapuk,Jakarta Utara,3,3,0,225.0,213.0
1248,1249,10500000000,Pantai Indah Kapuk,Jakarta Utara,4,4,2,240.0,435.0
1249,1250,7250000000,Pluit,Jakarta Utara,5,3,2,380.0,284.0
1250,1251,16500000000,Tebet,Jakarta Selatan,6,4,0,610.0,750.0
1251,1252,14000000000,Tebet,Jakarta Selatan,5,5,1,530.0,600.0
1252,1253,1100000000,Jagakarsa,Jakarta Selatan,3,3,1,60.0,90.0
1253,1254,6250000000,Tebet,Jakarta Selatan,4,3,1,204.0,260.0
1254,1255,2650000000,Tanjung Duren,Jakarta Barat,4,4,0,66.0,147.0
1255,1256,2600000000,Tomang,Jakarta Barat,5,4,1,85.0,167.0
1256,1257,5800000000,Pantai Indah Kapuk,Jakarta Utara,4,3,2,144.0,200.0
1257,1258,10500000000,Pantai Indah Kapuk,Jakarta Utara,3,3,2,201.0,445.0
1258,1259,8500000000,Pondok Indah,Jakarta Selatan,4,4,1,153.0,240.0
1259,1260,1500000000,Pondok Kelapa,Jakarta Timur,3,3,0,55.0,120.0
1260,1261,12500000000,Cipete,Jakarta Selatan,4,4,4,625.0,250.0
1261,1262,10700000000,Kebayoran Baru,Jakarta Selatan,5,2,0,175.0,162.0
1262,1263,13500000000,Kebayoran Baru,Jakarta Selatan,5,2,0,253.0,294.0
1263,1264,6750000000,Pondok Indah,Jakarta Selatan,3,4,1,160.0,200.0
1264,1265,79900000000,Kebayoran Baru,Jakarta Selatan,9,6,10,1026.0,750.0
1265,1266,11000000000,Lebak Bulus,Jakarta Selatan,6,5,5,737.0,200.0
1266,1267,37000000000,Pondok Indah,Jakarta Selatan,5,6,2,607.0,750.0
1267,1268,30000000000,Kebayoran Baru,Jakarta Selatan,6,6,2,264.0,650.0
1268,1269,900000000,Cipayung,Jakarta Timur,3,2,1,60.0,75.0
1269,1270,11000000000,Tomang,Jakarta Barat,5,3,0,320.0,400.0
1270,1271,1450000000,Green Lake City,Jakarta Barat,2,2,1,60.0,87.0
1271,1272,2700000000,Joglo,Jakarta Barat,3,3,2,150.0,120.0
1272,1273,2200000000,Sunter,Jakarta Utara,2,1,0,49.0,60.0
1273,1274,14900000000,Lebak Bulus,Jakarta Selatan,4,3,0,576.0,350.0
1274,1275,7000000000,Pondok Indah,Jakarta Selatan,3,3,2,128.0,302.0
1275,1276,6800000000,Wijaya,Jakarta Selatan,3,3,2,76.0,395.0
1276,1277,510000000,Puri Indah,Jakarta Barat,4,2,0,60.0,70.0
1277,1278,1440000000,Duren Sawit,Jakarta Timur,2,2,0,90.0,150.0
1278,1279,1440000000,Pasar Minggu,Jakarta Selatan,2,2,0,95.0,85.0
1279,1280,830000000,Ciracas,Jakarta Timur,2,1,0,73.0,50.0
1280,1281,1880000000,Pasar Minggu,Jakarta Selatan,3,2,0,133.0,80.0
1281,1282,3540000000,Duren Sawit,Jakarta Timur,4,5,0,275.0,284.0
1282,1283,2100000000,Cipayung,Jakarta Timur,4,4,0,161.0,180.0
1283,1284,1220000000,Cipayung,Jakarta Timur,3,2,0,112.0,110.0
1284,1285,830000000,Cipayung,Jakarta Timur,3,2,0,90.0,70.0
1285,1286,1770000000,Ciracas,Jakarta Timur,3,2,0,100.0,120.0
1286,1287,1550000000,Cibubur,Jakarta Timur,6,4,0,117.0,171.0
1287,1288,890000000,Puri Indah,Jakarta Barat,3,2,0,148.0,140.0
1288,1289,400000000,Cibubur,Jakarta Timur,2,1,0,59.0,36.0
1289,1290,530000000,Cibubur,Jakarta Timur,2,2,0,72.0,65.0
1290,1291,870000000,Cibubur,Jakarta Timur,2,1,0,96.0,50.0
1291,1292,550000000,Cibubur,Jakarta Timur,2,1,0,60.0,40.0
1292,1293,960000000,Cibubur,Jakarta Timur,3,2,0,108.0,70.0
1293,1294,4290000000,Kelapa Gading,Jakarta Utara,4,4,2,180.0,300.0
1294,1295,740000000,Cibubur,Jakarta Timur,2,1,0,84.0,56.0
1295,1296,890000000,Citra Garden,Jakarta Barat,2,1,0,124.0,60.0
1296,1297,1110000000,Cibubur,Jakarta Timur,2,2,0,72.0,86.0
1297,1298,780000000,Cibubur,Jakarta Timur,3,1,0,72.0,54.0
1298,1299,1550000000,Cibubur,Jakarta Timur,4,2,0,160.0,71.0
1299,1300,4400000000,Sunter,Jakarta Utara,7,4,2,200.0,350.0
1300,1301,1880000000,Jagakarsa,Jakarta Selatan,3,2,0,133.0,80.0
1301,1302,520000000,Cakung,Jakarta Timur,3,1,0,60.0,45.0
1302,1303,4980000000,Cipete,Jakarta Selatan,4,5,0,226.0,178.0
1303,1304,3600000000,Kelapa Gading,Jakarta Utara,5,3,2,152.0,350.0
1304,1305,6400000000,Kelapa Gading,Jakarta Utara,4,2,1,198.0,295.0
1305,1306,1050000000,Puri Indah,Jakarta Barat,2,1,0,102.0,84.0
1306,1307,810000000,Puri Indah,Jakarta Barat,2,1,0,60.0,45.0
1307,1308,1440000000,Cilandak,Jakarta Selatan,2,2,0,95.0,85.0
1308,1309,8000000000,Pondok Indah,Jakarta Selatan,4,3,1,194.0,425.0
1309,1310,11000000000,Puri Indah,Jakarta Barat,4,4,0,200.0,550.0
1310,1311,3150000000,Pantai Indah Kapuk,Jakarta Utara,2,3,0,90.0,90.0
1311,1312,4100000000,Kelapa Gading,Jakarta Utara,4,4,1,119.0,150.0
1312,1313,4000000000,Kelapa Gading,Jakarta Utara,4,3,1,180.0,240.0
1313,1314,13500000000,Tebet,Jakarta Selatan,7,5,2,466.0,500.0
1314,1315,3200000000,Pantai Indah Kapuk 2,Jakarta Utara,3,3,3,120.0,150.0
1315,1316,3150000000,Pantai Indah Kapuk 2,Jakarta Utara,3,3,2,120.0,150.0
1316,1317,6800000000,Pantai Indah Kapuk 2,Jakarta Utara,4,4,1,200.0,250.0
1317,1318,8900000000,Tebet,Jakarta Selatan,15,3,2,359.0,348.0
1318,1319,8000000000,Sunter,Jakarta Utara,3,2,0,441.0,1.0
1319,1320,1350000000,Kelapa Gading,Jakarta Utara,4,2,0,75.0,120.0
1320,1321,5500000000,Sunter,Jakarta Utara,0,0,2,300.0,374.0
1321,1322,1300000000,Pejaten,Jakarta Selatan,2,2,1,87.0,70.0
1322,1323,7500000000,Cengkareng,Jakarta Barat,6,6,3,234.0,400.0
1323,1324,12000000000,Pantai Indah Kapuk,Jakarta Utara,3,3,2,250.0,375.0
1324,1325,8000000000,Pantai Indah Kapuk,Jakarta Utara,5,4,2,135.0,420.0
1325,1326,230000000,Pantai Indah Kapuk 2,Jakarta Utara,4,4,2,260.0,350.0
1326,1327,18000000000,Pantai Indah Kapuk,Jakarta Utara,5,6,2,312.0,1050.0
1327,1328,9200000000,Pantai Indah Kapuk,Jakarta Utara,3,3,2,192.0,272.0
1328,1329,16600000000,Pantai Indah Kapuk,Jakarta Utara,3,3,2,300.0,475.0
1329,1330,3100000000,Pantai Indah Kapuk,Jakarta Utara,2,2,1,75.0,120.0
1330,1331,7500000000,Pantai Indah Kapuk 2,Jakarta Utara,4,4,2,200.0,274.0
1331,1332,16000000000,Pantai Indah Kapuk,Jakarta Utara,4,4,2,300.0,500.0
1332,1333,7500000000,Pluit,Jakarta Utara,3,3,2,220.0,400.0
1333,1334,6800000000,Pantai Indah Kapuk 2,Jakarta Utara,4,4,2,200.0,225.0
1334,1335,11800000000,Sunter,Jakarta Utara,5,5,4,312.0,700.0
1335,1336,23500000000,Kebayoran Baru,Jakarta Selatan,0,0,0,700.0,400.0
1336,1337,28000000000,Pantai Indah Kapuk,Jakarta Utara,5,5,0,510.0,1200.0
1337,1338,11500000000,Golf Island,Jakarta Utara,4,4,2,300.0,500.0
1338,1339,37000000000,Menteng,Jakarta Pusat,4,4,0,519.0,500.0
1339,1340,70000000000,Pantai Indah Kapuk,Jakarta Utara,8,8,10,1113.0,1900.0
1340,1341,9000000000,Pantai Indah Kapuk,Jakarta Utara,3,3,0,136.0,150.0
1341,1342,5000000000,Cakung,Jakarta Timur,4,3,2,220.0,400.0
1342,1343,45000000000,Pondok Indah,Jakarta Selatan,5,4,10,980.0,500.0
1343,1344,2600000000,Pantai Indah Kapuk 2,Jakarta Utara,3,3,1,75.0,104.0
1344,1345,5500000000,Sunter,Jakarta Utara,3,3,0,196.0,350.0
1345,1346,750000000,Bintaro,Jakarta Selatan,2,1,2,69.0,36.0
1346,1347,14000000000,Puri Indah,Jakarta Barat,3,2,2,510.0,350.0
1347,1348,13500000000,Cilandak,Jakarta Selatan,5,3,1,1111.0,384.0
1348,1349,2750000000,Jagakarsa,Jakarta Selatan,4,5,1,192.0,111.0
1349,1350,995000000,Cibubur,Jakarta Timur,3,2,2,60.0,80.0
1350,1351,23000000000,Kelapa Gading,Jakarta Utara,6,4,3,504.0,680.0
1351,1352,2750000000,Kelapa Gading,Jakarta Utara,4,3,2,90.0,120.0
1352,1353,2700000000,Kelapa Gading,Jakarta Utara,12,4,3,165.0,200.0
1353,1354,2200000000,Green Lake City,Jakarta Barat,3,2,1,90.0,120.0
1354,1355,9000000000,Pantai Indah Kapuk,Jakarta Utara,4,3,0,200.0,500.0
1355,1356,13800000000,Puri Indah,Jakarta Barat,5,5,1,300.0,390.0
1356,1357,7500000000,Puri Indah,Jakarta Barat,3,3,0,160.0,350.0
1357,1358,750000000,Lubang Buaya,Jakarta Timur,2,2,1,42.0,50.0
1358,1359,5100000000,Citra Garden,Jakarta Barat,5,4,1,240.0,300.0
1359,1360,5800000000,Cempaka Putih,Jakarta Pusat,4,4,2,169.0,290.0
1360,1361,4600000000,Kelapa Gading,Jakarta Utara,5,2,2,120.0,350.0
1361,1362,2800000000,Kelapa Gading,Jakarta Utara,5,3,2,120.0,240.0
1362,1363,45000000000,Kemang,Jakarta Selatan,5,3,4,1200.0,600.0
1363,1364,7700000000,Tebet,Jakarta Selatan,4,5,3,400.0,600.0
1364,1365,7900000000,Cinere,Jakarta Selatan,5,3,6,450.0,650.0
1365,1366,775000000,Kalisari,Jakarta Timur,3,2,0,50.0,60.0
1366,1367,7000000000,Tebet,Jakarta Selatan,0,0,6,259.0,100.0
1367,1368,6500000000,Kemang,Jakarta Selatan,2,1,1,256.0,200.0
1368,1369,10000000000,Penjaringan,Jakarta Utara,5,4,3,288.0,438.0
1369,1370,2200000000,Jagakarsa,Jakarta Selatan,4,3,2,125.0,250.0
1370,1371,7500000000,Duren Tiga,Jakarta Selatan,4,4,1,246.0,442.0
1371,1372,2400000000,Duren Sawit,Jakarta Timur,5,4,1,165.0,180.0
1372,1373,7500000000,Cengkareng,Jakarta Barat,4,4,2,200.0,500.0
1373,1374,2800000000,Cilandak,Jakarta Selatan,3,3,2,105.0,183.0
1374,1375,4200000000,Cempaka Putih,Jakarta Pusat,3,2,1,267.0,240.0
1375,1376,2000000000,Jelambar,Jakarta Barat,5,1,0,160.0,180.0
1376,1377,6500000000,Muara Karang,Jakarta Utara,3,3,0,150.0,350.0
1377,1378,8700000000,Taman Grisenda,Jakarta Utara,4,4,1,250.0,550.0
1378,1379,7250000000,Alfa Indah,Jakarta Barat,4,4,2,300.0,340.0
1379,1380,3900000000,Kapuk Muara,Jakarta Utara,5,3,1,180.0,250.0
1380,1381,5500000000,Green garden,Jakarta Barat,4,4,1,300.0,400.0
1381,1382,780000000,Kalisari,Jakarta Timur,3,2,1,50.0,60.0
1382,1383,1340000000,Utan Kayu,Jakarta Timur,3,3,0,39.0,107.0
1383,1384,2900000000,Intercon,Jakarta Barat,2,1,1,117.0,100.0
1384,1385,1000000000,Cijantung,Jakarta Timur,2,2,1,84.0,52.0
1385,1386,4450000000,Pejaten Timur,Jakarta Selatan,5,3,1,387.0,95.0
1386,1387,5800000000,Taman Palem,Jakarta Barat,7,4,2,252.0,453.0
1387,1388,49000000000,Mega Kuningan,Jakarta Selatan,4,4,5,540.0,1100.0
1388,1389,1500000000,Pegadungan,Jakarta Barat,3,2,1,108.0,84.0
1389,1390,1300000000,Antasari,Jakarta Selatan,3,2,1,60.0,60.0
1390,1391,1300000000,Kebagusan,Jakarta Selatan,3,2,1,60.0,60.0
1391,1392,16900000000,Kebon Kacang,Jakarta Pusat,5,8,2,492.0,800.0
1392,1393,7900000000,Sektor 1 - Bintaro,Jakarta Selatan,5,4,3,682.0,400.0
1393,1394,414000000,Pangeran Jayakarta,Jakarta Pusat,2,2,0,17.0,32.0
1394,1395,3400000000,Puri Mansion,Jakarta Barat,3,3,0,120.0,180.0
1395,1396,50000000000,patra kuningan,Jakarta Selatan,5,4,2,500.0,540.0
1396,1397,5550000000,Kramat,Jakarta Pusat,4,3,1,250.0,250.0
1397,1398,4650000000,Duren Sawit,Jakarta Timur,7,3,0,200.0,350.0
1398,1399,1110000000,Cakung,Jakarta Timur,4,3,0,57.0,115.0
1399,1400,920000000,Cibubur,Jakarta Timur,3,2,0,95.0,90.0
1400,1401,1990000000,Cibubur,Jakarta Timur,2,2,0,126.0,150.0
1401,1402,4500000000,Kemanggisan,Jakarta Barat,2,13,1,223.0,300.0
1402,1403,10500000000,Bangka,Jakarta Selatan,4,3,1,490.0,260.0
1403,1404,3900000000,Golf Island,Jakarta Utara,3,3,0,120.0,150.0
1404,1405,25000000000,Puri Indah,Jakarta Barat,8,5,2,450.0,900.0
1405,1406,12500000000,patra kuningan,Jakarta Selatan,4,4,2,311.0,244.0
1406,1407,2000000000,Citra Garden,Jakarta Barat,3,3,1,112.0,170.0
1407,1408,1300000000,Ruko Rawa Lumbu,Jakarta Timur,2,1,0,52.0,100.0
1408,1409,18700000000,Kemang,Jakarta Selatan,5,5,10,1420.0,500.0
1409,1410,4300000000,Permata Buana,Jakarta Barat,5,4,2,144.0,288.0
1410,1411,7000000000,Pondok Labu,Jakarta Selatan,5,4,2,500.0,352.0
1411,1412,23000000000,Duren Tiga,Jakarta Selatan,5,2,10,926.0,170.0
1412,1413,1900000000,Rawamangun,Jakarta Timur,7,2,1,98.0,160.0
1413,1414,5000000000,Lebak Bulus,Jakarta Selatan,3,3,2,145.0,250.0
1414,1415,31000000000,Kebayoran Baru,Jakarta Selatan,5,5,4,680.0,820.0
1415,1416,2000000000,Kelapa Gading,Jakarta Utara,3,2,1,90.0,120.0
1416,1417,12500000000,Jagakarsa,Jakarta Selatan,8,5,10,720.0,520.0
1417,1418,1800000000,Rawamangun,Jakarta Timur,2,2,1,78.0,60.0
1418,1419,861000000,Sawah Besar,Jakarta Pusat,1,1,1,28.0,53.0
1419,1420,20000000000,Kelapa Gading,Jakarta Utara,4,4,2,294.0,900.0
1420,1421,5500000000,Green Ville,Jakarta Barat,4,5,2,220.0,300.0
1421,1422,1700000000,Pademangan,Jakarta Utara,5,2,1,120.0,140.0
1422,1423,48000000000,Kebayoran Baru,Jakarta Selatan,4,4,2,370.0,810.0
1423,1424,5500000000,Bintaro,Jakarta Selatan,5,3,0,304.0,225.0
1424,1425,9000000000,Grogol,Jakarta Barat,31,31,0,243.0,600.0
1425,1426,9500000000,Pondok Pinang,Jakarta Selatan,4,4,3,300.0,400.0
1426,1427,10500000000,Tomang,Jakarta Barat,4,4,1,673.0,400.0
1427,1428,8500000000,Kebon Jeruk,Jakarta Barat,4,3,2,267.0,336.0
1428,1429,7000000000,Kedoya Selatan,Jakarta Barat,4,3,1,325.0,450.0
1429,1430,3980000000,Cengkareng,Jakarta Barat,3,3,2,144.0,250.0
1430,1431,13000000000,Permata Hijau,Jakarta Selatan,8,6,3,590.0,800.0
1431,1432,25000000000,Pantai Mutiara,Jakarta Utara,4,0,0,500.0,280.0
1432,1433,9000000000,Taman Palem,Jakarta Barat,7,4,2,200.0,440.0
1433,1434,7000000000,Sunter,Jakarta Utara,6,4,2,194.0,400.0
1434,1435,2500000000,Duren Sawit,Jakarta Timur,5,4,2,156.0,312.0
1435,1436,21000000000,Menteng,Jakarta Pusat,3,3,2,323.0,400.0
1436,1437,2900000000,Intercon,Jakarta Barat,3,1,1,117.0,100.0
1437,1438,5800000000,Joglo,Jakarta Barat,4,4,2,151.0,250.0
1438,1439,7500000000,Cempaka Putih,Jakarta Pusat,6,3,1,312.0,400.0
1439,1440,5500000000,Pluit,Jakarta Utara,3,3,1,200.0,350.0
1440,1441,19300000000,Kebayoran Baru,Jakarta Selatan,5,4,2,883.0,428.0
1441,1442,18000000000,Cipete,Jakarta Selatan,4,4,8,899.0,467.0
1442,1443,1700000000,Srengseng,Jakarta Barat,3,1,1,112.0,70.0
1443,1444,3950000000,Kelapa Gading,Jakarta Utara,5,3,2,102.0,280.0
1444,1445,20000000000,Kelapa Gading,Jakarta Utara,5,6,0,513.0,800.0
1445,1446,1490000000,Pluit,Jakarta Utara,3,2,2,72.0,98.0
1446,1447,1400000000,Kelapa Gading,Jakarta Utara,3,2,2,55.0,80.0
1447,1448,4800000000,Meruya,Jakarta Barat,4,3,1,362.0,227.0
1448,1449,7990000000,Meruya,Jakarta Barat,5,5,0,305.0,350.0
1449,1450,28000000000,Kemang,Jakarta Selatan,5,4,4,695.0,500.0
1450,1451,2800000000,Jagakarsa,Jakarta Selatan,5,5,1,81.0,200.0
1451,1452,34500000000,Senopati,Jakarta Selatan,4,3,2,351.0,150.0
1452,1453,2300000000,Tebet,Jakarta Selatan,3,3,2,88.0,160.0
1453,1454,35000000000,Pondok Indah,Jakarta Selatan,4,4,2,406.0,650.0
1454,1455,6000000000,Cilandak,Jakarta Selatan,5,4,3,295.0,200.0
1455,1456,5500000000,Green Lake City,Jakarta Barat,6,7,3,160.0,320.0
1456,1457,2500000000,Duri Kosambi,Jakarta Barat,7,3,1,179.0,240.0
1457,1458,1950000000,Cilandak,Jakarta Selatan,2,2,1,70.0,90.0
1458,1459,7800000000,Puri Indah,Jakarta Barat,4,3,1,300.0,250.0
1459,1460,1660000000,Pluit,Jakarta Utara,4,3,0,68.0,190.0
1460,1461,4500000000,Tebet,Jakarta Selatan,3,2,1,265.0,192.0
1461,1462,19000000000,Pondok Indah,Jakarta Selatan,5,4,2,554.0,646.0
1462,1463,60000000000,Lebak Bulus,Jakarta Selatan,3,4,6,3059.0,846.0
1463,1464,2550000000,Joglo,Jakarta Barat,6,2,1,175.0,400.0
1464,1465,5500000000,Cipete,Jakarta Selatan,4,3,0,272.0,155.0
1465,1466,890000000,Green Lake City,Jakarta Barat,2,1,0,124.0,60.0
1466,1467,500000000,Cibubur,Jakarta Timur,2,2,0,34.0,68.0
1467,1468,2150000000,Meruya,Jakarta Barat,3,3,0,100.0,135.0
1468,1469,3500000000,Cengkareng,Jakarta Barat,4,4,0,118.0,290.0
1469,1470,2000000000,Taman Ratu,Jakarta Barat,5,3,0,126.0,240.0
1470,1471,4950000000,Kelapa Gading,Jakarta Utara,3,3,1,142.0,200.0
1471,1472,5600000000,Pantai Indah Kapuk,Jakarta Utara,4,4,1,144.0,300.0
1472,1473,5700000000,Pantai Indah Kapuk 2,Jakarta Utara,4,4,1,150.0,300.0
1473,1474,8800000000,Pantai Indah Kapuk,Jakarta Utara,4,4,1,200.0,400.0
1474,1475,25000000000,Kebayoran Baru,Jakarta Selatan,5,5,1,365.0,500.0
1475,1476,11500000000,Kebayoran Baru,Jakarta Selatan,4,3,2,246.0,120.0
1476,1477,3750000000,Kebon Jeruk,Jakarta Barat,3,2,1,318.0,175.0
1477,1478,3750000000,Kemanggisan,Jakarta Barat,3,2,1,318.0,175.0
1478,1479,115000000000,Menteng,Jakarta Pusat,9,8,4,1100.0,1800.0
1479,1480,3200000000,Kemang,Jakarta Selatan,4,3,1,210.0,150.0
1480,1481,2730000000,Kemayoran,Jakarta Pusat,4,4,0,88.0,130.0
1481,1482,2500000000,Sunter,Jakarta Utara,2,2,0,99.0,85.0
1482,1483,1950000000,Senen,Jakarta Pusat,4,4,0,64.0,101.0
1483,1484,455000000,Johar Baru,Jakarta Pusat,2,2,0,21.0,40.0
1484,1485,4800000000,Green Lake City,Jakarta Barat,3,3,3,180.0,200.0
1485,1486,11500000000,Gandaria,Jakarta Selatan,5,3,3,461.0,350.0
1486,1487,4200000000,Citra Grand,Jakarta Timur,6,5,2,352.0,252.0
1487,1488,790000000,Jagakarsa,Jakarta Selatan,3,2,1,38.0,80.0
1488,1489,2050000000,Jakarta Garden City,Jakarta Timur,3,3,0,120.0,168.0
1489,1490,16600000000,Kemang,Jakarta Selatan,4,3,0,376.0,928.0
1490,1491,1800000000,Cempaka Putih,Jakarta Pusat,3,3,1,48.0,78.0
1491,1492,1000000000,Percetakan Negara,Jakarta Pusat,2,2,1,30.0,58.0
1492,1493,3990000000,Kemayoran,Jakarta Pusat,6,5,2,234.0,350.0
1493,1494,3200000000,Tebet,Jakarta Selatan,3,2,1,137.0,130.0
1494,1495,16500000000,Kalibata,Jakarta Selatan,8,6,5,584.0,331.0
1495,1496,13000000000,Pondok Indah,Jakarta Selatan,4,3,2,305.0,240.0
1496,1497,5150000000,Joglo,Jakarta Barat,4,3,2,200.0,350.0
1497,1498,2750000000,Joglo,Jakarta Barat,3,3,2,100.0,180.0
1498,1499,8500000000,Permata Buana,Jakarta Barat,4,4,2,266.0,226.0
1499,1500,13800000000,Puri Indah,Jakarta Barat,3,2,4,532.0,203.0
1500,1501,7200000000,Permata Buana,Jakarta Barat,5,4,2,200.0,450.0
1501,1502,4300000000,Permata Buana,Jakarta Barat,3,2,2,144.0,150.0
1502,1503,9500000000,Intercon,Jakarta Barat,4,4,2,300.0,520.0
1503,1504,22000000000,Intercon,Jakarta Barat,7,6,2,800.0,1200.0
1504,1505,10500000000,Permata Buana,Jakarta Barat,6,6,2,200.0,600.0
1505,1506,1950000000,Meruya,Jakarta Barat,4,3,2,60.0,60.0
1506,1507,34500000000,Senopati,Jakarta Selatan,4,3,0,351.0,351.0
1507,1508,1950000000,Meruya,Jakarta Barat,3,3,2,64.0,64.0
1508,1509,1500000000,Kramat Jati,Jakarta Timur,3,2,0,69.0,140.0
1509,1510,4750000000,Cilandak,Jakarta Selatan,5,3,1,261.0,360.0
1510,1511,488000000,Mangga Besar,Jakarta Barat,2,2,0,21.0,38.0
1511,1512,4550000000,Tomang,Jakarta Barat,7,5,2,326.0,500.0
1512,1513,5500000000,Duren Sawit,Jakarta Timur,5,4,1,27.0,265.0
1513,1514,14500000000,Kembangan,Jakarta Barat,4,4,0,238.0,305.0
1514,1515,2850000000,Kelapa Gading,Jakarta Utara,3,2,2,125.0,250.0
1515,1516,1600000000,Cilincing,Jakarta Utara,2,2,1,80.0,90.0
1516,1517,12000000000,Duren Sawit,Jakarta Timur,4,5,3,410.0,400.0
1517,1518,1500000000,Kemanggisan,Jakarta Barat,3,3,1,48.0,135.0
1518,1519,1950000000,Kota Wisata,Jakarta Timur,3,3,1,128.0,185.0
1519,1520,2400000000,Kelapa Gading,Jakarta Utara,3,2,1,102.0,102.0
1520,1521,1970000000,Cibubur,Jakarta Timur,5,4,2,87.0,151.0
1521,1522,2500000000,Sunter,Jakarta Utara,3,2,0,96.0,190.0
1522,1523,7800000000,Kebon Jeruk,Jakarta Barat,7,5,4,209.0,325.0
1523,1524,3250000000,Rawamangun,Jakarta Timur,3,3,2,100.0,180.0
1524,1525,3990000000,Kartini,Jakarta Pusat,3,2,1,172.0,160.0
1525,1526,3950000000,Sunter,Jakarta Utara,5,5,2,120.0,310.0
1526,1527,2500000000,Kelapa Gading,Jakarta Utara,2,2,0,102.0,102.0
1527,1528,25000000000,Kemang,Jakarta Selatan,4,5,0,750.0,840.0
1528,1529,35000000000,Kemang,Jakarta Selatan,6,6,3,517.0,760.0
1529,1530,1950000000,Jagakarsa,Jakarta Selatan,3,3,2,78.0,180.0
1530,1531,15000000000,Radio Dalam,Jakarta Selatan,4,4,3,307.0,360.0
1531,1532,1900000000,Metland Puri,Jakarta Barat,3,2,0,135.0,180.0
1532,1533,1300000000,Kelapa Gading,Jakarta Utara,2,2,1,82.0,80.0
1533,1534,2470000000,Jagakarsa,Jakarta Selatan,4,4,2,120.0,180.0
1534,1535,3600000000,Kelapa Gading,Jakarta Utara,4,3,2,160.0,160.0
1535,1536,10500000000,Permata Buana,Jakarta Barat,4,3,1,250.0,600.0
1536,1537,12500000000,Permata Buana,Jakarta Barat,5,3,2,300.0,450.0
1537,1538,5500000000,Permata Buana,Jakarta Barat,4,3,1,180.0,250.0
1538,1539,5350000000,Permata Buana,Jakarta Barat,3,1,1,200.0,150.0
1539,1540,6500000000,Permata Buana,Jakarta Barat,5,3,2,200.0,400.0
1540,1541,15000000000,Permata Buana,Jakarta Barat,4,4,2,200.0,450.0
1541,1542,5000000000,Tomang,Jakarta Barat,4,4,2,180.0,300.0
1542,1543,2500000000,Kelapa Gading,Jakarta Utara,2,2,1,107.0,180.0
1543,1544,16000000000,Blok M,Jakarta Selatan,1,1,1,235.0,150.0
1544,1545,16000000000,Jatiwaringin,Jakarta Timur,3,2,7,865.0,300.0
1545,1546,30000000000,Puri Indah,Jakarta Barat,5,6,0,480.0,900.0
1546,1547,7000000000,Puri Indah,Jakarta Barat,4,3,0,160.0,150.0
1547,1548,20900000000,Kebayoran Baru,Jakarta Selatan,2,1,4,200.0,90.0
1548,1549,14300000000,Kemang,Jakarta Selatan,3,3,7,696.0,325.0
1549,1550,54900000000,Menteng,Jakarta Pusat,8,8,6,629.0,505.0
1550,1551,20000000000,Setiabudi,Jakarta Selatan,5,4,4,560.0,600.0
1551,1552,44000000000,Pondok Indah,Jakarta Selatan,5,5,6,627.0,1050.0
1552,1553,4600000000,Jagakarsa,Jakarta Selatan,5,5,2,200.0,250.0
1553,1554,3200000000,Condet,Jakarta Timur,6,6,0,274.0,260.0
1554,1555,2100000000,Tebet,Jakarta Selatan,3,3,0,85.0,125.0
1555,1556,1500000000,Duri Kosambi,Jakarta Barat,3,2,0,120.0,96.0
1556,1557,2900000000,Duri Kosambi,Jakarta Barat,4,3,0,160.0,256.0
1557,1558,2800000000,Citra Garden,Jakarta Barat,4,4,2,300.0,280.0
1558,1559,8500000000,Pantai Indah Kapuk,Jakarta Utara,4,4,2,180.0,380.0
1559,1560,12000000000,Permata Buana,Jakarta Barat,3,4,2,250.0,600.0
1560,1561,95000000000,Menteng,Jakarta Pusat,6,5,2,879.0,1000.0
1561,1562,1800000000,Kelapa Gading,Jakarta Utara,4,3,1,67.0,150.0
1562,1563,14000000000,Cipete,Jakarta Selatan,4,2,0,692.0,407.0
1563,1564,2150000000,Pondok Bambu,Jakarta Timur,2,2,3,202.0,125.0
1564,1565,100000000000,Menteng,Jakarta Pusat,4,5,2,924.0,800.0
1565,1566,7500000000,Pondok Indah,Jakarta Selatan,4,4,1,154.0,200.0
1566,1567,7400000000,Pondok Kelapa,Jakarta Timur,5,4,2,480.0,550.0
1567,1568,1950000000,Duren Sawit,Jakarta Timur,6,2,0,173.0,225.0
1568,1569,3300000000,Rawamangun,Jakarta Timur,6,4,2,185.0,200.0
1569,1570,3500000000,Pantai Indah Kapuk,Jakarta Utara,3,3,0,75.0,135.0
1570,1571,13200000000,Pluit,Jakarta Utara,0,0,0,450.0,1080.0
1571,1572,1350000000,Pondok Kelapa,Jakarta Timur,2,2,2,61.0,85.0
1572,1573,2600000000,Tamansari,Jakarta Barat,5,3,1,108.0,132.0
1573,1574,3200000000,Rawamangun,Jakarta Timur,3,2,2,180.0,180.0
1574,1575,55000000000,Senopati,Jakarta Selatan,3,3,12,1017.0,500.0
1575,1576,100000000000,Kebayoran Baru,Jakarta Selatan,4,3,2,984.0,600.0
1576,1577,4650000000,Pondok Kelapa,Jakarta Timur,4,4,1,299.0,250.0
1577,1578,2100000000,Pondok Kelapa,Jakarta Timur,4,2,0,90.0,120.0
1578,1579,30000000000,Pondok Indah,Jakarta Selatan,10,8,0,804.0,600.0
1579,1580,19000000000,Jagakarsa,Jakarta Selatan,7,5,7,2448.0,300.0
1580,1581,4500000000,Rawamangun,Jakarta Timur,3,2,3,230.0,184.0
1581,1582,50000000000,Kelapa Gading,Jakarta Utara,4,4,2,991.0,831.0
1582,1583,5950000000,Tebet,Jakarta Selatan,4,3,1,165.0,260.0
1583,1584,12100000000,Makasar,Jakarta Timur,3,2,2,509.0,509.0
1584,1585,8960000000,Kebon Jeruk,Jakarta Barat,3,3,3,896.0,896.0
1585,1586,2700000000,Klender,Jakarta Timur,2,2,1,170.0,90.0
1586,1587,1490000000,Kelapa Gading,Jakarta Utara,3,2,0,57.0,114.0
1587,1588,1100000000,Menteng Dalam,Jakarta Selatan,3,3,1,29.0,56.0
1588,1589,60000000000,Pejaten,Jakarta Selatan,8,8,8,1600.0,1200.0
1589,1590,2900000000,Duri Kepa,Jakarta Barat,3,3,1,165.0,270.0
1590,1591,3300000000,Kelapa Gading,Jakarta Utara,4,4,1,90.0,180.0
1591,1592,10000000000,Kemanggisan,Jakarta Barat,10,6,0,500.0,1000.0
1592,1593,4300000000,Duren Sawit,Jakarta Timur,6,6,2,220.0,350.0
1593,1594,11500000000,Cilandak,Jakarta Selatan,5,4,4,445.0,495.0
1594,1595,5900000000,Pesanggrahan,Jakarta Selatan,5,3,2,510.0,400.0
1595,1596,11000000000,Muara Karang,Jakarta Utara,4,4,0,360.0,318.0
1596,1597,9900000000,Permata Buana,Jakarta Barat,5,4,2,144.0,460.0
1597,1598,7700000000,Permata Buana,Jakarta Barat,5,4,2,114.0,300.0
1598,1599,2890000000,Citra Garden,Jakarta Barat,4,3,2,96.0,198.0
1599,1600,10800000000,Pondok Indah,Jakarta Selatan,4,4,2,267.0,208.0
1600,1601,3750000000,Cilangkap,Jakarta Timur,4,5,0,211.0,360.0
1601,1602,2500000000,Pademangan,Jakarta Utara,15,15,0,59.0,119.0
1602,1603,4500000000,Bendungan Hilir,Jakarta Pusat,3,2,1,148.0,120.0
1603,1604,7500000000,Cilandak,Jakarta Selatan,4,3,2,90.0,198.0
1604,1605,4600000000,Pondok Kelapa,Jakarta Timur,6,6,4,215.0,290.0
1605,1606,5900000000,Pluit,Jakarta Utara,4,3,1,200.0,300.0
1606,1607,16000000000,Lebak Bulus,Jakarta Selatan,5,5,4,877.0,600.0
1607,1608,6250000000,Pondok Indah,Jakarta Selatan,4,3,1,122.0,200.0
1608,1609,2390000000,Jagakarsa,Jakarta Selatan,4,4,1,84.0,110.0
1609,1610,16500000000,Tanjung Duren,Jakarta Barat,24,24,6,450.0,600.0
1610,1611,3900000000,Senen,Jakarta Pusat,6,3,1,225.0,227.0
1611,1612,1450000000,Jelambar,Jakarta Barat,3,3,1,46.0,128.0
1612,1613,11000000000,Kelapa Gading,Jakarta Utara,4,4,2,220.0,440.0
1613,1614,6800000000,Pesanggrahan,Jakarta Selatan,3,3,2,245.0,350.0
1614,1615,5500000000,Lebak Bulus,Jakarta Selatan,3,3,2,245.0,280.0
1615,1616,5000000000,Rawamangun,Jakarta Timur,4,4,2,213.0,280.0
1616,1617,3000000000,Rawamangun,Jakarta Timur,3,4,2,89.0,150.0
1617,1618,14500000000,Cipulir,Jakarta Selatan,4,4,0,85.0,66.0
1618,1619,3000000000,Cipulir,Jakarta Selatan,4,3,0,257.0,94.0
1619,1620,22000000000,Pondok Indah,Jakarta Selatan,5,3,4,405.0,550.0
1620,1621,7500000000,Golf Island,Jakarta Utara,3,3,1,225.0,213.0
1621,1622,1750000000,Pantai Indah Kapuk 2,Jakarta Utara,2,2,1,45.0,75.0
1622,1623,3800000000,Jakarta Garden City,Jakarta Timur,4,4,2,198.0,210.0
1623,1624,2500000000,Sunter,Jakarta Utara,4,2,1,170.0,140.0
1624,1625,100000000000,Kebayoran Baru,Jakarta Selatan,4,3,2,684.0,600.0
1625,1626,8000000000,Kayu Putih,Jakarta Timur,5,4,2,489.0,510.0
1626,1627,7500000000,Cideng,Jakarta Pusat,4,3,1,250.0,600.0
1627,1628,27000000000,Pondok Indah,Jakarta Selatan,1,1,0,664.0,1000.0
1628,1629,17500000000,Panglima Polim,Jakarta Selatan,4,4,2,409.0,423.0
1629,1630,22000000000,Kelapa Gading,Jakarta Utara,9,8,0,513.0,800.0
1630,1631,12000000000,Blok M,Jakarta Selatan,3,3,2,235.0,150.0
1631,1632,14500000000,Cilandak,Jakarta Selatan,4,4,2,287.0,670.0
1632,1633,5700000000,Kelapa Gading,Jakarta Utara,4,3,2,180.0,180.0
1633,1634,1950000000,Kelapa Gading,Jakarta Utara,2,1,1,102.0,102.0
1634,1635,2500000000,Taman Ratu,Jakarta Barat,4,4,1,102.0,216.0
1635,1636,2900000000,Pesanggrahan,Jakarta Selatan,4,2,2,230.0,200.0
1636,1637,2800000000,Kelapa Gading,Jakarta Utara,4,3,2,129.0,195.0
1637,1638,2600000000,Tomang,Jakarta Barat,3,2,1,146.0,200.0
1638,1639,3600000000,Taman Ratu,Jakarta Barat,5,3,2,200.0,350.0
1639,1640,2900000000,Tebet,Jakarta Selatan,4,3,1,100.0,220.0
1640,1641,1900000000,Tebet,Jakarta Selatan,3,2,0,85.0,100.0
1641,1642,6400000000,Condet,Jakarta Timur,5,3,3,537.0,600.0
1642,1643,3750000000,Kelapa Gading,Jakarta Utara,3,3,2,144.0,144.0
1643,1644,4000000000,Cipete,Jakarta Selatan,3,2,2,124.0,200.0
1644,1645,2800000000,Pondok Kelapa,Jakarta Timur,5,3,2,192.0,250.0
1645,1646,4500000000,Kebagusan,Jakarta Selatan,4,2,2,270.0,220.0
1646,1647,79900000000,Kebayoran Baru,Jakarta Selatan,9,6,10,1026.0,750.0
1647,1648,3200000000,Tebet,Jakarta Selatan,4,4,2,133.0,250.0
1648,1649,3900000000,Tebet,Jakarta Selatan,4,2,2,209.0,250.0
1649,1650,6500000000,Jagakarsa,Jakarta Selatan,3,3,2,420.0,268.0
1650,1651,3950000000,Kayu Putih,Jakarta Timur,4,4,1,160.0,300.0
1651,1652,3950000000,Tebet,Jakarta Selatan,3,2,0,180.0,300.0
1652,1653,65000000000,Menteng,Jakarta Pusat,3,2,3,575.0,318.0
1653,1654,7000000000,Meruya,Jakarta Barat,5,4,3,250.0,330.0
1654,1655,2200000000,Citra Garden,Jakarta Barat,3,2,2,96.0,150.0
1655,1656,2500000000,Jatinegara,Jakarta Timur,4,3,1,136.0,210.0
1656,1657,14500000000,Cipete,Jakarta Selatan,5,6,5,518.0,450.0
1657,1658,4200000000,Cilandak,Jakarta Selatan,4,4,4,207.0,270.0
1658,1659,6900000000,Kemayoran,Jakarta Pusat,4,5,0,200.0,640.0
1659,1660,5000000000,Cipete,Jakarta Selatan,3,2,2,297.0,200.0
1660,1661,3000000000,Metland Puri,Jakarta Barat,4,4,2,105.0,84.0
1661,1662,2300000000,Pantai Indah Kapuk 2,Jakarta Utara,3,3,2,60.0,120.0
1662,1663,1700000000,Rawa Buaya,Jakarta Barat,3,2,2,132.0,158.0
1663,1664,1800000000,Sunter,Jakarta Utara,3,2,0,90.0,101.0
1664,1665,1600000000,Cibubur,Jakarta Timur,2,3,2,100.0,200.0
1665,1666,6500000000,Tebet,Jakarta Selatan,1,1,2,170.0,180.0
1666,1667,10000000000,Menteng,Jakarta Pusat,15,6,1,309.0,325.0
1667,1668,1900000000,Bintaro,Jakarta Selatan,3,3,2,84.0,67.0
1668,1669,10500000000,Tebet,Jakarta Selatan,3,2,2,392.0,236.0
1669,1670,35500000000,Pondok Indah,Jakarta Selatan,6,5,0,768.0,825.0
1670,1671,10500000000,Sunter,Jakarta Utara,5,5,3,300.0,380.0
1671,1672,4450000000,Tebet,Jakarta Selatan,1,1,0,144.0,80.0
1672,1673,1600000000,Pantai Indah Kapuk 2,Jakarta Utara,3,3,1,45.0,75.0
1673,1674,8500000000,Cipinang,Jakarta Timur,6,5,3,670.0,500.0
1674,1675,2500000000,Cirendeu,Jakarta Selatan,3,4,2,315.0,250.0
1675,1676,3470000000,Kelapa Gading,Jakarta Utara,16,9,1,102.0,260.0
1676,1677,4990000000,Kemang,Jakarta Selatan,1,3,1,135.0,275.0
1677,1678,1950000000,Kota Wisata,Jakarta Timur,3,3,1,128.0,185.0
1678,1679,1300000000,Ciracas,Jakarta Timur,3,3,2,60.0,85.0
1679,1680,1700000000,Ciracas,Jakarta Timur,5,4,2,72.0,130.0
1680,1681,5000000000,Jati Padang,Jakarta Selatan,4,3,8,520.0,159.0
1681,1682,2900000000,Duri Kepa,Jakarta Barat,4,4,0,127.0,160.0
1682,1683,2000000000,Cilincing,Jakarta Utara,3,3,1,82.0,109.0
1683,1684,12200000000,Kemang,Jakarta Selatan,6,6,3,544.0,650.0
1684,1685,35000000000,Cipete,Jakarta Selatan,4,5,5,1162.0,500.0
1685,1686,4300000000,Puri Indah,Jakarta Barat,3,2,1,160.0,90.0
1686,1687,4800000000,Pantai Indah Kapuk,Jakarta Utara,3,3,0,150.0,300.0
1687,1688,4900000000,Kelapa Gading,Jakarta Utara,4,3,1,187.0,187.0
1688,1689,1550000000,Citra Garden,Jakarta Barat,2,2,0,120.0,80.0
1689,1690,55000000000,Daan Mogot,Jakarta Barat,9,7,4,677.0,2000.0
1690,1691,1700000000,Pondok Kelapa,Jakarta Timur,3,2,1,90.0,120.0
1691,1692,599000000,Pondok Ranggon,Jakarta Timur,2,1,1,60.0,40.0
1692,1693,3950000000,Duren Sawit,Jakarta Timur,5,2,2,372.0,350.0
1693,1694,13500000000,Pantai Indah Kapuk,Jakarta Utara,3,3,2,260.0,600.0
1694,1695,1700000000,Pegadungan,Jakarta Barat,2,2,1,60.0,88.0
1695,1696,3500000000,Gandaria,Jakarta Selatan,3,3,0,171.0,200.0
1696,1697,27000000000,Cipete,Jakarta Selatan,7,6,0,750.0,1000.0
1697,1698,2700000000,Cakung,Jakarta Timur,4,3,2,170.0,121.0
1698,1699,8500000000,Radio Dalam,Jakarta Selatan,4,4,2,248.0,219.0
1699,1700,27000000000,Ampera,Jakarta Selatan,0,0,0,1335.0,800.0
1700,1701,2500000000,Pondok Kelapa,Jakarta Timur,5,4,2,113.0,160.0
1701,1702,14900000000,Tebet,Jakarta Selatan,8,5,3,389.0,256.0
1702,1703,2500000000,Cawang,Jakarta Timur,4,5,1,100.0,178.0
1703,1704,6800000000,Puri Indah,Jakarta Barat,3,3,1,200.0,350.0
1704,1705,15500000000,Permata Buana,Jakarta Barat,4,4,2,250.0,564.0
1705,1706,13000000000,Permata Buana,Jakarta Barat,4,3,0,475.0,500.0
1706,1707,8700000000,Permata Buana,Jakarta Barat,3,3,1,190.0,450.0
1707,1708,7300000000,Permata Buana,Jakarta Barat,3,3,2,294.0,300.0
1708,1709,10500000000,Tebet,Jakarta Selatan,3,3,8,640.0,640.0
1709,1710,3250000000,Tebet,Jakarta Selatan,5,3,0,143.0,180.0
1710,1711,7000000000,Pondok Indah,Jakarta Selatan,3,3,2,128.0,302.0
1711,1712,3900000000,Cilandak,Jakarta Selatan,4,4,2,100.0,200.0
1712,1713,9000000000,Kebon Jeruk,Jakarta Barat,4,4,0,300.0,500.0
1713,1714,7800000000,Pantai Indah Kapuk,Jakarta Utara,5,4,0,260.0,600.0
1714,1715,5380000000,Pantai Indah Kapuk 2,Jakarta Utara,4,4,1,150.0,200.0
1715,1716,2500000000,Metland Puri,Jakarta Barat,4,3,1,90.0,120.0
1716,1717,2500000000,Meruya,Jakarta Barat,3,3,1,125.0,168.0
1717,1718,2200000000,Cengkareng,Jakarta Barat,4,3,2,120.0,160.0
1718,1719,80000000000,Pantai Indah Kapuk,Jakarta Utara,4,4,0,1626.0,4878.0
1719,1720,23500000000,Pondok Indah,Jakarta Selatan,5,4,2,410.0,500.0
1720,1721,4600000000,Pondok Kelapa,Jakarta Timur,6,6,4,216.0,290.0
1721,1722,2990000000,Sunter,Jakarta Utara,4,5,0,120.0,280.0
1722,1723,3500000000,Alfa Indah,Jakarta Barat,4,2,2,160.0,229.0
1723,1724,2790000000,Jakarta Garden City,Jakarta Timur,3,2,0,98.0,114.0
1724,1725,7800000000,Duren Tiga,Jakarta Selatan,4,4,2,246.0,221.0
1725,1726,7890000000,Pejaten,Jakarta Selatan,3,2,5,404.0,300.0
1726,1727,3300000000,Pancoran,Jakarta Selatan,5,5,2,84.0,90.0
1727,1728,3700000000,Pancoran,Jakarta Selatan,5,4,2,87.0,220.0
1728,1729,5600000000,Pluit,Jakarta Utara,5,3,2,240.0,303.0
1729,1730,3490000000,Taman Surya,Jakarta Barat,4,3,0,252.0,360.0
1730,1731,1500000000,Duri Kepa,Jakarta Barat,3,3,1,38.0,60.0
1731,1732,7500000000,Jelambar,Jakarta Barat,5,5,2,300.0,600.0
1732,1733,3000000000,Pondok Bambu,Jakarta Timur,4,2,2,312.0,270.0
1733,1734,2000000000,Pademangan,Jakarta Utara,2,1,0,112.0,108.0
1734,1735,6000000000,Kelapa Gading,Jakarta Utara,4,2,3,150.0,117.0
1735,1736,16500000000,Kuningan,Jakarta Selatan,6,4,2,391.0,407.0
1736,1737,900000000,Cipedak,Jakarta Selatan,3,2,1,53.0,70.0
1737,1738,7000000000,Pesanggrahan,Jakarta Selatan,6,5,4,860.0,400.0
1738,1739,4700000000,Cempaka Putih,Jakarta Pusat,5,4,2,115.0,200.0
1739,1740,2900000000,Pondok Kelapa,Jakarta Timur,4,4,2,150.0,160.0
1740,1741,45800000000,Kemang,Jakarta Selatan,5,3,10,2363.0,487.0
1741,1742,19000000000,Kebayoran Baru,Jakarta Selatan,4,2,2,318.0,180.0
1742,1743,3900000000,Kebon Jeruk,Jakarta Barat,4,2,1,318.0,264.0
1743,1744,4350000000,Duri Kepa,Jakarta Barat,4,4,1,126.0,380.0
1744,1745,80000000000,Kebayoran Baru,Jakarta Selatan,9,6,10,1026.0,750.0
1745,1746,1350000000,Jelambar,Jakarta Barat,3,3,0,51.0,120.0
1746,1747,850000000,Jagakarsa,Jakarta Selatan,2,1,1,64.0,55.0
1747,1748,30000000000,Kebayoran Baru,Jakarta Selatan,4,4,0,448.0,274.0
1748,1749,19000000000,Kelapa Gading,Jakarta Utara,5,4,1,333.0,700.0
1749,1750,3250000000,Kelapa Gading,Jakarta Utara,5,3,2,90.0,216.0
1750,1751,80000000000,Kebayoran Baru,Jakarta Selatan,9,6,10,1026.0,750.0
1751,1752,33000000000,Pondok Indah,Jakarta Selatan,5,6,2,607.0,750.0
1752,1753,15200000000,Bendungan Hilir,Jakarta Pusat,5,3,0,491.0,473.0
1753,1754,4500000000,Ciganjur,Jakarta Selatan,3,3,2,137.0,220.0
1754,1755,9500000000,Pluit,Jakarta Utara,4,4,2,325.0,390.0
1755,1756,16000000000,Pancoran,Jakarta Selatan,5,4,3,808.0,400.0
1756,1757,4800000000,Tebet,Jakarta Selatan,5,2,2,150.0,300.0
1757,1758,11500000000,Radio Dalam,Jakarta Selatan,3,3,0,374.0,255.0
1758,1759,9200000000,Lebak Bulus,Jakarta Selatan,4,3,2,306.0,300.0
1759,1760,4000000000,Rempoa Ciputat Timur,Jakarta Selatan,6,4,4,489.0,330.0
1760,1761,2100000000,Pesanggrahan,Jakarta Selatan,4,3,0,150.0,120.0
1761,1762,10000000000,Kebayoran Baru,Jakarta Selatan,8,7,0,700.0,500.0
1762,1763,55000000000,Menteng,Jakarta Pusat,7,8,0,733.0,548.0
1763,1764,18000000000,Duren Tiga,Jakarta Selatan,5,5,0,626.0,820.0
1764,1765,16500000000,Pantai Indah Kapuk,Jakarta Utara,4,4,0,546.0,600.0
1765,1766,7500000000,Cempaka Putih,Jakarta Pusat,4,3,2,162.0,170.0
1766,1767,14000000000,Cempaka Putih,Jakarta Pusat,4,4,5,400.0,600.0
1767,1768,16000000000,Kemang,Jakarta Selatan,4,4,2,667.0,363.0
1768,1769,2470000000,Meruya,Jakarta Barat,3,3,0,125.0,168.0
1769,1770,2800000000,Jakarta Garden City,Jakarta Timur,4,3,0,112.0,150.0
1770,1771,2100000000,Cakung,Jakarta Timur,2,2,0,102.0,69.0
1771,1772,2500000000,Cakung,Jakarta Timur,2,2,0,84.0,103.0
1772,1773,2800000000,Cakung,Jakarta Timur,3,4,0,105.0,156.0
1773,1774,1800000000,Cakung,Jakarta Timur,4,2,0,85.0,93.0
1774,1775,1790000000,Cakung,Jakarta Timur,4,2,2,75.0,93.0
1775,1776,9000000000,Jembatan Dua,Jakarta Barat,10,5,3,490.0,1048.0
1776,1777,3950000000,Kelapa Gading,Jakarta Utara,4,4,3,128.0,220.0
1777,1778,9000000000,Taman Palem,Jakarta Barat,6,4,0,202.0,440.0
1778,1779,2350000000,Duri Kepa,Jakarta Barat,4,4,0,68.0,183.0
1779,1780,2350000000,Tanjung Duren,Jakarta Barat,4,4,0,56.0,165.0
1780,1781,5520000000,Lenteng Agung,Jakarta Selatan,4,3,2,229.0,199.0
1781,1782,7450000000,Pondok Indah,Jakarta Selatan,4,3,1,154.0,200.0
1782,1783,18500000000,Ampera,Jakarta Selatan,5,5,2,823.0,750.0
1783,1784,7450000000,Pondok Indah,Jakarta Selatan,4,3,1,154.0,200.0
1784,1785,21000000000,Lebak Bulus,Jakarta Selatan,4,4,4,960.0,680.0
1785,1786,28000000000,Pantai Indah Kapuk,Jakarta Utara,4,3,3,375.0,375.0
1786,1787,2200000000,Rawamangun,Jakarta Timur,5,3,1,135.0,200.0
1787,1788,2150000000,Legenda Wisata,Jakarta Timur,5,4,1,200.0,600.0
1788,1789,19500000000,Pondok Indah,Jakarta Selatan,4,4,2,665.0,934.0
1789,1790,1100000000,Bintaro,Jakarta Selatan,3,3,2,63.0,70.0
1790,1791,1900000000,Sunter,Jakarta Utara,2,1,1,247.0,219.0
1791,1792,2800000000,Sunter,Jakarta Utara,5,3,2,140.0,325.0
1792,1793,7450000000,Pondok Indah,Jakarta Selatan,4,4,2,154.0,200.0
1793,1794,13500000000,Mampang,Jakarta Selatan,4,4,2,543.0,320.0
1794,1795,28000000000,Kebayoran Baru,Jakarta Selatan,4,4,2,401.0,650.0
1795,1796,48000000000,Kebayoran Baru,Jakarta Selatan,5,3,7,916.0,1000.0
1796,1797,23000000000,Kebayoran Baru,Jakarta Selatan,4,4,1,520.0,350.0
1797,1798,11500000000,Cilandak,Jakarta Selatan,5,4,0,1030.0,500.0
1798,1799,11000000000,Kebayoran Baru,Jakarta Selatan,3,3,2,254.0,100.0
1799,1800,29500000000,Kebayoran Baru,Jakarta Selatan,5,5,2,374.0,700.0
1800,1801,16000000000,Kemang,Jakarta Selatan,4,3,1,1058.0,320.0
1801,1802,6800000000,Lebak Bulus,Jakarta Selatan,4,5,1,313.0,280.0
1802,1803,11000000000,Pondok Labu,Jakarta Selatan,6,6,2,585.0,410.0
1803,1804,25000000000,Cipete,Jakarta Selatan,4,4,4,940.0,441.0
1804,1805,25000000000,Cipete,Jakarta Selatan,6,6,2,576.0,700.0
1805,1806,25000000000,Cilandak,Jakarta Selatan,5,4,10,1331.0,585.0
1806,1807,1800000000,Kav DKI,Jakarta Barat,3,3,2,60.0,99.0
1807,1808,4300000000,Kelapa Gading,Jakarta Utara,3,2,1,120.0,120.0
1808,1809,23500000000,Lebak Bulus,Jakarta Selatan,4,4,6,1500.0,600.0
1809,1810,42800000000,Kebayoran Baru,Jakarta Selatan,2,1,4,536.0,400.0
1810,1811,172000000000,Kebayoran Baru,Jakarta Selatan,5,3,8,1715.0,500.0
1811,1812,12500000000,Cilandak,Jakarta Selatan,4,4,4,497.0,400.0
1812,1813,6100000000,Cibubur,Jakarta Timur,4,3,3,475.0,475.0
1813,1814,13000000000,Kebayoran Baru,Jakarta Selatan,4,2,3,456.0,456.0
1814,1815,2240000000,Cakung,Jakarta Timur,2,2,0,90.0,88.0
1815,1816,2000000000,Metland Menteng,Jakarta Timur,3,3,1,150.0,111.0
1816,1817,1650000000,Jakarta Garden City,Jakarta Timur,3,2,1,90.0,75.0
1817,1818,990000000,Cakung,Jakarta Timur,3,3,1,60.0,70.0
1818,1819,2800000000,Kalideres,Jakarta Barat,3,3,2,105.0,150.0
1819,1820,1300000000,Jakarta Garden City,Jakarta Timur,2,2,2,90.0,75.0
1820,1821,1600000000,Metland Menteng,Jakarta Timur,3,2,2,102.0,65.0
1821,1822,50000000000,Karet Tengsin,Jakarta Pusat,5,3,6,933.0,650.0
1822,1823,825000000,Cilangkap,Jakarta Timur,3,2,3,52.0,80.0
1823,1824,5500000000,Pasar Minggu,Jakarta Selatan,3,1,1,377.0,108.0
1824,1825,1550000000,Cakung,Jakarta Timur,3,2,2,90.0,75.0
1825,1826,4200000000,Metland Menteng,Jakarta Timur,4,3,2,120.0,144.0
1826,1827,24900000000,Kemang,Jakarta Selatan,4,4,8,1344.0,450.0
1827,1828,38000000000,Kemang,Jakarta Selatan,7,5,4,1000.0,700.0
1828,1829,3750000000,Kebayoran Baru,Jakarta Selatan,3,2,1,300.0,150.0
1829,1830,19000000000,Lebak Bulus,Jakarta Selatan,5,5,2,650.0,500.0
1830,1831,89700000000,Simprug,Jakarta Selatan,5,4,6,1380.0,1200.0
1831,1832,13500000000,Pluit,Jakarta Utara,6,4,1,366.0,837.0
1832,1833,2880000000,Kelapa Gading,Jakarta Utara,3,2,0,120.0,140.0
1833,1834,8960000000,Kemanggisan,Jakarta Barat,17,10,4,900.0,1000.0
1834,1835,3580000000,Pejaten Timur,Jakarta Selatan,3,2,0,328.0,180.0
1835,1836,4300000000,Joglo,Jakarta Barat,3,3,1,162.0,175.0
1836,1837,2700000000,Jatiwaringin,Jakarta Timur,3,2,1,120.0,100.0
1837,1838,4750000000,Lebak Bulus,Jakarta Selatan,3,4,2,189.0,256.0
1838,1839,19000000000,Permata Hijau,Jakarta Selatan,5,4,0,520.0,409.0
1839,1840,4600000000,Lebak Bulus,Jakarta Selatan,4,3,2,180.0,150.0
1840,1841,21000000000,Gandaria,Jakarta Selatan,7,4,2,750.0,550.0
1841,1842,3200000000,Cilincing,Jakarta Utara,4,4,2,120.0,280.0
1842,1843,5900000000,Bintaro,Jakarta Selatan,4,4,2,350.0,400.0
1843,1844,35000000000,Mega Kuningan,Jakarta Selatan,4,4,4,509.0,835.0
1844,1845,2350000000,Ciganjur,Jakarta Selatan,4,3,2,142.0,225.0
1845,1846,6800000000,Kembangan,Jakarta Barat,3,3,1,144.0,350.0
1846,1847,55000000000,Pondok Indah,Jakarta Selatan,5,4,4,900.0,1250.0
1847,1848,10000000000,Pluit,Jakarta Utara,17,7,2,325.0,780.0
1848,1849,2350000000,Pondok Kelapa,Jakarta Timur,5,4,1,129.0,180.0
1849,1850,19500000000,Pondok Indah,Jakarta Selatan,5,3,2,606.0,395.0
1850,1851,8500000000,Cempaka Putih,Jakarta Pusat,4,4,1,183.0,427.0
1851,1852,685000000,Joglo,Jakarta Barat,2,2,1,32.0,40.0
1852,1853,3250000000,Rawamangun,Jakarta Timur,4,4,2,100.0,150.0
1853,1854,2400000000,Jagakarsa,Jakarta Selatan,3,4,0,125.0,176.0
1854,1855,2900000000,Jagakarsa,Jakarta Selatan,5,4,2,160.0,180.0
1855,1856,3800000000,Palmerah,Jakarta Barat,3,1,0,196.0,132.0
1856,1857,2400000000,Tanjung Duren Utara,Jakarta Barat,4,3,0,72.0,100.0
1857,1858,4530000000,Rawa Belong,Jakarta Barat,4,2,1,302.0,250.0
1858,1859,9000000000,Srengseng,Jakarta Barat,17,14,2,755.0,755.0
1859,1860,5000000000,Kemanggisan,Jakarta Barat,4,2,1,365.0,250.0
1860,1861,5250000000,Ancol,Jakarta Utara,3,3,0,200.0,350.0
1861,1862,11500000000,Muara Karang,Jakarta Utara,4,4,0,410.0,550.0
1862,1863,15500000000,Pantai Indah Kapuk,Jakarta Utara,4,3,0,240.0,350.0
1863,1864,3200000000,Tomang,Jakarta Barat,4,2,1,150.0,265.0
1864,1865,38000000000,Kemang,Jakarta Selatan,7,7,3,517.0,760.0
1865,1866,3250000000,Permata Buana,Jakarta Barat,3,2,1,160.0,100.0
1866,1867,12000000000,Kebon Jeruk,Jakarta Barat,6,7,3,468.0,550.0
1867,1868,1900000000,Bintaro,Jakarta Selatan,3,3,2,48.0,93.0
1868,1869,50000000000,Menteng,Jakarta Pusat,0,4,0,548.0,600.0
1869,1870,13000000000,Sunrise Garden,Jakarta Barat,6,3,8,266.0,510.0
1871,1872,35000000000,Cipete,Jakarta Selatan,4,4,3,556.0,590.0
1872,1873,45000000000,Cilandak,Jakarta Selatan,5,5,12,1923.0,900.0
1873,1874,160000000000,Kuningan,Jakarta Selatan,10,12,10,1779.0,2000.0
1874,1875,14900000000,Lebak Bulus,Jakarta Selatan,4,3,2,576.0,350.0
1875,1876,6600000000,Palmerah,Jakarta Barat,0,0,0,352.0,368.0
1876,1877,10000000000,Pademangan,Jakarta Utara,0,0,0,426.0,500.0
1877,1878,36000000000,Menteng Atas,Jakarta Pusat,0,0,0,1078.0,1000.0
1878,1879,7000000000,Pantai Indah Kapuk,Jakarta Utara,3,3,1,176.0,300.0
1879,1880,65000000000,Kuningan,Jakarta Selatan,6,5,0,850.0,600.0
1880,1881,3700000000,Kelapa Gading,Jakarta Utara,3,3,0,100.0,141.0
1881,1882,1700000000,Sumur Batu,Jakarta Pusat,3,3,0,64.0,180.0
1882,1883,1100000000,Ciracas,Jakarta Timur,3,2,2,63.0,65.0
1883,1884,29500000000,Lebak Bulus,Jakarta Selatan,5,4,0,992.0,324.0
1884,1885,3800000000,Kelapa Gading,Jakarta Utara,4,4,2,150.0,190.0
1885,1886,28000000000,Kemang,Jakarta Selatan,3,3,4,1556.0,700.0
1886,1887,7500000000,Kemang,Jakarta Selatan,4,4,2,260.0,400.0
1887,1888,7200000000,Tebet,Jakarta Selatan,4,3,2,129.0,272.0
1888,1889,4500000000,Grogol,Jakarta Barat,5,3,1,300.0,400.0
1889,1890,13500000000,Pluit,Jakarta Utara,6,4,1,366.0,837.0
1890,1891,6200000000,Muara Karang,Jakarta Utara,5,2,0,300.0,300.0
1891,1892,5800000000,Pulogebang,Jakarta Timur,4,3,3,325.0,220.0
1892,1893,7500000000,Cipete,Jakarta Selatan,4,4,4,421.0,250.0
1893,1894,14900000000,Pondok Indah,Jakarta Selatan,3,3,0,407.0,332.0
1894,1895,55000000000,Kebayoran Baru,Jakarta Selatan,4,4,4,500.0,457.0
1895,1896,7500000000,Menteng,Jakarta Pusat,4,4,0,155.0,250.0
1896,1897,18000000000,Kelapa Gading,Jakarta Utara,5,6,2,312.0,550.0
1897,1898,19800000000,Kelapa Gading,Jakarta Utara,3,5,2,387.0,800.0
1898,1899,11000000000,Kedoya Selatan,Jakarta Barat,4,3,2,512.0,800.0
1899,1900,5500000000,Permata Hijau,Jakarta Selatan,3,3,1,196.0,351.0
1900,1901,35000000000,Permata Hijau,Jakarta Selatan,5,5,4,719.0,650.0
1901,1902,798000000,Lubang Buaya,Jakarta Timur,3,2,1,44.0,67.0
1902,1903,33000000000,Pondok Indah,Jakarta Selatan,6,5,2,768.0,825.0
1903,1904,6500000000,Cibubur,Jakarta Timur,5,3,1,380.0,350.0
1904,1905,795000000,Kalideres,Jakarta Barat,3,2,1,32.0,52.0
1905,1906,1100000000,Cipayung,Jakarta Timur,3,2,1,60.0,70.0
1906,1907,875000000,Koja,Jakarta Utara,2,2,1,34.0,53.0
1907,1908,4500000000,Tanjung Duren,Jakarta Barat,17,5,0,154.0,400.0
1908,1909,3750000000,Kalibata,Jakarta Selatan,6,5,2,146.0,230.0
1909,1910,13000000000,Gandaria,Jakarta Selatan,4,3,0,260.0,330.0
1910,1911,32000000000,Pejaten,Jakarta Selatan,3,2,0,2542.0,140.0
1911,1912,4500000000,Ancol,Jakarta Utara,3,2,1,160.0,100.0
1912,1913,22000000000,Kebayoran Baru,Jakarta Selatan,3,5,2,218.0,500.0
1913,1914,21500000000,Kemang,Jakarta Selatan,5,5,3,630.0,550.0
1914,1915,38000000000,Kemang,Jakarta Selatan,7,7,3,517.0,760.0
1915,1916,5100000000,Sunter,Jakarta Utara,5,4,1,180.0,260.0
1916,1917,15500000000,Pasar Minggu,Jakarta Selatan,4,3,4,571.0,300.0
1917,1918,870000000,Pulo Gadung,Jakarta Timur,2,1,1,84.0,65.0
1918,1919,3500000000,Duri Kosambi,Jakarta Barat,3,3,0,192.0,189.0
1919,1920,4300000000,Tanah Abang,Jakarta Pusat,6,2,0,123.0,100.0
1920,1921,1700000000,Cibubur,Jakarta Timur,1,5,2,72.0,130.0
1921,1922,1300000000,Bambu Apus,Jakarta Timur,3,3,2,61.0,85.0
1922,1923,1300000000,Cibubur,Jakarta Timur,3,3,2,60.0,85.0
1923,1924,4970000000,Cilandak,Jakarta Selatan,4,4,1,272.0,155.0
1924,1925,749000000,Citra Garden,Jakarta Barat,3,2,1,56.0,75.0
1925,1926,1880000000,Citra Garden,Jakarta Barat,4,3,1,128.0,100.0
1926,1927,4750000000,Kemanggisan,Jakarta Barat,3,2,1,260.0,260.0
1927,1928,21000000000,Pondok Indah,Jakarta Selatan,4,4,2,412.0,500.0
1928,1929,8800000000,Pondok Indah,Jakarta Selatan,4,3,1,240.0,300.0
1929,1930,36000000000,Cilandak,Jakarta Selatan,6,5,10,1650.0,1200.0
1930,1931,4400000000,Tebet,Jakarta Selatan,4,2,2,133.0,180.0
1931,1932,2300000000,Tebet,Jakarta Selatan,5,4,1,83.0,147.0
1932,1933,3400000000,Pancoran,Jakarta Selatan,5,4,2,81.0,200.0
1933,1934,1650000000,Pasar Minggu,Jakarta Selatan,3,3,2,60.0,80.0
1934,1935,4290000000,Pantai Indah Kapuk,Jakarta Utara,3,3,0,161.0,210.0
1935,1936,2070000000,Citra Garden,Jakarta Barat,4,3,2,72.0,92.0
1936,1937,1110000000,Jagakarsa,Jakarta Selatan,2,2,0,72.0,86.0
1937,1938,420000000,Cakung,Jakarta Timur,2,1,0,60.0,50.0
1938,1939,700000000,Cakung,Jakarta Timur,3,1,0,60.0,45.0
1939,1940,2550000000,Lebak Bulus,Jakarta Selatan,3,4,0,84.0,119.0
1940,1941,1770000000,Cilandak,Jakarta Selatan,3,3,0,180.0,120.0
1941,1942,670000000,Jakarta Garden City,Jakarta Timur,3,1,0,120.0,90.0
1942,1943,6700000000,Permata Buana,Jakarta Barat,4,3,2,289.0,350.0
1943,1944,8500000000,Kemanggisan,Jakarta Barat,6,3,3,420.0,300.0
1944,1945,4100000000,Duri Kosambi,Jakarta Barat,5,3,3,286.0,300.0
1945,1946,1950000000,Semanan,Jakarta Barat,3,2,2,90.0,102.0
1946,1947,2350000000,Pasar Minggu,Jakarta Selatan,3,2,0,143.0,70.0
1947,1948,5750000000,Kemanggisan,Jakarta Barat,3,2,1,264.0,264.0
1948,1949,4500000000,Daan Mogot,Jakarta Barat,4,3,2,200.0,335.0
1949,1950,70000000000,Pantai Indah Kapuk,Jakarta Utara,8,8,8,1113.0,1900.0
1950,1951,21000000000,Kebayoran Baru,Jakarta Selatan,0,0,0,379.0,300.0
1951,1952,2600000000,Tomang,Jakarta Barat,3,2,1,146.0,200.0
1952,1953,5150000000,Puri Indah,Jakarta Barat,4,2,1,200.0,250.0
1953,1954,15500000000,Permata Buana,Jakarta Barat,4,4,2,250.0,564.0
1954,1955,5200000000,Permata Buana,Jakarta Barat,3,3,2,160.0,200.0
1955,1956,12000000000,Kebayoran Baru,Jakarta Selatan,0,0,0,600.0,700.0
1956,1957,1900000000,Tebet,Jakarta Selatan,5,5,1,100.0,226.0
1957,1958,6000000000,Pantai Indah Kapuk,Jakarta Utara,3,2,0,136.0,192.0
1958,1959,5800000000,Pegangsaan,Jakarta Utara,9,5,3,195.0,475.0
1959,1960,57000000000,Kebayoran Baru,Jakarta Selatan,4,4,2,677.0,600.0
1960,1961,16000000000,Mampang Prapatan,Jakarta Selatan,5,4,6,696.0,325.0
1961,1962,16000000000,Permata Buana,Jakarta Barat,5,4,0,460.0,920.0
1962,1963,4700000000,Lebak Bulus,Jakarta Selatan,3,4,2,187.0,250.0
1963,1964,4700000000,Cempaka Putih,Jakarta Pusat,4,3,2,120.0,200.0
1964,1965,9500000000,Pondok Indah,Jakarta Selatan,3,3,5,300.0,400.0
1965,1966,27500000000,Bintaro,Jakarta Selatan,7,3,2,2185.0,1000.0
1966,1967,3000000000,Rawamangun,Jakarta Timur,4,4,2,89.0,140.0
1967,1968,7500000000,Bendungan Hilir,Jakarta Pusat,7,7,2,206.0,655.0
1968,1969,3750000000,Green Lake City,Jakarta Barat,4,3,2,135.0,230.0
1969,1970,2500000000,Pantai Indah Kapuk,Jakarta Utara,2,2,1,48.0,108.0
1970,1971,2300000000,Pantai Indah Kapuk 2,Jakarta Utara,3,2,2,60.0,119.0
1971,1972,4300000000,Meruya,Jakarta Barat,2,2,1,250.0,150.0
1972,1973,27000000000,Kemang,Jakarta Selatan,4,4,4,2028.0,550.0
1973,1974,180000000000,Kebayoran Baru,Jakarta Selatan,5,5,6,1358.0,800.0
1974,1975,2600000000,Jakarta Garden City,Jakarta Timur,3,3,1,148.0,158.0
1975,1976,3300000000,Green Lake City,Jakarta Barat,2,2,0,144.0,156.0
1976,1977,4800000000,Jakarta Garden City,Jakarta Timur,4,3,2,240.0,235.0
1977,1978,2700000000,Jakarta Garden City,Jakarta Timur,4,3,2,170.0,127.0
1978,1979,85000000000,Kebayoran Baru,Jakarta Selatan,4,4,4,634.0,1500.0
1979,1980,21000000000,Lebak Bulus,Jakarta Selatan,5,4,6,960.0,700.0
1980,1981,13000000000,Pondok Indah,Jakarta Selatan,2,2,1,300.0,150.0
1981,1982,58000000000,Kebayoran Baru,Jakarta Selatan,5,4,5,850.0,900.0
1982,1983,2500000000,Jakarta Garden City,Jakarta Timur,3,2,1,148.0,156.0
1983,1984,1900000000,Jakarta Garden City,Jakarta Timur,3,3,2,112.0,90.0
1984,1985,2900000000,Grogol,Jakarta Barat,6,5,0,160.0,350.0
1985,1986,16200000000,Pondok Indah,Jakarta Selatan,5,5,1,300.0,650.0
1986,1987,9600000000,Mampang,Jakarta Selatan,6,6,2,247.0,500.0
1987,1988,1750000000,Jagakarsa,Jakarta Selatan,3,3,1,95.0,90.0
1988,1989,7000000000,Sunter,Jakarta Utara,5,4,2,315.0,391.0
1989,1990,3600000000,Kelapa Gading,Jakarta Utara,3,3,2,100.0,141.0
1990,1991,3500000000,Cempaka Putih,Jakarta Pusat,4,3,2,148.0,225.0
1991,1992,30000000000,Pondok Indah,Jakarta Selatan,6,4,2,768.0,825.0
1992,1993,890000000,Cirendeu,Jakarta Selatan,2,3,2,72.0,36.0
1993,1994,12900000000,Tebet,Jakarta Selatan,4,3,3,393.0,400.0
1994,1995,3200000000,Tebet,Jakarta Selatan,3,2,1,140.0,100.0
1995,1996,2400000000,Kebayoran Lama,Jakarta Selatan,4,2,3,176.0,120.0
1996,1997,2600000000,Semanan,Jakarta Barat,5,4,2,161.0,149.0
1997,1998,2100000000,Green Lake City,Jakarta Barat,3,2,1,90.0,110.0
1998,1999,42000000000,Cipete,Jakarta Selatan,6,7,9,1932.0,600.0
1999,2000,2800000000,Jatinegara,Jakarta Timur,5,4,1,160.0,250.0
2000,2001,3500000000,Lebak Bulus,Jakarta Selatan,3,2,1,45.0,102.0
2001,2002,6500000000,Tebet,Jakarta Selatan,4,3,0,220.0,350.0
2002,2003,12000000000,Sunter,Jakarta Utara,7,7,2,566.0,700.0
2003,2004,40000000000,Sunter,Jakarta Utara,5,4,2,1120.0,1000.0
2004,2005,7800000000,Sunter,Jakarta Utara,3,2,1,300.0,152.0
2005,2006,2900000000,Rawamangun,Jakarta Timur,4,4,2,75.0,260.0
2006,2007,39000000000,Kemang,Jakarta Selatan,0,0,0,1674.0,1044.0
2007,2008,2800000000,Veteran,Jakarta Selatan,3,3,2,157.0,170.0
2008,2009,25000000000,Tebet,Jakarta Selatan,9,6,6,501.0,1200.0
2009,2010,22000000000,Cilandak,Jakarta Selatan,4,3,3,914.0,400.0
2010,2011,16500000000,Tebet,Jakarta Selatan,5,4,1,502.0,350.0
2011,2012,16500000000,Tebet,Jakarta Selatan,14,5,3,530.0,400.0
2012,2013,15800000000,Tebet,Jakarta Selatan,5,4,2,450.0,450.0
2013,2014,13500000000,Tebet,Jakarta Selatan,5,5,0,466.0,500.0
2014,2015,11000000000,Tebet,Jakarta Selatan,16,13,0,470.0,750.0
2015,2016,9500000000,Tebet,Jakarta Selatan,5,4,2,264.0,350.0
2016,2017,8090000000,Tebet,Jakarta Selatan,4,3,0,295.0,300.0
2017,2018,7900000000,Tebet,Jakarta Selatan,3,2,0,313.0,250.0
2018,2019,7500000000,Tebet,Jakarta Selatan,4,3,0,312.0,250.0
2019,2020,1560000000,Kemayoran,Jakarta Pusat,3,3,1,56.0,164.0
2020,2021,7500000000,Tebet,Jakarta Selatan,7,4,2,245.0,200.0
2021,2022,7200000000,Tebet,Jakarta Selatan,4,3,0,237.0,350.0
2022,2023,6900000000,Tebet,Jakarta Selatan,1,1,1,432.0,250.0
2023,2024,24900000000,Pantai Indah Kapuk,Jakarta Utara,4,5,2,300.0,1000.0
2024,2025,6800000000,Pulomas,Jakarta Timur,5,3,0,241.0,362.0
2025,2026,9000000000,Setiabudi,Jakarta Selatan,8,3,1,151.0,151.0
2026,2027,7400000000,Kelapa Gading,Jakarta Utara,5,4,2,180.0,455.0
2027,2028,2600000000,Citra Garden,Jakarta Barat,4,3,2,161.0,200.0
2028,2029,2800000000,Joglo,Jakarta Barat,4,3,2,123.0,185.0
2029,2030,2700000000,Joglo,Jakarta Barat,3,4,2,125.0,200.0
2030,2031,3850000000,Meruya,Jakarta Barat,3,3,2,126.0,177.0
2031,2032,10500000000,Warung Buncit,Jakarta Selatan,5,6,4,450.0,500.0
2032,2033,17500000000,Pantai Indah Kapuk,Jakarta Utara,4,4,2,345.0,950.0
2033,2034,8700000000,Pantai Indah Kapuk,Jakarta Utara,3,3,2,200.0,400.0
2034,2035,23000000000,Pantai Indah Kapuk,Jakarta Utara,3,3,3,375.0,1.0
2035,2036,18000000000,Pantai Indah Kapuk,Jakarta Utara,4,4,2,453.0,905.0
2036,2037,5900000000,Tebet,Jakarta Selatan,4,3,0,165.0,260.0
2037,2038,2950000000,Duri Kepa,Jakarta Barat,1,1,2,156.0,100.0
2038,2039,2500000000,Jelambar,Jakarta Barat,2,3,0,80.0,210.0
2039,2040,4400000000,Tanjung Duren,Jakarta Barat,3,3,0,189.0,136.0
2040,2041,5750000000,Tebet,Jakarta Selatan,4,3,2,132.0,270.0
2041,2042,8500000000,Tebet,Jakarta Selatan,4,4,0,238.0,150.0
2042,2043,3200000000,Tebet,Jakarta Selatan,3,2,0,137.0,120.0
2043,2044,2600000000,Jagakarsa,Jakarta Selatan,4,4,2,141.0,115.0
2044,2045,2500000000,Jagakarsa,Jakarta Selatan,5,5,2,100.0,155.0
2045,2046,1420000000,Jakarta Garden City,Jakarta Timur,3,1,2,90.0,66.0
2046,2047,2200000000,Cipedak,Jakarta Selatan,3,3,2,100.0,112.0
2047,2048,2300000000,Ciganjur,Jakarta Selatan,4,4,2,105.0,135.0
2048,2049,4300000000,Jagakarsa,Jakarta Selatan,5,5,2,200.0,175.0
2049,2050,2750000000,Golf Island,Jakarta Utara,3,3,0,90.0,120.0
2050,2051,5500000000,Metland Puri,Jakarta Barat,4,5,3,144.0,235.0
2051,2052,2600000000,Muara Karang,Jakarta Utara,3,3,2,60.0,150.0
2052,2053,4550000000,Sunter,Jakarta Utara,4,4,2,153.0,250.0
2053,2054,3980000000,Golf Island,Jakarta Utara,3,2,0,120.0,200.0
2054,2055,5300000000,Ampera,Jakarta Selatan,4,3,0,187.0,361.0
2055,2056,1600000000,Citra Garden,Jakarta Barat,2,1,0,60.0,75.0
2056,2057,25200000000,Kebayoran Baru,Jakarta Selatan,7,4,6,620.0,230.0
2057,2058,4800000000,Permata Buana,Jakarta Barat,4,3,0,144.0,180.0
2058,2059,11900000000,Pantai Indah Kapuk,Jakarta Utara,5,0,0,372.0,600.0
2059,2060,6000000000,Golf Island,Jakarta Utara,3,3,1,120.0,220.0
2060,2061,33000000000,Kemang,Jakarta Selatan,5,4,5,1419.0,800.0
2061,2062,42000000000,Cipete,Jakarta Selatan,5,5,6,1925.0,900.0
2062,2063,7000000000,Golf Island,Jakarta Utara,4,4,2,160.0,250.0
2063,2064,41000000000,Kemang,Jakarta Selatan,3,3,8,1138.0,1138.0
2064,2065,1250000000,Cipayung,Jakarta Timur,3,3,2,75.0,88.0
2065,2066,1880000000,Cakung,Jakarta Timur,3,3,1,75.0,93.0
2066,2067,2700000000,Meruya,Jakarta Barat,3,3,2,150.0,120.0
2067,2068,7750000000,Pesanggrahan,Jakarta Selatan,4,5,0,404.0,500.0
2068,2069,3600000000,Jakarta Garden City,Jakarta Timur,4,4,2,114.0,156.0
2069,2070,8900000000,Pantai Indah Kapuk,Jakarta Utara,4,3,2,140.0,350.0
2070,2071,50000000000,Kebayoran Baru,Jakarta Selatan,5,5,0,960.0,546.0
2071,2072,2800000000,Metland Puri,Jakarta Barat,3,3,1,160.0,100.0
2072,2073,2600000000,Metland Puri,Jakarta Barat,3,3,1,102.0,120.0
2073,2074,22500000000,Permata Hijau,Jakarta Selatan,1,1,0,450.0,450.0
2074,2075,1600000000,Tebet,Jakarta Selatan,2,1,1,108.0,130.0
2075,2076,3900000000,Tebet,Jakarta Selatan,3,3,1,112.0,150.0
2076,2077,8100000000,Lebak Bulus,Jakarta Selatan,4,3,2,254.0,250.0
2077,2078,4000000000,Pejaten,Jakarta Selatan,4,2,1,263.0,215.0
2078,2079,8000000000,Tawakal,Jakarta Barat,27,8,6,366.0,500.0
2079,2080,2900000000,Jembatan Dua,Jakarta Barat,2,2,2,169.0,150.0
2080,2081,4300000000,Rawamangun,Jakarta Timur,4,2,2,285.0,150.0
2081,2082,9900000000,Duren Tiga,Jakarta Selatan,4,3,2,418.0,360.0
2082,2083,2750000000,Sunter,Jakarta Utara,0,0,0,108.0,200.0
2083,2084,4500000000,Duri Kepa,Jakarta Barat,5,5,2,327.0,300.0
2084,2085,3500000000,Jagakarsa,Jakarta Selatan,5,6,2,102.0,230.0
2085,2086,6900000000,Lebak Bulus,Jakarta Selatan,4,5,2,313.0,280.0
2086,2087,9500000000,Puri Indah,Jakarta Barat,4,2,0,242.0,300.0
2087,2088,35000000000,Kebayoran Baru,Jakarta Selatan,2,4,2,264.0,650.0
2088,2089,15800000000,Golf Island,Jakarta Utara,4,4,2,300.0,455.0
2089,2090,11000000000,Pluit,Jakarta Utara,4,4,2,220.0,800.0
2090,2091,2200000000,Pantai Indah Kapuk 2,Jakarta Utara,3,3,2,75.0,97.0
2091,2092,2600000000,Pantai Indah Kapuk 2,Jakarta Utara,3,3,2,75.0,100.0
2092,2093,13000000000,Tebet,Jakarta Selatan,4,5,1,375.0,500.0
2093,2094,2100000000,Cakung,Jakarta Timur,3,3,0,120.0,90.0
2094,2095,2650000000,Cakung,Jakarta Timur,5,4,2,170.0,172.0
2095,2096,1390000000,Pondok Kelapa,Jakarta Timur,3,2,0,75.0,78.0
2096,2097,5800000000,Sunter,Jakarta Utara,4,3,3,175.0,178.0
2097,2098,1500000000,Pantai Indah Kapuk 2,Jakarta Utara,3,3,1,45.0,87.0
2098,2099,22000000000,Kemang,Jakarta Selatan,7,6,2,854.0,650.0
2099,2100,8700000000,Pantai Indah Kapuk,Jakarta Utara,4,4,0,200.0,200.0
2100,2101,45000000000,Pondok Indah,Jakarta Selatan,0,0,0,122.0,852.0
2101,2102,33000000000,Ancol,Jakarta Utara,4,5,5,720.0,1728.0
2102,2103,1900000000,Sektor 2 - Bintaro,Jakarta Selatan,4,2,1,120.0,160.0
2103,2104,55000000000,Ampera,Jakarta Selatan,3,3,2,1150.0,700.0
2104,2105,2950000000,Tebet,Jakarta Selatan,4,3,2,135.0,180.0
2105,2106,2400000000,Pondok Kelapa,Jakarta Timur,4,4,2,90.0,150.0
2106,2107,3200000000,Tebet,Jakarta Selatan,5,5,2,133.0,250.0
2107,2108,2800000000,Tebet,Jakarta Selatan,2,2,1,122.0,100.0
2108,2109,4850000000,Ancol,Jakarta Utara,4,4,0,160.0,225.0
2109,2110,6900000000,Kebayoran Baru,Jakarta Selatan,4,2,2,210.0,280.0
2110,2111,5200000000,Sunter,Jakarta Utara,4,2,1,160.0,200.0
2111,2112,15000000000,Kelapa Gading,Jakarta Utara,4,3,0,552.0,1311.0
2112,2113,17500000000,Pondok Indah,Jakarta Selatan,4,4,2,264.0,603.0
2113,2114,2200000000,Mangga Besar,Jakarta Barat,4,3,2,145.0,200.0
2114,2115,12500000000,Pantai Indah Kapuk,Jakarta Utara,7,6,2,250.0,420.0
2115,2116,1900000000,Lebak Bulus,Jakarta Selatan,3,3,2,73.0,145.0
2116,2117,500000000,Cilangkap,Jakarta Timur,2,1,1,60.0,40.0
2117,2118,11900000000,Kayu Putih,Jakarta Timur,6,4,2,525.0,400.0
2118,2119,3250000000,Rawamangun,Jakarta Timur,3,3,2,100.0,180.0
2119,2120,4700000000,Cempaka Putih,Jakarta Pusat,4,3,2,115.0,200.0
2120,2121,5850000000,Cempaka Putih,Jakarta Pusat,4,4,2,169.0,290.0
2121,2122,2900000000,Pondok Kelapa,Jakarta Timur,3,3,2,150.0,160.0
2122,2123,39000000000,Kebayoran Baru,Jakarta Selatan,4,4,2,380.0,850.0
2123,2124,1850000000,Pondok Kelapa,Jakarta Timur,3,3,2,90.0,120.0
2124,2125,20000000000,Pasar Minggu,Jakarta Selatan,2,2,0,1098.0,900.0
2125,2126,2800000000,Pondok Kelapa,Jakarta Timur,4,3,2,192.0,200.0
2126,2127,4250000000,Pondok Kelapa,Jakarta Timur,7,3,2,622.0,311.0
2128,2129,28000000000,Pantai Indah Kapuk,Jakarta Utara,5,5,1,450.0,700.0
2129,2130,29000000000,Radio Dalam,Jakarta Selatan,4,3,0,792.0,470.0
2130,2131,1100000000,Raffles Hills,Jakarta Timur,2,1,1,90.0,60.0
2131,2132,3100000000,Jelambar,Jakarta Barat,3,4,0,130.0,219.0
2132,2133,26000000000,Ampera,Jakarta Selatan,5,5,2,1107.0,800.0
2133,2134,7000000000,Cipinang,Jakarta Timur,5,4,5,600.0,370.0
2134,2135,2620000000,Green Ville,Jakarta Barat,2,1,1,139.0,100.0
2135,2136,8900000000,Senen,Jakarta Pusat,6,3,2,300.0,300.0
2136,2137,4950000000,Kelapa Gading,Jakarta Utara,6,3,3,209.0,400.0
2137,2138,10000000000,Kebon Sirih,Jakarta Pusat,5,3,0,308.0,310.0
2138,2139,32000000000,Kebayoran Baru,Jakarta Selatan,7,6,2,318.0,900.0
2139,2140,4500000000,Kembangan,Jakarta Barat,3,2,2,140.0,200.0
2140,2141,5500000000,Tomang,Jakarta Barat,5,5,1,137.0,231.0
2141,2142,2500000000,Tanjung Duren,Jakarta Barat,3,2,2,90.0,180.0
2142,2143,43000000000,Pondok Indah,Jakarta Selatan,5,4,4,1225.0,1800.0
2143,2144,3500000000,Kebagusan,Jakarta Selatan,3,3,2,169.0,186.0
2144,2145,4600000000,Cengkareng Barat,Jakarta Barat,5,4,2,136.0,295.0
2145,2146,1000000000,Ciracas,Jakarta Timur,3,2,2,60.0,75.0
2146,2147,20000000000,Menteng,Jakarta Pusat,0,0,0,323.0,150.0
2147,2148,18000000000,Menteng,Jakarta Pusat,3,0,0,500.0,380.0
2148,2149,49000000000,Mega Kuningan,Jakarta Selatan,4,0,0,540.0,1100.0
2149,2150,8000000000,Kemang,Jakarta Selatan,3,3,0,212.0,179.0
2150,2151,52000000000,Menteng,Jakarta Pusat,0,0,0,800.0,800.0
2151,2152,55000000000,Menteng,Jakarta Pusat,4,0,4,629.0,800.0
2152,2153,33000000000,Menteng,Jakarta Pusat,4,4,2,504.0,500.0
2153,2154,48000000000,Kuningan,Jakarta Selatan,5,6,5,650.0,1000.0
2154,2155,13500000000,Radio Dalam,Jakarta Selatan,5,5,1,250.0,494.0
2155,2156,3500000000,Rawamangun,Jakarta Timur,4,4,1,90.0,200.0
2156,2157,2400000000,Pondok Bambu,Jakarta Timur,4,4,2,90.0,110.0
2157,2158,8500000000,Patal Senayan,Jakarta Selatan,6,4,5,326.0,290.0
2158,2159,9000000000,Citra Garden,Jakarta Barat,6,4,0,202.0,440.0
2159,2160,2900000000,Pondok Kelapa,Jakarta Timur,4,4,2,149.0,160.0
2160,2161,2100000000,Cipayung,Jakarta Timur,4,4,2,96.0,125.0
2161,2162,1350000000,Cengkareng,Jakarta Barat,3,3,1,53.0,131.0
2162,2163,2900000000,Duren Sawit,Jakarta Timur,3,3,2,149.0,160.0
2163,2164,42000000000,Kebayoran Baru,Jakarta Selatan,4,4,6,562.0,620.0
2164,2165,2100000000,Kalideres,Jakarta Barat,2,2,1,75.0,69.0
2165,2166,6500000000,Veteran,Jakarta Selatan,4,4,2,150.0,300.0
2166,2167,3600000000,Tanjung Duren,Jakarta Barat,4,2,0,169.0,100.0
2167,2168,1600000000,Duri Kepa,Jakarta Barat,3,3,0,40.0,110.0
2168,2169,25800000000,Mampang,Jakarta Selatan,6,5,0,1493.0,1374.0
2169,2170,2900000000,Duren Sawit,Jakarta Timur,3,3,2,150.0,200.0
2170,2171,8500000000,Cempaka Putih,Jakarta Pusat,4,4,1,183.0,427.0
2171,2172,32500000000,Petojo,Jakarta Pusat,5,3,0,1110.0,1000.0
2172,2173,2750000000,Sektor 3 - Bintaro,Jakarta Selatan,4,2,2,180.0,140.0
2173,2174,9500000000,Sektor 1 - Bintaro,Jakarta Selatan,5,5,3,823.0,500.0
2174,2175,15500000000,Jati Padang,Jakarta Selatan,3,3,2,506.0,244.0
2175,2176,2900000000,Pantai Indah Kapuk 2,Jakarta Utara,3,3,1,80.0,98.0
2176,2177,4500000000,Kebayoran Baru,Jakarta Selatan,1,2,1,276.0,300.0
2177,2178,8800000000,Kebayoran Baru,Jakarta Selatan,4,3,3,207.0,251.0
2178,2179,9500000000,Kebayoran Baru,Jakarta Selatan,4,3,3,185.0,350.0
2179,2180,3500000000,Tebet,Jakarta Selatan,6,4,2,178.0,150.0
2180,2181,6000000000,Pluit,Jakarta Utara,3,3,1,200.0,400.0
2181,2182,2100000000,Jakarta Garden City,Jakarta Timur,4,3,0,112.0,160.0
2182,2183,19800000000,Veteran,Jakarta Selatan,6,6,3,960.0,1000.0
2183,2184,11000000000,Kelapa Gading,Jakarta Utara,6,3,1,500.0,500.0
2184,2185,13900000000,Kelapa Gading,Jakarta Utara,7,6,0,300.0,600.0
2185,2186,15900000000,Golf Island,Jakarta Utara,0,0,0,300.0,475.0
2186,2187,9800000000,Daan Mogot,Jakarta Barat,4,4,0,500.0,800.0
2187,2188,3850000000,Villa Meruya,Jakarta Barat,3,3,2,126.0,177.0
2188,2189,1750000000,Citra Garden,Jakarta Barat,3,2,1,136.0,150.0
2189,2190,3300000000,Green Lake City,Jakarta Barat,2,2,2,120.0,156.0
2190,2191,3750000000,Daan Mogot,Jakarta Barat,4,2,2,200.0,350.0
2191,2192,9500000000,Cilandak,Jakarta Selatan,5,4,2,437.0,400.0
2192,2193,7450000000,Permata Buana,Jakarta Barat,3,3,2,144.0,345.0
2193,2194,2200000000,Pondok Kelapa,Jakarta Timur,3,3,1,195.0,150.0
2194,2195,2190000000,Cengkareng,Jakarta Barat,2,2,1,105.0,140.0
2195,2196,4700000000,Pancoran,Jakarta Selatan,8,8,0,150.0,300.0
2196,2197,8500000000,Ciracas,Jakarta Timur,3,2,5,850.0,122.0
2197,2198,2630000000,Jakarta Garden City,Jakarta Timur,3,2,1,84.0,87.0
2198,2199,5500000000,Tomang,Jakarta Barat,6,4,3,170.0,300.0
2199,2200,1850000000,Tebet,Jakarta Selatan,1,1,1,90.0,80.0
2200,2201,125000000000,Menteng,Jakarta Pusat,4,4,12,786.0,240.0
2201,2202,3500000000,Tomang,Jakarta Barat,3,3,2,108.0,250.0
2202,2203,5200000000,Tebet,Jakarta Selatan,4,4,2,139.0,200.0
2203,2204,4500000000,Pondok Kelapa,Jakarta Timur,6,5,2,252.0,350.0
2204,2205,8100000000,Cipinang,Jakarta Timur,6,4,1,439.0,385.0
2205,2206,8100000000,Jatinegara,Jakarta Timur,6,4,1,439.0,385.0
2206,2207,53000000000,Kuningan,Jakarta Selatan,13,13,2,990.0,1800.0
2207,2208,2000000000,Tebet,Jakarta Selatan,5,3,0,100.0,200.0
2208,2209,45000000000,Pondok Indah,Jakarta Selatan,4,4,3,792.0,700.0
2209,2210,3200000000,Kembangan,Jakarta Barat,3,3,1,153.0,200.0
2210,2211,3950000000,Cilandak,Jakarta Selatan,5,5,4,207.0,270.0
2211,2212,3500000000,Tebet,Jakarta Selatan,4,2,0,88.0,130.0
2212,2213,9500000000,Tomang,Jakarta Barat,2,2,0,240.0,200.0
2213,2214,4050000000,Tomang,Jakarta Barat,3,2,2,86.0,150.0
2214,2215,4200000000,Tomang,Jakarta Barat,3,3,2,86.0,240.0
2215,2216,39000000000,Pantai Mutiara,Jakarta Utara,4,6,2,609.0,1200.0
2216,2217,19700000000,Kemang,Jakarta Selatan,5,5,6,1206.0,800.0
2217,2218,1800000000,Joglo,Jakarta Barat,2,2,1,135.0,90.0
2218,2219,4150000000,Cilandak,Jakarta Selatan,1,1,0,275.0,140.0
2219,2220,10000000000,Tebet,Jakarta Selatan,6,3,1,270.0,470.0
2220,2221,2400000000,Meruya,Jakarta Barat,5,4,2,66.0,123.0
2221,2222,1900000000,Kelapa Gading,Jakarta Utara,0,4,2,105.0,140.0
2222,2223,6000000000,Casablanca,Jakarta Selatan,4,4,2,200.0,300.0
2223,2224,14500000000,Senopati,Jakarta Selatan,3,3,4,240.0,300.0
2224,2225,3000000000,Tebet,Jakarta Selatan,4,2,0,130.0,125.0
2225,2226,25000000000,Bangka,Jakarta Selatan,5,6,6,860.0,500.0
2226,2227,4000000000,Pantai Indah Kapuk,Jakarta Utara,3,3,1,120.0,150.0
2227,2228,34000000000,Pondok Indah,Jakarta Selatan,5,5,2,788.0,769.0
2228,2229,24000000000,Kebayoran Baru,Jakarta Selatan,6,4,0,343.0,300.0
2229,2230,37000000000,Pondok Indah,Jakarta Selatan,5,6,2,932.0,695.0
2230,2231,5600000000,Cilandak,Jakarta Selatan,5,3,8,999.0,443.0
2231,2232,6800000000,Cibubur,Jakarta Timur,6,4,10,891.0,450.0
2232,2233,14800000000,Pejaten,Jakarta Selatan,4,4,2,400.0,403.0
2233,2234,7100000000,Kebayoran Baru,Jakarta Selatan,4,3,1,149.0,183.0
2234,2235,7300000000,Lebak Bulus,Jakarta Selatan,3,4,2,134.0,308.0
2235,2236,7300000000,Lebak Bulus,Jakarta Selatan,4,1,2,134.0,308.0
2236,2237,49000000000,Kuningan,Jakarta Selatan,4,5,2,540.0,1100.0
2237,2238,2950000000,Jagakarsa,Jakarta Selatan,2,2,0,176.0,170.0
2238,2239,20000000000,Pantai Mutiara,Jakarta Utara,4,4,0,300.0,600.0
2239,2240,35000000000,Pantai Mutiara,Jakarta Utara,6,6,0,609.0,1200.0
2240,2241,4300000000,Kelapa Gading,Jakarta Utara,3,3,1,90.0,132.0
2241,2242,10000000000,Tomang,Jakarta Barat,4,4,3,233.0,213.0
2242,2243,2200000000,Petojo,Jakarta Pusat,2,1,0,132.0,100.0
2243,2244,5200000000,Kapuk Muara,Jakarta Utara,4,3,1,171.0,252.0
2244,2245,1070000000,Utan Kayu,Jakarta Timur,3,3,1,30.0,80.0
2245,2246,1200000000,Sunter,Jakarta Utara,2,2,1,32.0,55.0
2246,2247,1570000000,Pondok Bambu,Jakarta Timur,3,2,1,60.0,90.0
2247,2248,950000000,Sunter,Jakarta Utara,3,2,1,32.0,55.0
2248,2249,10900000000,Intercon,Jakarta Barat,5,4,2,450.0,480.0
2249,2250,5300000000,Pasar Minggu,Jakarta Selatan,6,4,2,113.0,208.0
2250,2251,12500000000,Cipete,Jakarta Selatan,3,3,2,345.0,360.0
2251,2252,8500000000,Permata Buana,Jakarta Barat,4,5,2,230.0,450.0
2252,2253,5000000000,Kebon Jeruk,Jakarta Barat,4,2,3,318.0,264.0
2253,2254,33000000000,Pondok Indah,Jakarta Selatan,8,8,3,615.0,532.0
2254,2255,20000000000,Kemang,Jakarta Selatan,0,0,6,1070.0,700.0
2255,2256,7200000000,Sunrise Garden,Jakarta Barat,6,6,2,150.0,300.0
2256,2257,1850000000,Meruya,Jakarta Barat,4,3,1,100.0,115.0
2257,2258,2690000000,Citra Garden,Jakarta Barat,3,3,2,84.0,103.0
2258,2259,2950000000,Metland Puri,Jakarta Barat,3,3,2,111.0,110.0
2259,2260,1730000000,Citra Garden,Jakarta Barat,2,2,1,60.0,75.0
2260,2261,2900000000,Sunter,Jakarta Utara,5,3,2,140.0,352.0
2261,2262,1800000000,Pantai Indah Kapuk 2,Jakarta Utara,3,3,1,75.0,90.0
2262,2263,3000000000,Meruya,Jakarta Barat,5,3,1,126.0,200.0
2263,2264,890000000,Ciracas,Jakarta Timur,2,1,0,84.0,60.0
2264,2265,550000000,Cakung,Jakarta Timur,2,1,0,60.0,45.0
2265,2266,83000000000,Kebayoran Baru,Jakarta Selatan,5,0,0,709.0,1200.0
2266,2267,620000000,Jakarta Garden City,Jakarta Timur,3,1,0,90.0,72.0
2267,2268,550000000,Cipayung,Jakarta Timur,2,1,0,60.0,40.0
2268,2269,890000000,Ciracas,Jakarta Timur,3,2,0,99.0,120.0
2269,2270,510000000,Meruya,Jakarta Barat,4,2,0,60.0,70.0
2270,2271,700000000,Cibubur,Jakarta Timur,2,1,0,90.0,70.0
2271,2272,35000000000,Pondok Indah,Jakarta Selatan,5,4,2,871.0,450.0
2272,2273,68000000000,Simprug,Jakarta Selatan,5,5,0,880.0,1000.0
2273,2274,23000000000,Permata Hijau,Jakarta Selatan,5,0,2,750.0,550.0
2274,2275,19000000000,Kelapa Gading,Jakarta Utara,5,0,0,513.0,800.0
2275,2276,95000000000,Mega Kuningan,Jakarta Selatan,6,5,0,1200.0,1200.0
2276,2277,36500000000,Kuningan,Jakarta Selatan,5,4,2,540.0,600.0
2277,2278,28000000000,Permata Hijau,Jakarta Selatan,4,0,0,616.0,585.0
2278,2279,150000000000,Mega Kuningan,Jakarta Selatan,0,0,0,1800.0,800.0
2279,2280,50000000000,Pondok Indah,Jakarta Selatan,4,3,4,515.0,750.0
2280,2281,2900000000,Jagakarsa,Jakarta Selatan,6,5,2,366.0,250.0
2281,2282,1450000000,Ciracas,Jakarta Timur,4,3,2,230.0,105.0
2282,2283,4980000000,Kemang,Jakarta Selatan,3,4,2,99.0,247.0
2283,2284,2550000000,Lebak Bulus,Jakarta Selatan,3,3,2,84.0,180.0
2284,2285,2480000000,Puri Indah,Jakarta Barat,5,5,2,117.0,170.0
2285,2286,2100000000,Meruya,Jakarta Barat,3,3,1,125.0,100.0
2286,2287,1300000000,Green Lake City,Jakarta Barat,2,2,1,48.0,96.0
2287,2288,5900000000,Kebayoran Baru,Jakarta Selatan,4,4,2,116.0,242.0
2288,2289,2800000000,Kelapa Gading,Jakarta Utara,5,3,2,120.0,240.0
2289,2290,1350000000,Percetakan Negara,Jakarta Pusat,2,2,1,38.0,69.0
2290,2291,9000000000,Kemang,Jakarta Selatan,4,3,3,420.0,500.0
2291,2292,15800000000,Kemang,Jakarta Selatan,4,4,3,745.0,950.0
2292,2293,990000000,Duren Sawit,Jakarta Timur,3,2,1,100.0,150.0
2293,2294,5100000000,Tanjung Barat,Jakarta Selatan,4,3,2,240.0,147.0
2294,2295,2700000000,Raffles Hills,Jakarta Timur,5,4,2,98.0,122.0
2295,2296,2700000000,Legenda Wisata,Jakarta Timur,5,4,2,98.0,122.0
2296,2297,2750000000,Duri Kepa,Jakarta Barat,4,4,2,67.0,183.0
2297,2298,79000000000,Kebayoran Baru,Jakarta Selatan,0,0,2,774.0,500.0
2298,2299,4800000000,Muara Karang,Jakarta Utara,3,3,1,120.0,240.0
2299,2300,7200000000,Pantai Indah Kapuk 2,Jakarta Utara,5,5,2,200.0,385.0
2300,2301,12000000000,Pondok Indah,Jakarta Selatan,8,3,1,282.0,315.0
2301,2302,3000000000,Kembangan,Jakarta Barat,3,3,2,88.0,200.0
2302,2303,8000000000,Pantai Indah Kapuk 2,Jakarta Utara,4,3,0,200.0,274.0
2303,2304,5900000000,Pantai Indah Kapuk,Jakarta Utara,3,3,2,136.0,192.0
2304,2305,31000000000,Kebayoran Baru,Jakarta Selatan,5,5,2,325.0,780.0
2305,2306,5900000000,Cipayung,Jakarta Timur,6,4,3,480.0,500.0
2306,2307,2990000000,Duri Kepa,Jakarta Barat,3,2,2,114.0,200.0
2307,2308,14900000000,Intercon,Jakarta Barat,4,4,2,550.0,750.0
2308,2309,9500000000,Intercon,Jakarta Barat,4,4,2,300.0,520.0
2309,2310,1670000000,Jagakarsa,Jakarta Selatan,3,3,2,65.0,150.0
2310,2311,2750000000,Jagakarsa,Jakarta Selatan,6,4,2,95.0,200.0
2311,2312,2990000000,Tebet,Jakarta Selatan,5,2,1,137.0,200.0
2312,2313,4250000000,Penjaringan,Jakarta Utara,4,4,0,161.0,300.0
2313,2314,2980000000,Kelapa Gading,Jakarta Utara,4,3,0,102.0,156.0
2314,2315,13600000000,Pancoran,Jakarta Selatan,7,5,0,633.0,450.0
2315,2316,9000000000,Pantai Indah Kapuk,Jakarta Utara,4,4,2,250.0,315.0
2316,2317,15400000000,Tanjung Barat,Jakarta Selatan,4,4,4,700.0,500.0
2317,2318,4500000000,Jakarta Garden City,Jakarta Timur,4,3,2,244.0,256.0
2318,2319,2250000000,Jagakarsa,Jakarta Selatan,2,2,0,197.0,100.0
2319,2320,85000000000,Menteng,Jakarta Pusat,6,4,6,732.0,448.0
2320,2321,13900000000,Senayan,Jakarta Selatan,4,4,2,271.0,400.0
2321,2322,2400000000,Meruya,Jakarta Barat,4,4,2,120.0,160.0
2322,2323,3900000000,Meruya,Jakarta Barat,25,10,1,90.0,320.0
2323,2324,3300000000,Cakung,Jakarta Timur,3,2,1,200.0,210.0
2324,2325,5500000000,Lebak Bulus,Jakarta Selatan,3,2,1,225.0,300.0
2325,2326,17000000000,Pluit,Jakarta Utara,3,3,2,403.0,700.0
2326,2327,10500000000,Puri Mansion,Jakarta Barat,3,3,2,248.0,300.0
2327,2328,9500000000,Tebet,Jakarta Selatan,6,6,2,264.0,350.0
2328,2329,4650000000,Pantai Indah Kapuk,Jakarta Utara,3,0,0,150.0,250.0
2329,2330,23000000000,Kebon Jeruk,Jakarta Barat,5,4,1,720.0,1200.0
2330,2331,8000000000,Sunter,Jakarta Utara,4,4,2,308.0,350.0
2331,2332,3500000000,Sunter,Jakarta Utara,3,2,1,140.0,200.0
2332,2333,17500000000,Sunter,Jakarta Utara,4,2,8,418.0,418.0
2333,2334,8500000000,Tebet,Jakarta Selatan,4,3,2,222.0,250.0
2334,2335,5350000000,Pantai Indah Kapuk 2,Jakarta Utara,4,4,0,150.0,300.0
2335,2336,2200000000,Metland Menteng,Jakarta Timur,2,2,2,75.0,65.0
2336,2337,33500000000,Menteng,Jakarta Pusat,0,0,0,670.0,250.0
2337,2338,4900000000,Cipete,Jakarta Selatan,4,4,1,188.0,250.0
2338,2339,5350000000,Pancoran,Jakarta Selatan,1,1,0,384.0,300.0
2339,2340,2690000000,Tanjung Duren,Jakarta Barat,4,4,2,66.0,120.0
2340,2341,2800000000,Pondok Pinang,Jakarta Selatan,6,5,2,122.0,200.0
2341,2342,5600000000,Pancoran,Jakarta Selatan,6,4,0,298.0,232.0
2342,2343,2250000000,Manggarai,Jakarta Selatan,0,0,0,90.0,10.0
2343,2344,12500000000,Tomang,Jakarta Barat,4,3,2,313.0,700.0
2344,2345,2900000000,Tebet,Jakarta Selatan,2,3,1,122.0,100.0
2345,2346,22500000000,Pejaten,Jakarta Selatan,5,4,1,850.0,300.0
2346,2347,4500000000,Pasar Minggu,Jakarta Selatan,3,3,0,142.0,305.0
2347,2348,52000000000,Kebayoran Baru,Jakarta Selatan,4,4,2,677.0,600.0
2348,2349,49900000000,Menteng,Jakarta Pusat,7,8,0,733.0,548.0
2349,2350,4790000000,Tebet,Jakarta Selatan,3,2,2,180.0,210.0
2350,2351,7500000000,Cengkareng,Jakarta Barat,6,4,2,200.0,600.0
2351,2352,685000000,Petukangan,Jakarta Selatan,2,2,1,32.0,40.0
2352,2353,1560000000,Duren Sawit,Jakarta Timur,3,3,0,64.0,125.0
2353,2354,886000000,Cinere,Jakarta Selatan,3,2,1,70.0,78.0
2354,2355,3000000000,Jagakarsa,Jakarta Selatan,5,4,2,104.0,170.0
2355,2356,5900000000,Tebet,Jakarta Selatan,5,4,1,213.0,400.0
2356,2357,8500000000,Tebet,Jakarta Selatan,5,4,4,280.0,350.0
2357,2358,756000000,Cinere,Jakarta Selatan,3,2,1,40.0,49.0
2358,2359,5750000000,Tebet,Jakarta Selatan,4,4,2,203.0,300.0
2359,2360,15500000000,Kebayoran Baru,Jakarta Selatan,2,2,2,270.0,200.0
2360,2361,8500000000,Tebet,Jakarta Selatan,4,3,2,222.0,250.0
2361,2362,7000000000,Puri Indah,Jakarta Barat,4,3,1,200.0,300.0
2362,2363,15000000000,Pancoran,Jakarta Selatan,8,6,6,604.0,900.0
2363,2364,8300000000,Pancoran,Jakarta Selatan,6,4,2,374.0,250.0
2364,2365,4000000000,Pasar Minggu,Jakarta Selatan,3,3,2,250.0,300.0
2365,2366,15800000000,Mampang Prapatan,Jakarta Selatan,4,4,3,738.0,950.0
2366,2367,5400000000,Tebet,Jakarta Selatan,5,3,1,201.0,225.0
2367,2368,1250000000,Pondok Gede,Jakarta Timur,3,2,1,143.0,130.0
2368,2369,4750000000,Tebet,Jakarta Selatan,5,6,1,210.0,200.0
2369,2370,13700000000,Tebet,Jakarta Selatan,7,3,0,528.0,350.0
2370,2371,3690000000,Sawah Besar,Jakarta Pusat,1,1,0,128.0,305.0
2371,2372,1700000000,Duri Kosambi,Jakarta Barat,3,2,2,90.0,120.0
2372,2373,11200000000,Kebayoran Lama,Jakarta Selatan,1,1,0,625.0,253.0
2373,2374,1100000000,Utan Kayu,Jakarta Timur,3,3,0,30.0,80.0
2374,2375,2640000000,Makasar,Jakarta Timur,0,0,0,291.0,278.0
2375,2376,2900000000,Pantai Indah Kapuk 2,Jakarta Utara,3,3,0,80.0,160.0
2376,2377,2600000000,Palmerah,Jakarta Barat,1,1,0,164.0,137.0
2377,2378,2490000000,Cakung,Jakarta Timur,1,1,0,360.0,132.0
2378,2379,3290000000,Kelapa Gading,Jakarta Utara,1,1,0,235.0,101.0
2379,2380,4890000000,Pondok Pinang,Jakarta Selatan,1,1,0,295.0,346.0
2380,2381,5760000000,Kebon Jeruk,Jakarta Barat,1,1,0,288.0,317.0
2381,2382,2540000000,Kembangan,Jakarta Barat,1,1,0,348.0,558.0
2382,2383,13500000000,Pantai Indah Kapuk,Jakarta Utara,4,4,0,270.0,280.0
2383,2384,1980000000,Metland Puri,Jakarta Barat,3,2,1,120.0,110.0
2384,2385,24500000000,Cempaka Putih,Jakarta Pusat,6,5,4,1120.0,880.0
2385,2386,2700000000,Citra Garden,Jakarta Barat,4,3,0,200.0,250.0
2386,2387,18000000000,Kemang,Jakarta Selatan,4,3,5,468.0,480.0
2387,2388,39000000000,Kemang,Jakarta Selatan,7,6,0,1065.0,900.0
2388,2389,33000000000,Pantai Indah Kapuk,Jakarta Utara,4,5,2,420.0,1200.0
2389,2390,4000000000,Tomang,Jakarta Barat,3,3,1,166.0,200.0
2390,2391,6500000000,Pasar Minggu,Jakarta Selatan,6,5,0,284.0,312.0
2391,2392,9300000000,Kepa Duri,Jakarta Barat,5,8,1,234.0,500.0
2392,2393,11000000000,Puri Indah,Jakarta Barat,5,4,1,200.0,550.0
2393,2394,4000000000,Muara Karang,Jakarta Utara,3,4,0,90.0,180.0
2394,2395,5200000000,Muara Karang,Jakarta Utara,4,4,1,202.0,487.0
2395,2396,4400000000,Muara Karang,Jakarta Utara,3,3,0,160.0,240.0
2396,2397,3900000000,Muara Karang,Jakarta Utara,4,4,0,90.0,210.0
2397,2398,7800000000,Muara Karang,Jakarta Utara,6,6,1,200.0,600.0
2398,2399,21000000000,Permata Hijau,Jakarta Selatan,6,3,3,900.0,900.0
2399,2400,5700000000,Bintaro,Jakarta Selatan,4,3,0,304.0,250.0
2400,2401,1500000000,Tanjung Barat,Jakarta Selatan,3,3,1,60.0,120.0
2401,2402,1500000000,TB Simatupang,Jakarta Selatan,3,3,1,60.0,120.0
2402,2403,22000000000,Cipete,Jakarta Selatan,3,3,4,931.0,325.0
2403,2404,26000000000,Kemang,Jakarta Selatan,4,4,4,950.0,550.0
2404,2405,9300000000,Pondok Indah,Jakarta Selatan,5,5,1,250.0,438.0
2405,2406,2400000000,Citra Garden,Jakarta Barat,3,2,1,62.0,73.0
2406,2407,28000000000,Sunter,Jakarta Utara,5,5,6,1363.0,656.0
2407,2408,14000000000,Pantai Indah Kapuk 2,Jakarta Utara,4,4,2,450.0,340.0
2408,2409,15500000000,Cilandak,Jakarta Selatan,4,3,1,515.0,400.0
2409,2410,3400000000,Cinere,Jakarta Selatan,7,5,2,270.0,300.0
2410,2411,10000000000,Pesanggrahan,Jakarta Selatan,5,4,7,375.0,800.0
2411,2412,2300000000,Cipinang,Jakarta Timur,4,4,2,90.0,135.0
2412,2413,3100000000,Cilandak,Jakarta Selatan,4,4,2,72.0,158.0
2413,2414,8000000000,Setiabudi,Jakarta Selatan,3,3,1,165.0,274.0
2414,2415,450000000,Pancoran,Jakarta Selatan,2,1,0,34.0,34.0
2415,2416,4500000000,Radio Dalam,Jakarta Selatan,0,2,1,276.0,300.0
2416,2417,8500000000,Cipete,Jakarta Selatan,3,3,2,193.0,265.0
2417,2418,1400000000,Bintaro,Jakarta Selatan,3,3,2,55.0,80.0
2418,2419,1900000000,Cipinang,Jakarta Timur,4,2,1,80.0,154.0
2419,2420,9200000000,Tebet,Jakarta Selatan,21,0,0,424.0,727.0
2420,2421,3950000000,Bintaro,Jakarta Selatan,3,3,1,200.0,240.0
2421,2422,3190000000,Bintaro,Jakarta Selatan,3,3,1,122.0,117.0
2422,2423,6900000000,Pantai Indah Kapuk,Jakarta Utara,0,0,0,180.0,400.0
2423,2424,4980000000,Cengkareng,Jakarta Barat,3,3,1,288.0,300.0
2424,2425,7200000000,Muara Karang,Jakarta Utara,3,2,1,390.0,361.0
2425,2426,1650000000,Citra Grand,Jakarta Timur,2,2,2,90.0,81.0
2426,2427,13800000000,Cempaka Putih,Jakarta Pusat,8,7,2,360.0,900.0
2427,2428,5500000000,Pejaten,Jakarta Selatan,4,4,1,207.0,320.0
2428,2429,3000000000,Pasar Minggu,Jakarta Selatan,3,2,2,174.0,140.0
2429,2430,5300000000,Cipete,Jakarta Selatan,3,3,2,126.0,220.0
2430,2431,8900000000,Kemang,Jakarta Selatan,3,4,2,234.0,279.0
2431,2432,6000000000,Kemanggisan,Jakarta Barat,5,2,0,350.0,250.0
2432,2433,10500000000,Petojo,Jakarta Pusat,3,2,2,305.0,280.0
2433,2434,1700000000,Kalideres,Jakarta Barat,3,2,2,90.0,120.0
2434,2435,2950000000,Jagakarsa,Jakarta Selatan,4,5,2,155.0,200.0
2435,2436,2200000000,Ancol,Jakarta Utara,4,4,1,120.0,200.0
2436,2437,6000000000,Kemang,Jakarta Selatan,3,3,2,90.0,265.0
2437,2438,17000000000,Tebet,Jakarta Selatan,4,4,10,687.0,615.0
2438,2439,10000000000,Cipete,Jakarta Selatan,3,2,1,410.0,280.0
2439,2440,3320000000,Cengkareng,Jakarta Barat,4,4,0,197.0,300.0
2440,2441,2800000000,Duri Kepa,Jakarta Barat,4,4,1,86.0,180.0
2441,2442,2150000000,Cibubur,Jakarta Timur,4,3,2,160.0,200.0
2442,2443,7000000000,Green Lake City,Jakarta Barat,4,3,2,272.0,300.0
2443,2444,307000000,Cilincing,Jakarta Utara,2,1,0,69.0,69.0
2444,2445,3000000000,Kramat Jati,Jakarta Timur,3,3,1,233.0,175.0
2445,2446,2500000000,Pondok Pinang,Jakarta Selatan,4,2,1,100.0,150.0
2446,2447,17200000000,Cipete,Jakarta Selatan,3,3,2,510.0,348.0
2447,2448,30200000000,Kebayoran Baru,Jakarta Selatan,5,5,0,521.0,650.0
2448,2449,460000000,Kebayoran Lama,Jakarta Selatan,2,1,0,100.0,100.0
2449,2450,22000000000,Pondok Indah,Jakarta Selatan,5,3,4,405.0,550.0
2450,2451,1750000000,Radio Dalam,Jakarta Selatan,2,1,2,117.0,97.0
2451,2452,547000000,Kembangan,Jakarta Barat,1,1,0,93.0,93.0
2452,2453,590000000,Penjaringan,Jakarta Utara,2,1,0,52.0,52.0
2453,2454,3200000000,Cengkareng,Jakarta Barat,3,3,2,120.0,144.0
2454,2455,98000000000,Kebayoran Baru,Jakarta Selatan,10,6,3,900.0,1062.0
2455,2456,2500000000,Kelapa Gading,Jakarta Utara,4,5,1,72.0,85.0
2456,2457,2600000000,Muara Karang,Jakarta Utara,3,3,0,60.0,200.0
2457,2458,18900000000,Kuningan,Jakarta Selatan,5,4,2,383.0,450.0
2458,2459,12000000000,Setiabudi,Jakarta Selatan,4,3,0,344.0,18.0
2459,2460,5700000000,Ancol,Jakarta Utara,5,3,0,325.0,250.0
2460,2461,8900000000,Pantai Indah Kapuk,Jakarta Utara,5,4,1,212.0,450.0
2461,2462,1500000000,Kayu Putih,Jakarta Timur,2,1,1,74.0,44.0
2462,2463,170000000000,Wahid Hasyim,Jakarta Pusat,2,2,3,2106.0,600.0
2463,2464,1500000000,Rawamangun,Jakarta Timur,1,1,0,89.0,50.0
2464,2465,14000000000,Pasar Minggu,Jakarta Selatan,4,3,1,400.0,400.0
2465,2466,6000000000,Tebet,Jakarta Selatan,3,3,2,161.0,250.0
2466,2467,4000000000,Cilandak,Jakarta Selatan,4,3,2,144.0,200.0
2467,2468,23000000000,Panglima Polim,Jakarta Selatan,4,4,4,385.0,350.0
2468,2469,9500000000,Tebet,Jakarta Selatan,4,4,2,269.0,365.0
2469,2470,1900000000,Cawang,Jakarta Timur,5,2,1,169.0,114.0
2470,2471,13500000000,Kebayoran Baru,Jakarta Selatan,4,3,0,916.0,356.0
2471,2472,21500000000,Pejaten,Jakarta Selatan,4,4,4,1135.0,758.0
2472,2473,2000000000,Joglo,Jakarta Barat,4,3,1,218.0,180.0
2473,2474,9000000000,Pondok Indah,Jakarta Selatan,4,5,1,120.0,255.0
2474,2475,8800000000,Pondok Indah,Jakarta Selatan,5,4,2,144.0,360.0
2475,2476,9500000000,Muara Karang,Jakarta Utara,4,4,4,240.0,575.0
2476,2477,1300000000,Cilandak,Jakarta Selatan,3,2,1,60.0,60.0
2477,2478,1300000000,Kota Wisata,Jakarta Timur,2,2,1,60.0,54.0
2478,2479,35000000000,Pejaten,Jakarta Selatan,8,8,7,1629.0,500.0
2479,2480,16000000000,Puri Media,Jakarta Barat,6,6,2,596.0,1000.0
2480,2481,3490000000,Green Lake City,Jakarta Barat,3,3,2,144.0,130.0
2481,2482,2170000000,Green Lake City,Jakarta Barat,3,2,1,90.0,100.0
2482,2483,1500000000,Kalideres,Jakarta Barat,3,2,1,90.0,150.0
2483,2484,8500000000,Taman Grisenda,Jakarta Utara,4,4,1,250.0,550.0
2484,2485,5400000000,Lebak Bulus,Jakarta Selatan,2,2,0,284.0,300.0
2485,2486,1600000000,Pulo Gadung,Jakarta Timur,3,1,1,86.0,93.0
2486,2487,26000000000,Pantai Indah Kapuk,Jakarta Utara,4,5,0,686.0,473.0
2487,2488,3700000000,Duren Sawit,Jakarta Timur,5,5,1,323.0,250.0
2488,2489,4000000000,Condet,Jakarta Timur,2,1,1,396.0,120.0
2489,2490,3890000000,Tebet,Jakarta Selatan,3,3,1,134.0,225.0
2490,2491,995000000,Cempaka Putih,Jakarta Pusat,2,2,0,31.0,59.0
2491,2492,5200000000,Citra Garden,Jakarta Barat,5,5,0,200.0,465.0
2492,2493,2700000000,Rawamangun,Jakarta Timur,3,2,1,90.0,210.0
2493,2494,3270000000,Green Lake City,Jakarta Barat,2,2,2,120.0,172.0
2494,2495,3400000000,Tanjung Priok,Jakarta Utara,5,3,2,324.0,190.0
2495,2496,17000000000,Kemang,Jakarta Selatan,7,4,4,792.0,1200.0
2496,2497,3900000000,Tebet,Jakarta Selatan,10,5,1,126.0,250.0
2497,2498,2950000000,Kebon Jeruk,Jakarta Barat,4,3,2,95.0,210.0
2498,2499,3500000000,Kebon Jeruk,Jakarta Barat,6,4,2,90.0,180.0
2499,2500,45000000000,Pondok Indah,Jakarta Selatan,2,3,2,1225.0,1800.0
2500,2501,4250000000,Tebet,Jakarta Selatan,8,2,1,146.0,160.0
2501,2502,2800000000,Taman Ratu,Jakarta Barat,4,3,2,99.0,177.0
2502,2503,11700000000,Salemba,Jakarta Pusat,6,3,6,450.0,270.0
2503,2504,1900000000,Daan Mogot,Jakarta Barat,2,2,1,90.0,150.0
2504,2505,1200000000,Green Lake City,Jakarta Barat,2,2,0,48.0,70.0
2505,2506,2200000000,Green Lake City,Jakarta Barat,3,2,2,90.0,120.0
2506,2507,3400000000,Kalibata,Jakarta Selatan,3,3,2,73.0,119.0
2507,2508,5950000000,Tebet,Jakarta Selatan,4,3,0,165.0,260.0
2508,2509,3200000000,Green Ville,Jakarta Barat,4,3,0,144.0,250.0
2509,2510,3700000000,Tebet,Jakarta Selatan,4,3,1,135.0,150.0
2510,2511,11000000000,Tebet,Jakarta Selatan,4,4,0,315.0,380.0
2511,2512,11000000000,Kebayoran Baru,Jakarta Selatan,12,6,0,419.0,504.0
2512,2513,41000000000,Menteng,Jakarta Pusat,9,3,0,424.0,454.0
2513,2514,7600000000,Lebak Bulus,Jakarta Selatan,3,3,2,225.0,263.0
2514,2515,1300000000,Duren Sawit,Jakarta Timur,3,2,0,70.0,140.0
2515,2516,4350000000,Cakung,Jakarta Timur,4,4,2,153.0,200.0
2516,2517,18000000000,Muara Karang,Jakarta Utara,3,3,0,500.0,496.0
2517,2518,29000000000,Pondok Indah,Jakarta Selatan,5,5,8,660.0,450.0
2518,2519,875000000,Kemayoran,Jakarta Pusat,2,2,0,34.0,68.0
2519,2520,38000000000,Kebayoran Baru,Jakarta Selatan,6,6,0,863.0,1350.0
2520,2521,2100000000,Buaran,Jakarta Timur,3,2,3,152.0,132.0
2521,2522,2300000000,Pondok Kelapa,Jakarta Timur,3,1,1,226.0,146.0
2522,2523,28000000000,Pondok Indah,Jakarta Selatan,5,5,3,489.0,654.0
2523,2524,12000000000,Sunter,Jakarta Utara,2,3,0,640.0,320.0
2524,2525,1850000000,Taman Palem,Jakarta Barat,3,3,1,90.0,200.0
2525,2526,69000000000,Pantai Mutiara,Jakarta Utara,7,0,0,2138.0,3500.0
2526,2527,48000000000,Pondok Indah,Jakarta Selatan,7,8,3,627.0,1050.0
2527,2528,3800000000,Pantai Indah Kapuk,Jakarta Utara,4,3,2,90.0,120.0
2528,2529,750000000,Taman Palem,Jakarta Barat,3,2,1,56.0,75.0
2529,2530,60000000000,Pantai Indah Kapuk,Jakarta Utara,9,8,4,1043.0,3000.0
2530,2531,15000000000,Pluit,Jakarta Utara,4,4,2,325.0,1000.0
2531,2532,4500000000,Tebet,Jakarta Selatan,3,2,1,205.0,100.0
2532,2533,12500000000,Pejaten,Jakarta Selatan,6,5,0,472.0,850.0
2533,2534,4500000000,Puri Indah,Jakarta Barat,3,2,2,135.0,200.0
2534,2535,7000000000,Kemayoran,Jakarta Pusat,4,4,4,826.0,1086.0
2535,2536,5000000000,Kelapa Gading,Jakarta Utara,4,2,2,160.0,160.0
2536,2537,61500000000,Kemang,Jakarta Selatan,16,12,10,2195.0,1400.0
2537,2538,2300000000,Kelapa Gading,Jakarta Utara,1,1,1,158.0,50.0
2538,2539,22000000000,Kelapa Gading,Jakarta Utara,4,3,2,504.0,500.0
2539,2540,17000000000,Kebayoran Lama,Jakarta Selatan,5,4,2,363.0,500.0
2540,2541,31200000000,Cikini,Jakarta Pusat,5,5,5,625.0,500.0
2541,2542,8000000000,Kalisari,Jakarta Timur,9,7,4,732.0,600.0
2542,2543,1500000000,Duri Kepa,Jakarta Barat,3,3,0,41.0,110.0
2543,2544,4000000000,Cideng,Jakarta Pusat,4,4,1,197.0,170.0
2544,2545,4200000000,Utan Kayu,Jakarta Timur,1,1,1,348.0,200.0
2545,2546,12900000000,Kebon Jeruk,Jakarta Barat,4,7,2,300.0,700.0
2546,2547,6800000000,Bambu Apus,Jakarta Timur,5,6,4,500.0,400.0
2547,2548,15800000000,Pondok Indah,Jakarta Selatan,5,5,2,305.0,343.0
2548,2549,9500000000,Duri Kepa,Jakarta Barat,4,4,6,716.0,350.0
2549,2550,38000000000,Kemang,Jakarta Selatan,4,2,0,1000.0,700.0
2550,2551,13000000000,Cilandak,Jakarta Selatan,4,4,2,446.0,390.0
2551,2552,5600000000,Pantai Indah Kapuk 2,Jakarta Utara,4,4,2,150.0,255.0
2552,2553,190000000000,Kebayoran Baru,Jakarta Selatan,5,5,0,1358.0,730.0
2553,2554,3950000000,Jelambar,Jakarta Barat,7,4,2,78.0,255.0
2554,2555,8000000000,Johar Baru,Jakarta Pusat,4,2,2,291.0,200.0
2555,2556,18500000000,Pondok Indah,Jakarta Selatan,5,3,3,260.0,345.0
2556,2557,3500000000,Joglo,Jakarta Barat,5,3,2,381.0,380.0
2557,2558,4500000000,Duri Kepa,Jakarta Barat,5,4,9,367.0,280.0
2558,2559,4500000000,Sunter,Jakarta Utara,7,4,2,200.0,202.0
2559,2560,350000000,Jembatan Lima,Jakarta Barat,2,1,0,40.0,72.0
2560,2561,700000000,Jelambar,Jakarta Barat,2,2,0,47.0,80.0
2561,2562,15500000000,Senopati,Jakarta Selatan,3,3,1,317.0,147.0
2562,2563,13000000000,Sunrise Garden,Jakarta Barat,4,5,5,226.0,600.0
2563,2564,4800000000,Kelapa Gading,Jakarta Utara,4,3,4,280.0,310.0
2564,2565,9000000000,Setiabudi,Jakarta Selatan,8,3,1,151.0,151.0
2565,2566,4100000000,Green Lake City,Jakarta Barat,3,3,2,165.0,144.0
2566,2567,3950000000,Tebet,Jakarta Selatan,3,2,2,103.0,250.0
2567,2568,10500000000,Kalibata,Jakarta Selatan,4,4,2,356.0,400.0
2568,2569,2990000000,Cinere,Jakarta Selatan,5,4,1,150.0,230.0
2569,2570,3500000000,Sunter,Jakarta Utara,3,2,2,96.0,175.0
2570,2571,7500000000,Sunter,Jakarta Utara,3,3,2,270.0,380.0
2571,2572,29000000000,Kemang,Jakarta Selatan,9,7,6,1100.0,900.0
2572,2573,49500000000,Bintaro,Jakarta Selatan,6,7,2,744.0,1024.0
2573,2574,8500000000,Kebon Jeruk,Jakarta Barat,5,5,2,300.0,450.0
2574,2575,5100000000,Kelapa Gading,Jakarta Utara,3,4,1,153.0,160.0
2575,2576,5300000000,Green Lake City,Jakarta Barat,4,3,2,269.0,221.0
2576,2577,21000000000,Jatinegara,Jakarta Timur,0,0,0,689.0,689.0
2577,2578,16000000000,Kelapa Gading,Jakarta Utara,5,4,2,552.0,1311.0
2578,2579,2000000000,Cengkareng,Jakarta Barat,4,3,1,99.0,200.0
2579,2580,2600000000,Kelapa Gading,Jakarta Utara,7,5,1,160.0,180.0
2580,2581,11000000000,Pantai Indah Kapuk,Jakarta Utara,4,5,2,230.0,460.0
2581,2582,1690000000,Tomang,Jakarta Barat,3,3,1,43.0,110.0
2582,2583,2700000000,Roxy,Jakarta Pusat,3,1,1,141.0,165.0
2583,2584,120000000000,Pondok Indah,Jakarta Selatan,7,7,6,1270.0,2100.0
2584,2585,2400000000,Taman Meruya,Jakarta Barat,3,2,1,120.0,150.0
2585,2586,16000000000,Citra Grand,Jakarta Timur,7,5,3,585.0,1200.0
2586,2587,93000000000,Menteng,Jakarta Pusat,7,8,6,835.0,1900.0
2587,2588,2000000000,Tanjung Duren,Jakarta Barat,20,7,0,76.0,304.0
2588,2589,48000000000,Pondok Indah,Jakarta Selatan,7,9,4,650.0,800.0
2589,2590,20000000000,Cipete,Jakarta Selatan,4,3,2,786.0,500.0
2590,2591,18500000000,Menteng Dalam,Jakarta Selatan,4,3,0,603.0,400.0
2591,2592,2650000000,Cakung,Jakarta Timur,2,2,2,171.0,100.0
2592,2593,973000000,Cakung,Jakarta Timur,3,3,2,50.0,57.0
2593,2594,990000000,Metland Menteng,Jakarta Timur,3,3,1,60.0,70.0
2594,2595,2600000000,Jakarta Garden City,Jakarta Timur,3,3,1,98.0,115.0
2595,2596,1650000000,Jakarta Garden City,Jakarta Timur,3,2,1,90.0,75.0
2596,2597,15000000000,Cilandak,Jakarta Selatan,3,2,3,284.0,200.0
2597,2598,450000000,Rorotan,Jakarta Utara,2,1,1,50.0,40.0
2598,2599,9500000000,Tebet,Jakarta Selatan,3,3,3,421.0,250.0
2599,2600,630000000,Sunter,Jakarta Utara,2,3,1,32.0,55.0
2600,2601,2400000000,Kebon Jeruk,Jakarta Barat,3,3,1,77.0,96.0
2601,2602,2280000000,Duri Kepa,Jakarta Barat,4,4,1,64.0,140.0
2602,2603,3490000000,Green Ville,Jakarta Barat,4,4,1,104.0,259.0
2603,2604,3500000000,Pantai Indah Kapuk,Jakarta Utara,3,3,1,9.0,128.0
2604,2605,2250000000,Semanan,Jakarta Barat,3,2,1,135.0,150.0
2605,2606,2200000000,Sunter,Jakarta Utara,2,1,0,49.0,60.0
2606,2607,2330000000,Kembangan,Jakarta Barat,4,3,1,60.0,110.0
2607,2608,13800000000,Cempaka Putih,Jakarta Pusat,0,3,2,720.0,350.0
2608,2609,7500000000,Kemang,Jakarta Selatan,4,4,2,260.0,400.0
2609,2610,27000000000,Senopati,Jakarta Selatan,6,6,2,264.0,650.0
2610,2611,1200000000,Kebagusan,Jakarta Selatan,3,3,0,56.0,100.0
2611,2612,27000000000,Pancoran,Jakarta Selatan,14,14,2,645.0,774.0
2612,2613,10000000000,Puri Indah,Jakarta Barat,4,4,1,225.0,500.0
2613,2614,2900000000,Metland Puri,Jakarta Barat,4,4,2,96.0,112.0
2614,2615,14000000000,Pondok Indah,Jakarta Selatan,4,2,2,403.0,400.0
2615,2616,900000000,Pasar Rebo,Jakarta Timur,3,2,0,61.0,72.0
2616,2617,4900000000,Intercon,Jakarta Barat,3,3,1,175.0,175.0
2617,2618,3000000000,Cakung,Jakarta Timur,3,3,3,180.0,300.0
2618,2619,2300000000,Duri Kepa,Jakarta Barat,3,3,0,70.0,140.0
2619,2620,3700000000,Cengkareng,Jakarta Barat,3,3,2,120.0,172.0
2620,2621,4000000000,Green Lake City,Jakarta Barat,3,3,2,144.0,200.0
2621,2622,1350000000,Green Lake City,Jakarta Barat,2,2,1,60.0,90.0
2622,2623,40000000000,Kebayoran Baru,Jakarta Selatan,4,3,2,517.0,450.0
2623,2624,20000000000,Cilandak,Jakarta Selatan,5,5,6,660.0,500.0
2624,2625,55000000000,Cilandak,Jakarta Selatan,4,3,20,2000.0,700.0
2625,2626,116000000000,Kebayoran Baru,Jakarta Selatan,10,10,2,1476.0,710.0
2626,2627,25000000000,Kebayoran Baru,Jakarta Selatan,6,6,2,199.0,388.0
2627,2628,22000000000,SCBD,Jakarta Selatan,3,2,1,361.0,200.0
2628,2629,6000000000,Jagakarsa,Jakarta Selatan,3,2,1,556.0,300.0
2629,2630,6800000000,Puri Indah,Jakarta Barat,3,3,1,200.0,200.0
2630,2631,2100000000,Lebak Bulus,Jakarta Selatan,4,4,3,92.0,134.0
2631,2632,3100000000,Kelapa Gading,Jakarta Utara,4,3,0,180.0,250.0
2632,2633,2900000000,Taman Kencana,Jakarta Barat,4,3,1,182.0,200.0
2633,2634,3700000000,Kelapa Gading,Jakarta Utara,4,2,2,122.0,200.0
2634,2635,4900000000,Kemang,Jakarta Selatan,4,3,2,108.0,225.0
2635,2636,4700000000,Ancol,Jakarta Utara,3,3,2,214.0,235.0
2636,2637,2800000000,Kelapa Gading,Jakarta Utara,3,1,1,102.0,102.0
2637,2638,15000000000,Tebet,Jakarta Selatan,5,4,3,417.0,620.0
2638,2639,25000000000,Pondok Indah,Jakarta Selatan,8,3,3,335.0,600.0
2639,2640,3000000000,Tomang,Jakarta Barat,3,2,1,135.0,135.0
2640,2641,1540000000,Bintaro,Jakarta Selatan,3,2,1,81.0,70.0
2641,2642,17500000000,Kebayoran Lama,Jakarta Selatan,7,4,3,707.0,270.0
2642,2643,7700000000,Jati Padang,Jakarta Selatan,7,7,2,655.0,788.0
2643,2644,50000000000,Pantai Indah Kapuk,Jakarta Utara,4,9,1,600.0,1300.0
2644,2645,10500000000,Tebet,Jakarta Selatan,6,3,2,411.0,422.0
2645,2646,22900000000,Panglima Polim,Jakarta Selatan,4,3,2,379.0,200.0
2646,2647,3700000000,Metland Puri,Jakarta Barat,3,3,0,150.0,165.0
2647,2648,15000000000,Menteng,Jakarta Pusat,7,3,6,482.0,277.0
2648,2649,60000000000,Kebayoran Baru,Jakarta Selatan,5,4,4,841.0,800.0
2649,2650,42000000000,SCBD,Jakarta Selatan,5,4,4,712.0,700.0
2650,2651,12000000000,Kebon Sirih,Jakarta Pusat,6,3,3,278.0,260.0
2651,2652,17000000000,Pejompongan,Jakarta Pusat,4,3,1,271.0,150.0
2652,2653,7900000000,Bintaro,Jakarta Selatan,5,4,1,234.0,300.0
2653,2654,3500000000,Green garden,Jakarta Barat,5,4,1,144.0,250.0
2654,2655,9000000000,Bintaro,Jakarta Selatan,4,3,4,432.0,680.0
2655,2656,14200000000,Pondok Indah,Jakarta Selatan,4,3,2,364.0,400.0
2656,2657,16500000000,Pondok Indah,Jakarta Selatan,1,1,0,491.0,350.0
2657,2658,16300000000,Pondok Indah,Jakarta Selatan,4,3,2,472.0,500.0
2658,2659,1900000000,Jagakarsa,Jakarta Selatan,3,3,2,80.0,94.0
2659,2660,4900000000,Jati Padang,Jakarta Selatan,4,3,2,130.0,235.0
2660,2661,1100000000,Pondok Kelapa,Jakarta Timur,3,1,1,90.0,85.0
2661,2662,800000000,Pondok Gede,Jakarta Timur,2,2,2,72.0,55.0
2662,2663,47000000000,Pondok Indah,Jakarta Selatan,6,4,10,914.0,1200.0
2663,2664,9000000000,Kebon Jeruk,Jakarta Barat,3,3,2,806.0,500.0
2664,2665,16000000000,Kebayoran Baru,Jakarta Selatan,4,3,2,334.0,365.0
2665,2666,1950000000,Tomang,Jakarta Barat,2,2,1,100.0,120.0
2666,2667,8000000000,Tomang,Jakarta Barat,27,8,4,366.0,346.0
2667,2668,2700000000,Semanan,Jakarta Barat,4,3,2,105.0,75.0
2668,2669,14000000000,Bendungan Hilir,Jakarta Pusat,5,5,0,234.0,335.0
2669,2670,3700000000,Srengseng,Jakarta Barat,4,3,1,136.0,140.0
2670,2671,4200000000,Duri Kepa,Jakarta Barat,5,5,2,123.0,300.0
2671,2672,6500000000,Tomang,Jakarta Barat,3,2,2,249.0,159.0
2672,2673,780000000,Semanan,Jakarta Barat,2,2,1,56.0,40.0
2673,2674,5500000000,Tomang,Jakarta Barat,6,5,2,137.0,231.0
2674,2675,4800000000,Tomang,Jakarta Barat,5,4,3,120.0,210.0
2675,2676,22000000000,Slipi,Jakarta Barat,10,9,3,432.0,770.0
2676,2677,5400000000,Pasar Minggu,Jakarta Selatan,3,2,1,200.0,180.0
2677,2678,3900000000,Puri Media,Jakarta Barat,3,2,0,162.0,320.0
2678,2679,3300000000,Duren Sawit,Jakarta Timur,7,5,1,319.0,500.0
2679,2680,1950000000,Pantai Indah Kapuk 2,Jakarta Utara,2,2,1,60.0,60.0
2680,2681,1300000000,Citra Garden,Jakarta Barat,2,1,1,90.0,65.0
2681,2682,3300000000,Tomang,Jakarta Barat,4,3,0,97.0,200.0
2682,2683,1690000000,Tomang,Jakarta Barat,4,3,1,45.0,100.0
2683,2684,2500000000,Duri Kepa,Jakarta Barat,4,3,1,102.0,260.0
2684,2685,2000000000,Citra Garden,Jakarta Barat,3,2,1,150.0,120.0
2685,2686,7150000000,Cideng,Jakarta Pusat,4,5,2,225.0,400.0
2686,2687,3500000000,Tomang,Jakarta Barat,4,3,1,108.0,150.0
2687,2688,6850000000,Bendungan Hilir,Jakarta Pusat,18,8,4,232.0,246.0
2688,2689,5500000000,Tomang,Jakarta Barat,10,4,1,101.0,320.0
2689,2690,2600000000,Tomang,Jakarta Barat,3,3,0,85.0,167.0
2690,2691,6500000000,Pondok Indah,Jakarta Selatan,3,3,1,187.0,150.0
2691,2692,1650000000,Taman Ratu,Jakarta Barat,3,3,0,59.0,120.0
2692,2693,2500000000,Duri Kepa,Jakarta Barat,5,4,0,100.0,216.0
2693,2694,20000000000,Kebayoran Baru,Jakarta Selatan,1,1,4,200.0,90.0
2694,2695,4900000000,Pesanggrahan,Jakarta Selatan,5,3,2,373.0,132.0
2695,2696,3900000000,Kelapa Gading,Jakarta Utara,4,4,1,119.0,180.0
2696,2697,6000000000,Kelapa Gading,Jakarta Utara,4,3,1,217.0,270.0
2697,2698,42000000000,Kebayoran Baru,Jakarta Selatan,3,3,2,579.0,400.0
2698,2699,3900000000,Bintaro,Jakarta Selatan,5,3,0,230.0,210.0
2699,2700,38000000000,Kemang,Jakarta Selatan,6,6,3,517.0,760.0
2700,2701,3500000000,Cipayung,Jakarta Timur,3,3,0,170.0,250.0
2701,2702,2300000000,Duren Sawit,Jakarta Timur,3,3,2,90.0,140.0
2702,2703,34000000000,Pondok Indah,Jakarta Selatan,5,4,2,871.0,450.0
2703,2704,1500000000,Pulogebang,Jakarta Timur,3,2,1,90.0,150.0
2704,2705,22000000000,Permata Hijau,Jakarta Selatan,3,3,0,396.0,500.0
2705,2706,1990000000,Pondok Kelapa,Jakarta Timur,3,3,2,108.0,201.0
2706,2707,4900000000,Jati Padang,Jakarta Selatan,4,3,0,207.0,320.0
2707,2708,2650000000,Cakung,Jakarta Timur,4,3,0,170.0,120.0
2708,2709,4650000000,Cakung,Jakarta Timur,3,3,2,286.0,200.0
2709,2710,7200000000,Kemanggisan,Jakarta Barat,7,3,3,414.0,500.0
2710,2711,5400000000,Cakung,Jakarta Timur,4,4,2,240.0,380.0
2711,2712,6500000000,Muara Karang,Jakarta Utara,3,3,2,200.0,300.0
2712,2713,5650000000,Kelapa Gading,Jakarta Utara,4,3,1,240.0,350.0
2713,2714,4500000000,Pulo Asem,Jakarta Timur,2,3,1,170.0,200.0
2714,2715,2580000000,Raffles Hills,Jakarta Timur,4,3,1,144.0,230.0
2715,2716,6250000000,Senen,Jakarta Pusat,24,24,0,261.0,522.0
2716,2717,34000000000,Kemang,Jakarta Selatan,5,5,5,1474.0,1100.0
2717,2718,5550000000,Kalibata,Jakarta Selatan,0,0,0,311.0,157.0
2718,2719,3600000000,Cengkareng,Jakarta Barat,4,3,1,90.0,270.0
2719,2720,1850000000,Pulogebang,Jakarta Timur,4,2,1,190.0,100.0
2720,2721,44000000000,Kuningan,Jakarta Selatan,4,4,0,488.0,500.0
2721,2722,9500000000,Bendungan Hilir,Jakarta Pusat,4,4,0,185.0,185.0
2722,2723,7500000000,Cengkareng,Jakarta Barat,6,5,2,200.0,640.0
2723,2724,12000000000,Pantai Indah Kapuk,Jakarta Utara,3,3,1,311.0,423.0
2724,2725,45000000000,Daan Mogot,Jakarta Barat,9,7,4,677.0,2000.0
2725,2726,8500000000,Cipete,Jakarta Selatan,4,3,1,370.0,250.0
2726,2727,10900000000,Pondok Indah,Jakarta Selatan,4,3,1,225.0,250.0
2727,2728,4300000000,Pancoran,Jakarta Selatan,4,2,2,195.0,246.0
2728,2729,4900000000,Tanah Kusir,Jakarta Selatan,5,3,3,265.0,200.0
2729,2730,3100000000,Jakarta Garden City,Jakarta Timur,4,4,2,126.0,146.0
2730,2731,6250000000,Pasar Minggu,Jakarta Selatan,5,5,2,310.0,400.0
2731,2732,2300000000,Kalideres,Jakarta Barat,3,2,2,90.0,144.0
2732,2733,8500000000,Sunter,Jakarta Utara,5,3,3,826.0,1096.0
2733,2734,495000000,Cipayung,Jakarta Timur,2,2,1,31.0,50.0
2734,2735,32000000000,Kebayoran Lama,Jakarta Selatan,4,4,2,550.0,600.0
2735,2736,9000000000,Kebayoran Baru,Jakarta Selatan,5,4,0,202.0,440.0
2736,2737,8100000000,Rawamangun,Jakarta Timur,6,4,1,439.0,385.0
2737,2738,4600000000,Cipinang,Jakarta Timur,5,4,2,112.0,156.0
2738,2739,1950000000,Jelambar,Jakarta Barat,3,3,1,68.0,158.0
2739,2740,4600000000,Cakung,Jakarta Timur,5,4,2,112.0,156.0
2740,2741,8500000000,Pantai Indah Kapuk,Jakarta Utara,3,3,2,160.0,360.0
2741,2742,2500000000,Srengseng,Jakarta Barat,5,3,1,150.0,300.0
2742,2743,39800000000,Kemang,Jakarta Selatan,7,4,0,1674.0,1100.0
2743,2744,2600000000,Tebet,Jakarta Selatan,3,2,2,75.0,100.0
2744,2745,3200000000,Tebet,Jakarta Selatan,4,3,1,123.0,200.0
2745,2746,9800000000,Kemang,Jakarta Selatan,4,3,1,230.0,260.0
2746,2747,1670000000,Citra Garden,Jakarta Barat,0,2,1,81.0,95.0
2747,2748,8500000000,Pantai Indah Kapuk 2,Jakarta Utara,4,4,1,200.0,274.0
2748,2749,6900000000,Kebayoran Lama,Jakarta Selatan,4,4,2,76.0,375.0
2749,2750,50400000000,Kemang,Jakarta Selatan,5,4,4,2585.0,400.0
2750,2751,3070000000,Cakung,Jakarta Timur,4,3,3,112.0,156.0
2751,2752,3400000000,Jakarta Garden City,Jakarta Timur,4,3,2,105.0,194.0
2752,2753,4800000000,Jakarta Garden City,Jakarta Timur,5,4,2,220.0,300.0
2753,2754,1600000000,Jakarta Garden City,Jakarta Timur,3,2,2,90.0,75.0
2754,2755,3700000000,Cakung,Jakarta Timur,4,3,2,144.0,139.0
2755,2756,3800000000,Cakung,Jakarta Timur,4,4,3,140.0,190.0
2756,2757,3670000000,Rawamangun,Jakarta Timur,4,6,2,142.0,270.0
2757,2758,990000000,Cakung,Jakarta Timur,3,3,1,60.0,70.0
2758,2759,3150000000,Pantai Indah Kapuk,Jakarta Utara,2,3,0,90.0,90.0
2759,2760,6900000000,Pejaten,Jakarta Selatan,4,4,2,76.0,375.0
2760,2761,6900000000,Kuningan,Jakarta Selatan,4,4,2,76.0,375.0
2761,2762,750000000,Cipayung,Jakarta Timur,3,2,1,60.0,90.0
2762,2763,33000000000,Menteng,Jakarta Pusat,5,3,2,505.0,400.0
2763,2764,50000000000,Kelapa Gading,Jakarta Utara,4,4,0,991.0,831.0
2764,2765,4300000000,Kelapa Gading,Jakarta Utara,4,4,1,153.0,216.0
2765,2766,17500000000,Tebet,Jakarta Selatan,2,1,2,661.0,400.0
2766,2767,8500000000,Menteng,Jakarta Pusat,4,4,1,186.0,400.0
2767,2768,10900000000,Tebet,Jakarta Selatan,4,4,0,315.0,380.0
2768,2769,5750000000,Tebet,Jakarta Selatan,4,4,2,203.0,300.0
2769,2770,32500000000,Pantai Indah Kapuk,Jakarta Utara,0,0,0,450.0,638.0
2770,2771,5900000000,Tebet,Jakarta Selatan,6,3,0,209.0,250.0
2771,2772,5450000000,Tebet,Jakarta Selatan,7,4,1,201.0,225.0
2772,2773,25000000000,Lebak Bulus,Jakarta Selatan,4,5,5,992.0,324.0
2773,2774,9500000000,Tebet,Jakarta Selatan,6,6,2,264.0,350.0
2774,2775,3500000000,Tebet,Jakarta Selatan,7,5,1,178.0,150.0
2775,2776,15000000000,Lebak Bulus,Jakarta Selatan,16,0,0,971.0,620.0
2776,2777,160000000000,Kebayoran Baru,Jakarta Selatan,5,5,0,900.0,1280.0
2777,2778,40000000000,Kebayoran Baru,Jakarta Selatan,4,3,0,984.0,400.0
2778,2779,38500000000,Menteng,Jakarta Pusat,3,4,0,512.0,650.0
2779,2780,42000000000,Kemang,Jakarta Selatan,0,0,0,1180.0,120.0
2780,2781,48000000000,Kebayoran Baru,Jakarta Selatan,5,4,0,670.0,550.0
2781,2782,25000000000,Palmerah,Jakarta Barat,0,0,0,870.0,870.0
2782,2783,29000000000,Kebayoran Baru,Jakarta Selatan,5,6,2,425.0,800.0
2783,2784,32000000000,Kebayoran Baru,Jakarta Selatan,3,4,0,576.0,350.0
2784,2785,12500000000,Kebayoran Baru,Jakarta Selatan,2,2,0,252.0,252.0
2785,2786,80000000000,Kebayoran Baru,Jakarta Selatan,4,4,1,700.0,800.0
2786,2787,26000000000,Kemang,Jakarta Selatan,7,6,0,1107.0,400.0
2787,2788,27500000000,Bangka,Jakarta Selatan,11,10,4,1143.0,700.0
2788,2789,60000000000,Lebak Bulus,Jakarta Selatan,3,3,10,3059.0,846.0
2789,2790,102000000000,Kebayoran Baru,Jakarta Selatan,5,5,10,1206.0,2000.0
2790,2791,27000000000,Pesanggrahan,Jakarta Selatan,7,6,0,1460.0,600.0
2791,2792,20000000000,Setiabudi,Jakarta Selatan,4,4,0,560.0,600.0
2792,2793,6000000000,Kalideres,Jakarta Barat,11,3,0,333.0,250.0
2793,2794,745000000,Johar Baru,Jakarta Pusat,2,2,1,38.0,62.0
2794,2795,1900000000,Cirendeu,Jakarta Selatan,3,3,2,72.0,92.0
2795,2796,4950000000,Kelapa Gading,Jakarta Utara,4,3,2,146.0,264.0
2796,2797,25000000000,Cilandak,Jakarta Selatan,5,4,10,1332.0,585.0
2797,2798,1700000000,Srengseng,Jakarta Barat,3,0,0,115.0,200.0
2798,2799,6500000000,Tebet,Jakarta Selatan,5,5,2,300.0,225.0
2799,2800,7250000000,Muara Karang,Jakarta Utara,3,3,0,390.0,450.0
2800,2801,9500000000,Intercon,Jakarta Barat,4,4,2,300.0,520.0
2801,2802,1650000000,Citra Garden,Jakarta Barat,3,2,0,120.0,100.0
2802,2803,3550000000,Tebet,Jakarta Selatan,5,3,1,265.0,371.0
2803,2804,29000000000,Pondok Indah,Jakarta Selatan,8,4,5,660.0,450.0
2804,2805,48000000000,Menteng,Jakarta Pusat,5,6,4,894.0,702.0
2805,2806,13000000000,Menteng,Jakarta Pusat,2,1,5,291.0,200.0
2806,2807,3300000000,Taman Grisenda,Jakarta Utara,4,3,2,126.0,230.0
2807,2808,8900000000,Senen,Jakarta Pusat,6,3,2,300.0,300.0
2808,2809,3750000000,Green Lake City,Jakarta Barat,3,3,0,120.0,172.0
2809,2810,11500000000,Gambir,Jakarta Pusat,8,3,1,344.0,412.0
2810,2811,17000000000,Cilandak,Jakarta Selatan,6,5,7,772.0,600.0
2811,2812,9500000000,Kemang,Jakarta Selatan,3,3,0,141.0,305.0
2812,2813,26000000000,Pejaten,Jakarta Selatan,4,3,4,1160.0,500.0
2813,2814,2800000000,Green Lake City,Jakarta Barat,3,3,2,90.0,140.0
2814,2815,11000000000,Ancol,Jakarta Utara,0,0,0,360.0,600.0
2815,2816,5850000000,Cempaka Putih,Jakarta Pusat,4,3,2,169.0,290.0
2816,2817,8500000000,Jalan Panjang,Jakarta Barat,7,4,2,720.0,500.0
2817,2818,21000000000,Pantai Indah Kapuk,Jakarta Utara,4,4,2,472.0,700.0
2818,2819,2600000000,Muara Karang,Jakarta Utara,0,0,0,60.0,200.0
2819,2820,5250000000,Lebak Bulus,Jakarta Selatan,4,4,1,173.0,280.0
2820,2821,1620000000,Cinere,Jakarta Selatan,3,3,1,114.0,185.0
2821,2822,1970000000,Cibubur,Jakarta Timur,4,3,2,303.0,250.0
2822,2823,1500000000,Jagakarsa,Jakarta Selatan,3,0,2,68.0,120.0
2823,2824,8500000000,Cilandak,Jakarta Selatan,4,3,2,307.0,300.0
2824,2825,5900000000,Gatot Subroto,Jakarta Selatan,4,4,2,160.0,300.0
2825,2826,30000000000,Cilandak,Jakarta Selatan,3,4,2,891.0,550.0
2826,2827,1110000000,Jakarta Garden City,Jakarta Timur,3,2,0,105.0,105.0
2827,2828,870000000,Cibubur,Jakarta Timur,2,2,0,114.0,56.0
2828,2829,1300000000,Duri Kepa,Jakarta Barat,3,3,1,39.0,90.0
2829,2830,5200000000,Kalibata,Jakarta Selatan,4,4,1,345.0,220.0
2830,2831,2300000000,Duri Kepa,Jakarta Barat,3,3,1,70.0,130.0
2831,2832,3750000000,Metland Puri,Jakarta Barat,4,4,1,135.0,180.0
2832,2833,120000000000,Kebayoran Baru,Jakarta Selatan,0,0,0,1000.0,500.0
2833,2834,102000000000,Kebayoran Baru,Jakarta Selatan,0,0,0,1200.0,700.0
2834,2835,2770000000,Kramat Jati,Jakarta Timur,5,3,0,160.0,400.0
2835,2836,10000000000,Pakubuwono,Jakarta Selatan,3,3,0,135.0,300.0
2836,2837,4350000000,Sunrise Garden,Jakarta Barat,4,4,1,120.0,240.0
2837,2838,19000000000,Gandaria,Jakarta Selatan,3,3,0,200.0,362.0
2838,2839,28000000000,Kebon Jeruk,Jakarta Barat,5,5,0,800.0,1000.0
2839,2840,2390000000,Tanjung Duren,Jakarta Barat,4,4,1,55.0,130.0
2840,2841,2600000000,Cibubur,Jakarta Timur,4,3,0,160.0,175.0
2841,2842,32000000000,Kuningan,Jakarta Selatan,5,3,2,504.0,385.0
2842,2843,4900000000,Sunrise Garden,Jakarta Barat,3,3,1,120.0,240.0
2843,2844,2450000000,Duri Kepa,Jakarta Barat,3,3,1,88.0,180.0
2844,2845,2750000000,Tanjung Duren,Jakarta Barat,4,4,1,67.0,178.0
2845,2846,1600000000,Pantai Indah Kapuk 2,Jakarta Utara,3,3,1,45.0,87.0
2846,2847,2770000000,Ciracas,Jakarta Timur,5,3,0,160.0,400.0
2847,2848,3150000000,Pantai Indah Kapuk 2,Jakarta Utara,3,2,0,120.0,240.0
2848,2849,12900000000,Tebet,Jakarta Selatan,4,3,0,393.0,400.0
2849,2850,10400000000,Tebet,Jakarta Selatan,3,2,2,392.0,236.0
2850,2851,1650000000,Duri Kepa,Jakarta Barat,4,3,0,56.0,100.0
2851,2852,8800000000,Cilandak,Jakarta Selatan,5,4,1,407.0,400.0
2852,2853,2100000000,Green Lake City,Jakarta Barat,3,3,1,90.0,110.0
2853,2854,14600000000,Pondok Gede,Jakarta Timur,2,1,1,606.0,752.0
2854,2855,485000000,Kemang,Jakarta Selatan,3,2,0,60.0,60.0
2855,2856,10900000000,Tebet,Jakarta Selatan,5,5,0,315.0,380.0
2856,2857,13000000000,Pejaten,Jakarta Selatan,34,37,2,610.0,1000.0
2857,2858,830000000,Utan Kayu,Jakarta Timur,2,2,0,30.0,60.0
2858,2859,1660000000,Jakarta Garden City,Jakarta Timur,4,3,0,90.0,120.0
2859,2860,2440000000,Cilincing,Jakarta Utara,4,3,0,90.0,135.0
2860,2861,3000000000,Penjaringan,Jakarta Utara,3,3,1,77.0,100.0
2861,2862,875000000,Ciracas,Jakarta Timur,3,2,1,44.0,55.0
2862,2863,885000000,Kalisari,Jakarta Timur,3,2,1,50.0,65.0
2863,2864,1380000000,Cijantung,Jakarta Timur,4,4,1,94.0,100.0
2864,2865,12000000000,Pulo Gadung,Jakarta Timur,5,2,2,416.0,500.0
2865,2866,3400000000,Bambu Apus,Jakarta Timur,4,3,1,122.0,210.0
2866,2867,2480000000,Meruya,Jakarta Barat,3,3,1,125.0,168.0
2867,2868,7600000000,Cipete,Jakarta Selatan,5,5,2,270.0,432.0
2868,2869,11000000000,Cipete,Jakarta Selatan,8,5,2,368.0,831.0
2869,2870,13000000000,Bintaro,Jakarta Selatan,3,2,5,748.0,380.0
2870,2871,2000000000,Cengkareng,Jakarta Barat,4,3,1,99.0,200.0
2871,2872,2300000000,Duri Kepa,Jakarta Barat,3,3,0,70.0,140.0
2872,2873,5200000000,Permata Buana,Jakarta Barat,3,3,2,160.0,200.0
2873,2874,1600000000,Kemanggisan,Jakarta Barat,4,2,0,85.0,100.0
2874,2875,1200000000,Tanjung Priok,Jakarta Utara,3,2,1,40.0,80.0
2875,2876,6000000000,Kelapa Gading,Jakarta Utara,2,2,0,210.0,157.0
2876,2877,6500000000,Kelapa Gading,Jakarta Utara,3,2,0,290.0,250.0
2877,2878,3700000000,Lebak Bulus,Jakarta Selatan,4,3,2,270.0,168.0
2878,2879,19500000000,Mampang Prapatan,Jakarta Selatan,6,3,3,650.0,450.0
2879,2880,2200000000,Pulomas,Jakarta Timur,0,3,1,157.0,160.0
2880,2881,26000000000,Kebayoran Baru,Jakarta Selatan,4,5,2,329.0,600.0
2881,2882,1650000000,Jelambar,Jakarta Barat,2,2,1,45.0,115.0
2882,2883,1500000000,Meruya,Jakarta Barat,3,2,1,73.0,107.0
2883,2884,3950000000,Meruya,Jakarta Barat,4,2,1,250.0,350.0
2884,2885,3990000000,Meruya,Jakarta Barat,5,3,3,250.0,400.0
2885,2886,3800000000,Meruya,Jakarta Barat,4,4,1,250.0,280.0
2886,2887,761000000,Cengkareng,Jakarta Barat,2,2,1,41.0,65.0
2887,2888,5600000000,Jati Padang,Jakarta Selatan,3,3,1,300.0,260.0
2888,2889,1000000000,Pondok Kelapa,Jakarta Timur,1,1,0,68.0,68.0
2889,2890,8000000000,Jati Padang,Jakarta Selatan,4,4,1,310.0,360.0
2890,2891,875000000,Jagakarsa,Jakarta Selatan,2,1,1,103.0,110.0
2891,2892,5500000000,Cengkareng,Jakarta Barat,5,4,2,120.0,270.0
2892,2893,15000000000,Kemayoran,Jakarta Pusat,9,8,4,600.0,900.0
2893,2894,19000000000,Pluit,Jakarta Utara,6,6,3,450.0,500.0
2894,2895,2650000000,Tebet,Jakarta Selatan,4,3,1,135.0,200.0
2895,2896,5000000000,Intercon,Jakarta Barat,4,3,0,200.0,300.0
2896,2897,8500000000,Permata Buana,Jakarta Barat,4,4,2,266.0,226.0
2897,2898,10500000000,Permata Buana,Jakarta Barat,4,3,3,250.0,600.0
2898,2899,3950000000,Meruya,Jakarta Barat,5,3,3,250.0,250.0
2899,2900,1720000000,Meruya,Jakarta Barat,4,4,2,82.0,120.0
2900,2901,2400000000,Meruya,Jakarta Barat,4,3,3,114.0,180.0
2901,2902,1300000000,Meruya,Jakarta Barat,3,4,1,60.0,150.0
2902,2903,4500000000,Puri Indah,Jakarta Barat,4,3,3,140.0,190.0
2903,2904,15000000000,Permata Buana,Jakarta Barat,6,5,5,200.0,400.0
2904,2905,3400000000,Puri Mansion,Jakarta Barat,4,4,3,120.0,150.0
2905,2906,8300000000,Kalideres,Jakarta Barat,4,3,1,336.0,277.0
2906,2907,4700000000,Lebak Bulus,Jakarta Selatan,5,4,1,225.0,350.0
2907,2908,17000000000,Mampang Prapatan,Jakarta Selatan,4,3,0,371.0,235.0
2908,2909,2300000000,Slipi,Jakarta Barat,3,2,1,67.0,100.0
2909,2910,3750000000,Cawang,Jakarta Timur,3,2,1,180.0,100.0
2910,2911,1690000000,Cilangkap,Jakarta Timur,4,2,1,84.0,111.0
2911,2912,3500000000,Bambu Apus,Jakarta Timur,3,3,1,170.0,250.0
2912,2913,5900000000,Pondok Indah,Jakarta Selatan,3,2,1,140.0,300.0
2913,2914,7300000000,Permata Hijau,Jakarta Selatan,4,4,0,298.0,350.0
2914,2915,23000000000,Mega Kuningan,Jakarta Selatan,4,4,0,301.0,315.0
2915,2916,6480000000,Tanjung Duren,Jakarta Barat,28,8,2,320.0,600.0
2916,2917,6500000000,Gandaria,Jakarta Selatan,5,4,4,285.0,306.0
2917,2918,36000000000,Kebayoran Lama,Jakarta Selatan,3,2,1,1020.0,500.0
2918,2919,2900000000,Kelapa Gading,Jakarta Utara,4,3,0,120.0,185.0
2919,2920,4800000000,Bendungan Hilir,Jakarta Pusat,3,3,1,115.0,150.0
2920,2921,2650000000,Tebet,Jakarta Selatan,4,3,1,135.0,200.0
2921,2922,1550000000,Duri Kosambi,Jakarta Barat,3,2,0,132.0,102.0
2922,2923,5000000000,Pantai Indah Kapuk 2,Jakarta Utara,3,3,2,100.0,192.0
2923,2924,3680000000,Cempaka Putih,Jakarta Pusat,5,3,1,235.0,200.0
2924,2925,3000000000,Kelapa Gading,Jakarta Utara,5,3,1,120.0,300.0
2925,2926,19000000000,Tebet,Jakarta Selatan,3,3,5,606.0,515.0
2926,2927,3200000000,Tebet,Jakarta Selatan,4,4,1,133.0,250.0
2927,2928,1400000000,Jagakarsa,Jakarta Selatan,3,3,1,75.0,140.0
2928,2929,2250000000,Green Lake City,Jakarta Barat,3,2,1,90.0,108.0
2929,2930,12500000000,Kemang,Jakarta Selatan,6,5,0,542.0,600.0
2930,2931,5500000000,Green Lake City,Jakarta Barat,5,6,3,160.0,320.0
2931,2932,11000000000,Pondok Pinang,Jakarta Selatan,6,6,3,392.0,435.0
2932,2933,30000000000,Panglima Polim,Jakarta Selatan,5,5,2,373.0,700.0
2933,2934,9500000000,Tebet,Jakarta Selatan,4,4,2,268.0,365.0
2934,2935,2250000000,Green Lake City,Jakarta Barat,3,2,0,90.0,105.0
2935,2936,4600000000,Pantai Indah Kapuk 2,Jakarta Utara,3,2,2,120.0,160.0
2936,2937,5800000000,Duren Sawit,Jakarta Timur,5,4,1,406.0,385.0
2937,2938,4900000000,Metland Puri,Jakarta Barat,3,3,2,120.0,167.0
2938,2939,12000000000,Cipete,Jakarta Selatan,4,3,2,603.0,250.0
2939,2940,11000000000,Pondok Indah,Jakarta Selatan,4,5,3,260.0,310.0
2940,2941,13000000000,Kebayoran Lama,Jakarta Selatan,4,4,1,700.0,450.0
2941,2942,8000000000,Radio Dalam,Jakarta Selatan,0,0,0,348.0,318.0
2942,2943,29000000000,Kebayoran Baru,Jakarta Selatan,4,3,2,792.0,470.0
2943,2944,3400000000,Metland Puri,Jakarta Barat,3,3,2,96.0,99.0
2945,2946,555000000,Cengkareng,Jakarta Barat,4,4,0,30.0,60.0
2946,2947,55000000000,Daan Mogot,Jakarta Barat,9,7,1,677.0,2000.0
2947,2948,28000000000,Fatmawati,Jakarta Selatan,6,6,5,702.0,231.0
2948,2949,6200000000,Kelapa Gading,Jakarta Utara,4,3,0,198.0,300.0
2949,2950,55000000000,Daan Mogot,Jakarta Barat,6,8,0,677.0,2000.0
2950,2951,6500000000,Tebet,Jakarta Selatan,1,1,2,172.0,200.0
2951,2952,2650000000,Cakung,Jakarta Timur,4,3,0,170.0,120.0
2952,2953,51000000000,Menteng,Jakarta Pusat,2,1,3,573.0,305.0
2953,2954,14000000000,Kebayoran Baru,Jakarta Selatan,5,3,2,385.0,300.0
2954,2955,1850000000,Cirendeu,Jakarta Selatan,5,5,1,127.0,200.0
2955,2956,3700000000,Jelambar,Jakarta Barat,2,2,0,168.0,300.0
2956,2957,3500000000,Jelambar,Jakarta Barat,4,3,0,154.0,168.0
2957,2958,3200000000,Tebet,Jakarta Selatan,4,4,2,133.0,250.0
2958,2959,3500000000,Green Lake City,Jakarta Barat,5,4,0,108.0,160.0
2959,2960,6500000000,Citra Garden,Jakarta Barat,4,0,2,240.0,240.0
2960,2961,2300000000,Pantai Indah Kapuk 2,Jakarta Utara,3,2,1,60.0,119.0
2961,2962,6900000000,Gandaria,Jakarta Selatan,5,3,2,320.0,480.0
2962,2963,4900000000,Ampera,Jakarta Selatan,3,3,2,124.0,250.0
2963,2964,55000000000,Kebayoran Baru,Jakarta Selatan,6,5,9,1165.0,452.0
2964,2965,55000000000,Kebayoran Baru,Jakarta Selatan,4,4,6,500.0,500.0
2965,2966,7100000000,Fatmawati,Jakarta Selatan,6,6,1,339.0,280.0
2966,2967,2300000000,Cengkareng,Jakarta Barat,3,1,0,162.0,100.0
2967,2968,29000000000,Radio Dalam,Jakarta Selatan,4,3,2,792.0,470.0
2968,2969,7500000000,Kelapa Gading,Jakarta Utara,4,4,4,220.0,500.0
2969,2970,6500000000,Setiabudi,Jakarta Selatan,5,5,2,318.0,478.0
2970,2971,8700000000,Tanah Kusir,Jakarta Selatan,5,2,2,558.0,305.0
2971,2972,13000000000,Setiabudi,Jakarta Selatan,3,2,1,344.0,308.0
2972,2973,450000000,Pondok Bambu,Jakarta Timur,1,1,0,60.0,45.0
2973,2974,3000000000,Puri Indah,Jakarta Barat,4,3,1,127.0,110.0
2974,2975,1300000000,Meruya,Jakarta Barat,3,3,1,79.0,88.0
2975,2976,62000000000,Pondok Indah,Jakarta Selatan,5,5,1,660.0,1500.0
2976,2977,4280000000,Penjaringan,Jakarta Utara,4,2,1,135.0,247.0
2977,2978,13000000000,Kebayoran Baru,Jakarta Selatan,6,6,2,456.0,430.0
2978,2979,38000000000,Permata Hijau,Jakarta Selatan,4,5,2,719.0,650.0
2979,2980,55200000000,Kebayoran Baru,Jakarta Selatan,6,6,4,841.0,900.0
2980,2981,5300000000,Green Mansion,Jakarta Barat,3,3,2,120.0,200.0
2981,2982,1400000000,Green Lake City,Jakarta Barat,2,2,1,60.0,87.0
2982,2983,7800000000,Fatmawati,Jakarta Selatan,4,5,5,348.0,325.0
2983,2984,5900000000,Pondok Kelapa,Jakarta Timur,5,5,4,310.0,400.0
2984,2985,7700000000,Pondok Kelapa,Jakarta Timur,6,5,2,350.0,400.0
2985,2986,1850000000,Pondok Kelapa,Jakarta Timur,3,3,2,180.0,150.0
2986,2987,3250000000,Pondok Kelapa,Jakarta Timur,4,3,2,150.0,160.0
2987,2988,7000000000,Pondok Kelapa,Jakarta Timur,4,4,2,400.0,250.0
2988,2989,2500000000,Pondok Kelapa,Jakarta Timur,4,2,1,157.0,150.0
2989,2990,2300000000,Pondok Kelapa,Jakarta Timur,4,3,2,110.0,150.0
2990,2991,1450000000,Pondok Kelapa,Jakarta Timur,3,3,1,93.0,120.0
2991,2992,7970000000,Lebak Bulus,Jakarta Selatan,5,3,6,322.0,326.0
2992,2993,6300000000,Cilandak,Jakarta Selatan,4,2,1,284.0,210.0
2993,2994,3250000000,Kelapa Gading,Jakarta Utara,3,2,0,162.0,120.0
2994,2995,1500000000,Jagakarsa,Jakarta Selatan,3,3,1,65.0,90.0
2995,2996,1500000000,Pejaten,Jakarta Selatan,3,3,1,61.0,125.0
2996,2997,10700000000,Pondok Indah,Jakarta Selatan,5,5,2,200.0,350.0
2997,2998,31000000000,Pejaten,Jakarta Selatan,6,5,2,1230.0,650.0
2998,2999,3750000000,Lebak Bulus,Jakarta Selatan,2,2,2,225.0,150.0
2999,3000,6900000000,Permata Buana,Jakarta Barat,3,3,0,144.0,347.0
3000,3001,3200000000,Tebet,Jakarta Selatan,3,3,1,137.0,200.0
3001,3002,7000000000,Sunter,Jakarta Utara,6,5,2,194.0,400.0
3002,3003,85000000000,Kebayoran Baru,Jakarta Selatan,4,4,4,1048.0,500.0
3003,3004,4600000000,Pondok Pinang,Jakarta Selatan,3,3,3,200.0,141.0
3004,3005,16900000000,Kebayoran Baru,Jakarta Selatan,4,3,0,334.0,365.0
3005,3006,3600000000,Kelapa Gading,Jakarta Utara,3,3,1,90.0,132.0
3006,3007,16500000000,Kebayoran Baru,Jakarta Selatan,4,2,2,381.0,338.0
3007,3008,5000000000,Taman Surya,Jakarta Barat,5,4,3,252.0,190.0
3008,3009,1650000000,Senen,Jakarta Pusat,3,2,2,61.0,115.0
3009,3010,1300000000,Cipayung,Jakarta Timur,3,2,2,66.0,86.0
3010,3011,37000000000,Menteng,Jakarta Pusat,0,0,0,519.0,500.0
3011,3012,58000000000,Menteng,Jakarta Pusat,5,1,0,717.0,1200.0
3012,3013,21000000000,Menteng,Jakarta Pusat,4,0,0,323.0,400.0
3013,3014,56000000000,Menteng,Jakarta Pusat,4,0,0,574.0,600.0
3014,3015,125000000000,Menteng,Jakarta Pusat,5,0,0,1050.0,800.0
3015,3016,63000000000,Pondok Indah,Jakarta Selatan,0,0,0,1400.0,1200.0
3016,3017,160000000000,Kebayoran Baru,Jakarta Selatan,4,0,0,1285.0,700.0
3017,3018,45000000000,Menteng,Jakarta Pusat,0,0,0,1070.0,500.0
3018,3019,95000000000,Menteng,Jakarta Pusat,4,4,0,879.0,1000.0
3019,3020,13700000000,Menteng,Jakarta Pusat,0,0,0,360.0,250.0
3020,3021,14500000000,Cilandak,Jakarta Selatan,4,4,2,330.0,650.0
3021,3022,5000000000,Tanah Kusir,Jakarta Selatan,5,3,3,265.0,200.0
3022,3023,6500000000,Muara Karang,Jakarta Utara,3,3,0,200.0,352.0
3023,3024,2100000000,Pasar Rebo,Jakarta Timur,3,3,1,119.0,162.0
3024,3025,11500000000,Pondok Indah,Jakarta Selatan,4,5,3,260.0,310.0
3025,3026,3600000000,Green Lake City,Jakarta Barat,3,3,0,228.0,169.0
3026,3027,5200000000,Cirendeu,Jakarta Selatan,4,3,0,400.0,246.0
3027,3028,24000000000,Cipete,Jakarta Selatan,5,5,6,780.0,1150.0
3028,3029,12000000000,Mampang Prapatan,Jakarta Selatan,6,6,2,700.0,720.0
3029,3030,1650000000,Citra Grand,Jakarta Timur,3,2,1,136.0,155.0
3030,3031,1270000000,Cipayung,Jakarta Timur,3,2,1,70.0,75.0
3031,3032,17900000000,Sunter,Jakarta Utara,7,8,4,555.0,1000.0
3032,3033,18000000000,Penjaringan,Jakarta Utara,4,3,3,516.0,600.0
3033,3034,85000000000,Pantai Indah Kapuk,Jakarta Utara,8,12,4,1200.0,3000.0
3034,3035,8500000000,Pantai Indah Kapuk,Jakarta Utara,6,4,2,147.0,450.0
3035,3036,41000000000,Permata Hijau,Jakarta Selatan,4,4,2,600.0,1000.0
3036,3037,3590000000,Pantai Indah Kapuk,Jakarta Utara,0,0,0,128.0,190.0
3037,3038,9400000000,Permata Buana,Jakarta Barat,4,4,3,240.0,345.0
3038,3039,14500000000,Bendungan Hilir,Jakarta Pusat,7,6,1,376.0,500.0
3039,3040,1500000000,Bintaro,Jakarta Selatan,3,2,2,72.0,99.0
3040,3041,49000000000,Mega Kuningan,Jakarta Selatan,4,5,2,540.0,1100.0
3041,3042,9000000000,Sunter,Jakarta Utara,5,4,2,413.0,468.0
3042,3043,4200000000,Tanah Abang,Jakarta Pusat,3,3,0,130.0,260.0
3043,3044,2850000000,Pulogebang,Jakarta Timur,4,3,2,160.0,290.0
3044,3045,15000000000,Kebayoran Baru,Jakarta Selatan,4,4,3,307.0,360.0
3045,3046,5800000000,Pulomas,Jakarta Timur,5,4,2,357.0,750.0
3046,3047,1250000000,Pulogebang,Jakarta Timur,2,2,0,75.0,58.0
3047,3048,8500000000,Tomang,Jakarta Barat,33,33,0,180.0,400.0
3048,3049,1400000000,Sunter,Jakarta Utara,3,3,2,55.0,80.0
3049,3050,1400000000,Puri Mansion,Jakarta Barat,3,3,2,55.0,80.0
3050,3051,1400000000,Permata Buana,Jakarta Barat,3,3,2,55.0,80.0
3051,3052,1400000000,Kelapa Gading,Jakarta Utara,3,3,2,55.0,80.0
3052,3053,1400000000,Pantai Indah Kapuk 2,Jakarta Utara,3,3,2,55.0,80.0
3053,3054,1400000000,Pantai Indah Kapuk,Jakarta Utara,3,3,2,55.0,80.0
3054,3055,1400000000,Kemayoran,Jakarta Pusat,3,3,2,55.0,80.0
3055,3056,1400000000,Cempaka Putih,Jakarta Pusat,3,3,2,55.0,80.0
3056,3057,1400000000,SCBD,Jakarta Selatan,3,3,2,55.0,80.0
3057,3058,1400000000,Gandaria,Jakarta Selatan,3,3,2,55.0,80.0
3058,3059,6500000000,Muara Karang,Jakarta Utara,3,3,1,150.0,350.0
3059,3060,1850000000,Rawamangun,Jakarta Timur,7,2,0,98.0,180.0
3060,3061,4500000000,Kelapa Gading,Jakarta Utara,5,4,1,150.0,300.0
3061,3062,50000000000,Pantai Indah Kapuk,Jakarta Utara,0,0,0,600.0,1300.0
3062,3063,2100000000,Green garden,Jakarta Barat,3,2,1,96.0,120.0
3063,3064,2200000000,Jakarta Garden City,Jakarta Timur,4,4,0,120.0,210.0
3064,3065,4500000000,Jelambar,Jakarta Barat,6,2,2,230.0,320.0
3065,3066,1700000000,Srengseng,Jakarta Barat,3,3,1,120.0,240.0
3066,3067,40000000000,Patal Senayan,Jakarta Selatan,4,4,2,589.0,900.0
3067,3068,2350000000,Cengkareng,Jakarta Barat,3,2,2,200.0,125.0
3068,3069,23000000000,Cideng,Jakarta Pusat,2,2,2,589.0,400.0
3069,3070,1250000000,Duri Kepa,Jakarta Barat,3,3,1,39.0,110.0
3070,3071,85000000000,Antasari,Jakarta Selatan,5,5,0,2552.0,936.0
3072,3073,3800000000,Tamansari,Jakarta Barat,6,3,1,311.0,229.0
3073,3074,6500000000,Tomang,Jakarta Barat,10,2,2,259.0,250.0
3074,3075,3400000000,Taman Meruya,Jakarta Barat,4,2,2,120.0,240.0
3075,3076,2300000000,Tomang,Jakarta Barat,0,0,0,89.0,66.0
3076,3077,9500000000,Cideng,Jakarta Pusat,4,4,2,255.0,355.0
3077,3078,3500000000,Pluit,Jakarta Utara,2,2,1,140.0,125.0
3078,3079,8000000000,Setiabudi,Jakarta Selatan,4,3,2,200.0,350.0
3079,3080,3000000000,Green Ville,Jakarta Barat,5,3,1,150.0,250.0
3080,3081,15800000000,Bangka,Jakarta Selatan,4,4,3,702.0,950.0
3081,3082,6500000000,Kemanggisan,Jakarta Barat,2,3,1,216.0,138.0
3082,3083,2750000000,Duren Sawit,Jakarta Timur,5,3,1,180.0,276.0
3083,3084,1400000000,Percetakan Negara,Jakarta Pusat,3,2,1,42.0,75.0
3084,3085,2550000000,Tebet,Jakarta Selatan,4,3,2,140.0,180.0
3085,3086,3200000000,Taman Grisenda,Jakarta Utara,4,3,0,120.0,80.0
3086,3087,7800000000,Muara Karang,Jakarta Utara,5,5,0,300.0,12.0
3087,3088,11000000000,Muara Karang,Jakarta Utara,5,4,0,405.0,225.0
3088,3089,12500000000,Pantai Indah Kapuk,Jakarta Utara,6,5,1,250.0,475.0
3089,3090,3300000000,Muara Karang,Jakarta Utara,4,3,2,162.0,10.0
3090,3091,700000000,Sunter,Jakarta Utara,2,2,0,22.0,41.0
3091,3092,8500000000,Muara Karang,Jakarta Utara,6,2,2,300.0,450.0
3092,3093,3500000000,Puri Indah,Jakarta Barat,3,2,2,120.0,170.0
3093,3094,2450000000,Kelapa Gading,Jakarta Utara,3,2,0,120.0,100.0
3094,3095,1600000000,Cengkareng,Jakarta Barat,3,3,1,60.0,80.0
3095,3096,18000000000,Kebayoran Baru,Jakarta Selatan,5,5,8,899.0,467.0
3096,3097,9500000000,Kemang,Jakarta Selatan,4,4,2,200.0,400.0
3097,3098,100000000000,Kebayoran Baru,Jakarta Selatan,4,4,2,1206.0,2000.0
3098,3099,2600000000,Tomang,Jakarta Barat,3,2,1,146.0,200.0
3099,3100,18500000000,TB Simatupang,Jakarta Selatan,16,13,0,273.0,409.0
3100,3101,20000000000,Menteng,Jakarta Pusat,4,2,0,482.0,277.0
3101,3102,5750000000,Setiabudi,Jakarta Selatan,4,1,1,148.0,150.0
3102,3103,1520000000,Gambir,Jakarta Pusat,3,2,1,38.0,63.0
3103,3104,2750000000,Tanjung Duren,Jakarta Barat,5,4,1,67.0,183.0
3104,3105,1500000000,Cibubur,Jakarta Timur,2,2,1,72.0,70.0
3105,3106,9500000000,Sektor 1 - Bintaro,Jakarta Selatan,5,5,3,823.0,500.0
3106,3107,3000000000,Taman Ratu,Jakarta Barat,5,3,0,100.0,260.0
3107,3108,2950000000,Citra Garden,Jakarta Barat,3,3,0,150.0,156.0
3108,3109,16000000000,Puri Indah,Jakarta Barat,4,4,0,300.0,450.0
3109,3110,4200000000,Citra Grand,Jakarta Timur,4,4,1,353.0,252.0
3110,3111,10500000000,Puri Indah,Jakarta Barat,5,5,2,450.0,600.0
3111,3112,5600000000,Intercon,Jakarta Barat,4,3,0,162.0,300.0
3112,3113,5300000000,Joglo,Jakarta Barat,4,3,1,208.0,280.0
3113,3114,16000000000,Puri Indah,Jakarta Barat,4,4,0,300.0,450.0
3114,3115,11000000000,Pluit,Jakarta Utara,4,3,2,220.0,450.0
3115,3116,3200000000,Meruya,Jakarta Barat,5,4,1,126.0,200.0
3116,3117,4500000000,Pondok Ranggon,Jakarta Timur,6,4,0,985.0,500.0
3117,3118,4650000000,Pasar Minggu,Jakarta Selatan,10,4,0,1000.0,500.0
3118,3119,11900000000,Menteng Dalam,Jakarta Selatan,4,2,0,371.0,420.0
3119,3120,4500000000,Kembangan Selatan,Jakarta Barat,3,2,0,200.0,250.0
3120,3121,5670000000,Lebak Bulus,Jakarta Selatan,3,2,0,300.0,400.0
3121,3122,16700000000,Pondok Pinang,Jakarta Selatan,4,3,0,491.0,600.0
3122,3123,2650000000,Metland Puri,Jakarta Barat,4,3,1,100.0,160.0
3123,3124,7000000000,Intercon,Jakarta Barat,3,2,1,300.0,200.0
3124,3125,10000000000,Menteng,Jakarta Pusat,22,22,4,153.0,400.0
3125,3126,1070000000,Percetakan Negara,Jakarta Pusat,2,2,1,31.0,59.0
3126,3127,4300000000,Puri Media,Jakarta Barat,3,3,2,144.0,208.0
3127,3128,2100000000,Cibubur,Jakarta Timur,3,2,0,120.0,100.0
3128,3129,790000000,Ciracas,Jakarta Timur,2,2,0,45.0,65.0
3129,3130,2890000000,Cakung,Jakarta Timur,4,2,0,120.0,130.0
3130,3131,710000000,Daan Mogot,Jakarta Barat,3,2,0,121.0,80.0
3131,3132,7190000000,Pesanggrahan,Jakarta Selatan,6,4,0,320.0,200.0
3132,3133,3050000000,Ciracas,Jakarta Timur,4,3,1,120.0,180.0
3133,3134,12700000000,Golf Island,Jakarta Utara,3,3,0,250.0,200.0
3134,3135,5900000000,Golf Island,Jakarta Utara,3,3,0,160.0,100.0
3135,3136,13800000000,Golf Island,Jakarta Utara,4,4,0,360.0,380.0
3136,3137,9000000000,Golf Island,Jakarta Utara,3,3,0,250.0,300.0
3137,3138,9800000000,Pantai Indah Kapuk 2,Jakarta Utara,4,4,0,240.0,435.0
3138,3139,1900000000,Semanan,Jakarta Barat,3,0,0,90.0,122.0
3139,3140,39000000000,Pasar Minggu,Jakarta Selatan,7,10,0,1214.0,555.0
3140,3141,2100000000,Sunter,Jakarta Utara,4,3,1,70.0,140.0
3141,3142,1550000000,Cibubur,Jakarta Timur,4,2,0,120.0,200.0
3142,3143,3490000000,Cibubur,Jakarta Timur,4,4,0,210.0,250.0
3143,3144,2330000000,Cibubur,Jakarta Timur,5,4,0,200.0,600.0
3144,3145,2800000000,Jagakarsa,Jakarta Selatan,6,5,3,230.0,96.0
3145,3146,3300000000,Green Lake City,Jakarta Barat,2,3,2,120.0,150.0
3146,3147,5000000000,Grogol Petamburan,Jakarta Barat,2,1,0,304.0,100.0
3147,3148,1600000000,Kembangan,Jakarta Barat,3,2,1,60.0,100.0
3148,3149,6950000000,Kelapa Gading,Jakarta Utara,4,4,1,220.0,300.0
3149,3150,6450000000,Pantai Indah Kapuk,Jakarta Utara,6,4,1,184.0,250.0
3150,3151,4400000000,Pejaten Timur,Jakarta Selatan,4,3,2,200.0,400.0
3151,3152,4200000000,Pulomas,Jakarta Timur,4,4,3,190.0,235.0
3152,3153,3200000000,Tomang,Jakarta Barat,4,3,1,135.0,150.0
3153,3154,3400000000,Sunter,Jakarta Utara,3,3,0,120.0,200.0
3154,3155,10000000000,Muara Karang,Jakarta Utara,4,4,2,360.0,500.0
3155,3156,3350000000,Muara Karang,Jakarta Utara,6,4,2,102.0,250.0
3156,3157,1190000000,Cibubur,Jakarta Timur,2,1,0,90.0,60.0
3157,3158,6500000000,Puri Mansion,Jakarta Barat,3,3,3,200.0,200.0
3158,3159,2450000000,Daan Mogot,Jakarta Barat,3,2,2,90.0,110.0
3159,3160,2000000000,Cijantung,Jakarta Timur,5,5,2,202.0,190.0
3160,3161,3100000000,Kelapa Gading,Jakarta Utara,5,5,0,102.0,230.0
3161,3162,1610000000,Cipayung,Jakarta Timur,3,2,0,60.0,150.0
3162,3163,1610000000,Kramat Jati,Jakarta Timur,3,2,0,60.0,150.0
3163,3164,1940000000,Jagakarsa,Jakarta Selatan,3,2,0,170.0,140.0
3164,3165,7500000000,Rawamangun,Jakarta Timur,8,6,2,325.0,400.0
3165,3166,1830000000,Taman Palem,Jakarta Barat,0,0,0,122.0,122.0
3166,3167,14900000000,Pantai Indah Kapuk,Jakarta Utara,4,4,1,360.0,360.0
3167,3168,18000000000,Pluit,Jakarta Utara,4,3,1,516.0,516.0
3168,3169,7500000000,Muara Karang,Jakarta Utara,0,0,0,300.0,300.0
3169,3170,640000000,Jakarta Garden City,Jakarta Timur,3,2,0,45.0,70.0
3170,3171,2330000000,Koja,Jakarta Utara,6,4,0,335.0,250.0
3171,3172,4900000000,Sunter,Jakarta Utara,5,2,2,160.0,240.0
3172,3173,48000000000,Menteng,Jakarta Pusat,20,21,8,732.0,1200.0
3173,3174,2200000000,Sunter,Jakarta Utara,3,2,2,82.0,110.0
3174,3175,9500000000,Cilandak,Jakarta Selatan,5,3,0,299.0,345.0
3175,3176,600000000,Johar Baru,Jakarta Pusat,2,2,0,30.0,84.0
3176,3177,8000000000,Mampang Prapatan,Jakarta Selatan,3,3,0,326.0,900.0
3177,3178,95000000000,Pondok Indah,Jakarta Selatan,6,6,8,1400.0,781.0
3178,3179,1800000000,Semanan,Jakarta Barat,3,2,1,80.0,58.0
3179,3180,9500000000,Kemanggisan,Jakarta Barat,7,3,2,346.0,200.0
3180,3181,2300000000,Duri Kepa,Jakarta Barat,3,3,2,70.0,140.0
3181,3182,7600000000,Bendungan Hilir,Jakarta Pusat,2,2,1,225.0,200.0
3182,3183,6500000000,Duren Sawit,Jakarta Timur,3,3,2,401.0,255.0
3183,3184,8800000000,Kebayoran Baru,Jakarta Selatan,4,4,2,207.0,250.0
3184,3185,70000000000,Kebayoran Baru,Jakarta Selatan,5,4,3,626.0,350.0
3185,3186,11500000000,Kebayoran Baru,Jakarta Selatan,3,3,0,270.0,186.0
3186,3187,1750000000,Gunung Sahari,Jakarta Pusat,3,3,0,61.0,115.0
3187,3188,2930000000,Utan Kayu,Jakarta Timur,4,4,0,85.0,96.0
3188,3189,1160000000,Karang Anyar,Jakarta Pusat,2,2,0,42.0,68.0
3189,3190,1610000000,Cibubur,Jakarta Timur,4,2,0,90.0,120.0
3190,3191,1990000000,Cibubur,Jakarta Timur,4,3,0,152.0,166.0
3191,3192,1360000000,Cibubur,Jakarta Timur,3,2,0,133.0,90.0
3192,3193,720000000,Citra Garden,Jakarta Barat,2,1,0,60.0,35.0
3193,3194,1280000000,Cibubur,Jakarta Timur,3,2,0,72.0,110.0
3194,3195,920000000,Citra Garden,Jakarta Barat,3,3,0,67.0,70.0
3195,3196,700000000,Cakung,Jakarta Timur,3,2,0,57.0,70.0
3196,3197,570000000,Cipayung,Jakarta Timur,3,2,2,43.0,60.0
3197,3198,4900000000,Meruya,Jakarta Barat,7,5,2,250.0,480.0
3198,3199,13000000000,Pondok Indah,Jakarta Selatan,3,2,1,304.0,240.0
3199,3200,4500000000,Puri Indah,Jakarta Barat,5,4,0,144.0,134.0
3200,3201,4420000000,Cibubur,Jakarta Timur,4,4,0,300.0,250.0
3201,3202,640000000,Cibubur,Jakarta Timur,2,1,0,72.0,50.0
3202,3203,2990000000,Cibubur,Jakarta Timur,5,5,0,110.0,160.0
3203,3204,1440000000,Cibubur,Jakarta Timur,3,2,0,150.0,120.0
3204,3205,45000000000,Kemang,Jakarta Selatan,0,0,0,730.0,1100.0
3205,3206,3650000000,Kelapa Gading,Jakarta Utara,3,3,2,120.0,200.0
3206,3207,4000000000,Golf Island,Jakarta Utara,3,3,1,120.0,150.0
3207,3208,2200000000,Pasar Minggu,Jakarta Selatan,3,3,2,79.0,127.0
3208,3209,7700000000,Ulujami,Jakarta Selatan,7,5,2,789.0,531.0
3209,3210,13000000000,Setiabudi,Jakarta Selatan,5,2,1,344.0,300.0
3210,3211,55000000000,Kebayoran Baru,Jakarta Selatan,0,0,0,1065.0,500.0
3211,3212,700000000,Kebagusan,Jakarta Selatan,3,2,1,30.0,75.0
3212,3213,4000000000,Cengkareng,Jakarta Barat,3,2,0,257.0,211.0
3213,3214,2200000000,Pasar Minggu,Jakarta Selatan,3,3,2,79.0,127.0
3214,3215,2500000000,Pesanggrahan,Jakarta Selatan,5,4,1,120.0,156.0
3215,3216,3500000000,Jelambar,Jakarta Barat,4,3,0,195.0,195.0
3216,3217,10000000000,Jagakarsa,Jakarta Selatan,5,5,5,1065.0,900.0
3217,3218,10000000000,Meruya,Jakarta Barat,6,6,0,415.0,400.0
3218,3219,13000000000,Jagakarsa,Jakarta Selatan,5,6,0,600.0,500.0
3219,3220,2500000000,Puri Indah,Jakarta Barat,2,3,2,105.0,140.0
3220,3221,88000000000,Mega Kuningan,Jakarta Selatan,8,6,0,1500.0,1050.0
3221,3222,1700000000,Duren Sawit,Jakarta Timur,2,2,0,147.0,130.0
3222,3223,22800000000,Kelapa Gading,Jakarta Utara,5,4,0,513.0,800.0
3223,3224,35000000000,Senopati,Jakarta Selatan,4,2,4,536.0,409.0
3224,3225,19000000000,Kebayoran Baru,Jakarta Selatan,6,6,4,341.0,350.0
3225,3226,1250000000,Gunung Sahari,Jakarta Pusat,3,2,1,27.0,90.0
3226,3227,2400000000,Kelapa Gading,Jakarta Utara,2,3,0,102.0,102.0
3227,3228,1500000000,Kelapa Gading,Jakarta Utara,2,2,1,90.0,120.0
3228,3229,950000000,Ciracas,Jakarta Timur,3,2,1,60.0,80.0
3229,3230,29900000000,Kebayoran Lama,Jakarta Selatan,3,3,2,573.0,400.0
3230,3231,5700000000,Puri Indah,Jakarta Barat,4,3,1,195.0,350.0
3231,3232,2600000000,Semanan,Jakarta Barat,5,4,0,161.0,161.0
3232,3233,2600000000,Citra Garden,Jakarta Barat,4,3,0,161.0,200.0
3233,3234,1700000000,Tanjung Duren,Jakarta Barat,2,2,0,78.0,65.0
3234,3235,5800000000,Lebak Bulus,Jakarta Selatan,5,4,1,305.0,250.0
3235,3236,3000000000,Metland Puri,Jakarta Barat,4,4,1,105.0,84.0
3236,3237,12000000000,Lebak Bulus,Jakarta Selatan,4,3,3,497.0,450.0
3237,3238,12000000000,Jagakarsa,Jakarta Selatan,4,4,5,1050.0,450.0
3238,3239,12500000000,Pejaten,Jakarta Selatan,27,27,6,610.0,1000.0
3239,3240,11700000000,Cilandak,Jakarta Selatan,6,5,3,445.0,495.0
3240,3241,4950000000,Pejaten,Jakarta Selatan,3,3,2,138.0,220.0
3241,3242,1650000000,Semanan,Jakarta Barat,3,2,1,90.0,100.0
3242,3243,1630000000,Semanan,Jakarta Barat,3,2,0,90.0,100.0
3243,3244,4500000000,Mampang,Jakarta Selatan,3,3,2,81.0,227.0
3244,3245,2900000000,Kelapa Gading,Jakarta Utara,5,5,0,120.0,320.0
3245,3246,35500000000,Radio Dalam,Jakarta Selatan,4,4,5,781.0,227.0
3246,3247,5750000000,Cempaka Putih,Jakarta Pusat,4,4,2,133.0,200.0
3247,3248,17000000000,Tebet,Jakarta Selatan,4,4,10,687.0,615.0
3248,3249,40000000000,Kebayoran Baru,Jakarta Selatan,0,0,0,615.0,654.0
3249,3250,15000000000,Permata Buana,Jakarta Barat,4,4,2,200.0,450.0
3250,3251,24900000000,Pondok Indah,Jakarta Selatan,4,4,4,576.0,409.0
3251,3252,3250000000,Casablanca,Jakarta Selatan,2,2,0,130.0,100.0
3252,3253,6900000000,Kemanggisan,Jakarta Barat,3,3,2,325.0,250.0
3253,3254,1290000000,Semanan,Jakarta Barat,2,2,1,75.0,100.0
3254,3255,2500000000,Jakarta Garden City,Jakarta Timur,3,2,1,148.0,156.0
3255,3256,5500000000,Pejaten,Jakarta Selatan,4,4,2,151.0,227.0
3256,3257,1400000000,Jakarta Garden City,Jakarta Timur,2,2,2,90.0,63.0
3257,3258,900000000,Jakarta Garden City,Jakarta Timur,2,2,2,50.0,57.0
3258,3259,3900000000,TB Simatupang,Jakarta Selatan,4,5,2,136.0,265.0
3259,3260,21000000000,Kebayoran Baru,Jakarta Selatan,4,4,1,500.0,500.0
3260,3261,3800000000,Penjaringan,Jakarta Utara,4,4,0,90.0,119.0
3261,3262,6000000000,Cempaka Putih,Jakarta Pusat,6,4,2,325.0,248.0
3262,3263,7900000000,Pejaten,Jakarta Selatan,3,2,4,404.0,200.0
3263,3264,630000000,Sunter,Jakarta Utara,2,2,1,32.0,55.0
3264,3265,9000000000,Pluit,Jakarta Utara,5,5,2,250.0,700.0
3265,3266,28000000000,Kebayoran Lama,Jakarta Selatan,4,2,2,1562.0,500.0
3266,3267,22000000000,Petukangan,Jakarta Selatan,5,5,0,1669.0,600.0
3267,3268,5300000000,Kemang,Jakarta Selatan,4,3,1,270.0,235.0
3268,3269,4650000000,Pantai Indah Kapuk,Jakarta Utara,3,3,1,150.0,300.0
3269,3270,3100000000,Pantai Indah Kapuk 2,Jakarta Utara,3,3,1,90.0,120.0
3270,3271,3200000000,Tebet,Jakarta Selatan,5,5,2,133.0,250.0
3271,3272,29000000000,Pantai Mutiara,Jakarta Utara,6,10,0,877.0,1700.0
3272,3273,8200000000,Green garden,Jakarta Barat,4,4,0,400.0,600.0
3273,3274,41000000000,Menteng,Jakarta Pusat,4,4,0,586.0,750.0
3274,3275,55000000000,Menteng,Jakarta Pusat,7,5,0,1195.0,617.0
3275,3276,4300000000,Tanjung Duren,Jakarta Barat,2,1,0,190.0,80.0
3276,3277,6000000000,Tebet,Jakarta Selatan,4,3,2,222.0,150.0
3277,3278,3800000000,Meruya,Jakarta Barat,4,3,0,180.0,250.0
3278,3279,1150000000,Sawah Besar,Jakarta Pusat,2,2,1,42.0,68.0
3279,3280,16000000000,Kebayoran Baru,Jakarta Selatan,3,3,2,208.0,250.0
3280,3281,3900000000,Green garden,Jakarta Barat,5,3,0,240.0,322.0
3281,3282,1400000000,Tebet,Jakarta Selatan,5,2,0,65.0,100.0
3282,3283,11900000000,Pantai Indah Kapuk,Jakarta Utara,5,3,0,373.0,600.0
3283,3284,3750000000,Lebak Bulus,Jakarta Selatan,4,3,1,196.0,200.0
3284,3285,4110000000,Tanjung Duren Utara,Jakarta Barat,1,1,1,235.0,100.0
3285,3286,6210000000,Cilandak,Jakarta Selatan,6,5,1,270.0,270.0
3286,3287,22000000000,Kemang,Jakarta Selatan,6,5,5,854.0,650.0
3287,3288,7200000000,Tebet,Jakarta Selatan,4,4,2,235.0,350.0
3288,3289,2500000000,Pondok Kelapa,Jakarta Timur,5,4,1,160.0,200.0
3289,3290,3800000,Golf Island,Jakarta Utara,3,3,0,90.0,100.0
3290,3291,4900000,Cibubur,Jakarta Timur,4,2,1,395.0,63.0
3291,3292,2300000,Sunter,Jakarta Utara,3,2,2,50.0,80.0
3292,3293,28000000,Fatmawati,Jakarta Selatan,6,6,3,702.0,231.0
3293,3294,12500000,Kemang,Jakarta Selatan,4,4,4,379.0,124.0
3294,3295,7100000,Tomang,Jakarta Barat,4,2,1,306.0,315.0
3295,3296,2200000,Kota Wisata,Jakarta Timur,5,4,1,160.0,200.0
3296,3297,53900000,Permata Hijau,Jakarta Selatan,6,8,5,1200.0,1050.0
3297,3298,22000000,Kuningan,Jakarta Selatan,0,0,0,2400.0,1233.0
3298,3299,6850000,Pondok Kelapa,Jakarta Timur,5,3,2,595.0,238.0
3299,3300,1500000000,Kebagusan,Jakarta Selatan,3,2,2,99.0,130.0
3300,3301,3950000000,Jelambar,Jakarta Barat,5,3,1,174.0,200.0
3301,3302,2750000000,Pantai Indah Kapuk 2,Jakarta Utara,3,2,0,60.0,120.0
3302,3303,1700000000,Pantai Indah Kapuk 2,Jakarta Utara,3,3,0,56.0,76.0
3303,3304,6500000000,Kelapa Gading,Jakarta Utara,5,5,1,220.0,400.0
3304,3305,2200000000,Kelapa Gading,Jakarta Utara,5,3,1,102.0,150.0
3305,3306,8000000000,Cempaka Putih,Jakarta Pusat,8,8,4,420.0,1000.0
3306,3307,2750000000,Jakarta Garden City,Jakarta Timur,3,4,2,98.0,144.0
3307,3308,6080000000,Wijaya,Jakarta Selatan,3,3,2,76.0,375.0
3308,3309,110000000000,Menteng,Jakarta Pusat,5,7,4,1100.0,920.0
3309,3310,3500000000,Green Lake City,Jakarta Barat,4,3,1,120.0,250.0
3310,3311,880000000,Cibubur,Jakarta Timur,3,2,1,50.0,80.0
3311,3312,2750000000,Pondok Pinang,Jakarta Selatan,4,3,0,120.0,210.0
3312,3313,2900000000,Rawamangun,Jakarta Timur,4,4,2,92.0,150.0
3313,3314,555000000,Cipayung,Jakarta Timur,3,2,1,40.0,60.0
3314,3315,4500000000,Radio Dalam,Jakarta Selatan,1,2,0,276.0,300.0
3315,3316,65000000000,Pondok Indah,Jakarta Selatan,4,4,1,682.0,500.0
3316,3317,3500000000,Senen,Jakarta Pusat,5,5,0,189.0,144.0
3317,3318,2050000000,Cakung,Jakarta Timur,3,3,0,70.0,150.0
3318,3319,10500000000,Jelambar,Jakarta Barat,5,4,0,315.0,800.0
3319,3320,4900000000,Tanjung Barat,Jakarta Selatan,4,3,2,171.0,220.0
3320,3321,1300000000,Cakung,Jakarta Timur,2,2,1,90.0,65.0
3321,3322,38000000000,Kemang,Jakarta Selatan,7,7,3,517.0,760.0
3322,3323,330000000,Ciracas,Jakarta Timur,2,1,1,40.0,40.0
3323,3324,9450000000,Pondok Indah,Jakarta Selatan,3,3,2,200.0,350.0
3324,3325,13900000000,Pondok Indah,Jakarta Selatan,4,3,2,332.0,290.0
3325,3326,6780000000,Lebak Bulus,Jakarta Selatan,5,3,2,600.0,501.0
3326,3327,1900000000,Cakung,Jakarta Timur,2,2,1,180.0,100.0
3327,3328,4400000000,Cakung,Jakarta Timur,4,3,1,257.0,400.0
3328,3329,60000000000,Sunter,Jakarta Utara,6,5,0,2000.0,3200.0
3329,3330,7500000000,Pejaten,Jakarta Selatan,4,3,3,500.0,350.0
3330,3331,13000000000,Cilandak,Jakarta Selatan,4,4,2,550.0,500.0
3331,3332,33000000000,Pondok Indah,Jakarta Selatan,6,5,2,730.0,500.0
3332,3333,4000000000,Jelambar,Jakarta Barat,4,2,1,174.0,200.0
3333,3334,14500000000,Kebayoran Baru,Jakarta Selatan,5,5,4,240.0,300.0
3334,3335,850000000,Jagakarsa,Jakarta Selatan,3,2,1,60.0,70.0
3335,3336,1600000000,Metland Puri,Jakarta Barat,2,2,1,55.0,63.0
3336,3337,7500000000,Duren Sawit,Jakarta Timur,7,3,1,970.0,320.0
3337,3338,1380000000,Pantai Indah Kapuk 2,Jakarta Utara,3,2,1,96.0,80.0
3338,3339,2900000000,Rawamangun,Jakarta Timur,10,3,7,173.0,190.0
3339,3340,1700000000,Rawamangun,Jakarta Timur,4,4,1,60.0,150.0
3340,3341,2500000000,Rawamangun,Jakarta Timur,5,5,2,77.0,195.0
3341,3342,2700000000,Rawamangun,Jakarta Timur,4,3,2,90.0,120.0
3342,3343,7110000000,Kayu Putih,Jakarta Timur,5,4,2,489.0,510.0
3343,3344,6800000000,Pantai Indah Kapuk,Jakarta Utara,3,3,1,200.0,400.0
3344,3345,8800000000,Kayu Putih,Jakarta Timur,6,4,0,492.0,600.0
3345,3346,799000000,Ciracas,Jakarta Timur,2,2,1,56.0,49.0
3346,3347,1100000000,Kalisari,Jakarta Timur,3,3,1,52.0,96.0
3347,3348,3000000000,Pancoran,Jakarta Selatan,3,2,2,215.0,170.0
3348,3349,63000000000,Jagakarsa,Jakarta Selatan,5,3,12,10350.0,2000.0
3349,3350,6000000000,Cipete,Jakarta Selatan,3,1,1,298.0,200.0
3350,3351,1100000000,Legenda Wisata,Jakarta Timur,3,2,1,119.0,150.0
3351,3352,27000000000,Kebayoran Baru,Jakarta Selatan,5,3,3,335.0,200.0
3352,3353,5800000000,Kembangan,Jakarta Barat,4,4,1,151.0,250.0
3353,3354,9750000000,Kelapa Gading,Jakarta Utara,0,0,0,440.0,440.0
3354,3355,1100000000,Matraman,Jakarta Timur,3,2,1,30.0,80.0
3355,3356,28000000000,Kelapa Gading,Jakarta Utara,7,7,2,1390.0,900.0
3356,3357,2400000000,Kav DKI,Jakarta Barat,5,4,2,66.0,123.0
3357,3358,10900000000,Kebayoran Baru,Jakarta Selatan,4,2,1,250.0,200.0
3358,3359,4200000000,Rawamangun,Jakarta Timur,11,6,4,297.0,451.0
3359,3360,2600000000,Setiabudi,Jakarta Selatan,3,4,2,60.0,139.0
3360,3361,1400000000,Sawah Besar,Jakarta Pusat,2,2,1,43.0,68.0
3361,3362,1800000000,Cempaka Putih,Jakarta Pusat,3,3,1,56.0,89.0
3362,3363,11000000000,Pantai Indah Kapuk,Jakarta Utara,4,3,0,335.0,700.0
3363,3364,5200000000,Pantai Indah Kapuk 2,Jakarta Utara,3,3,2,160.0,183.0
3364,3365,3850000000,Meruya,Jakarta Barat,3,3,1,126.0,177.0
3365,3366,18000000000,Tebet,Jakarta Selatan,3,3,0,453.0,356.0
3366,3367,9000000000,Green Lake City,Jakarta Barat,5,4,0,202.0,400.0
3367,3368,20000000000,Pantai Indah Kapuk,Jakarta Utara,11,6,4,473.0,573.0
3368,3369,2350000000,Kelapa Gading,Jakarta Utara,3,2,0,120.0,77.0
3369,3370,3500000000,Pejaten,Jakarta Selatan,3,3,0,108.0,180.0
3370,3371,3400000000,Tebet,Jakarta Selatan,3,3,1,100.0,150.0
3371,3372,16000000000,Cipete,Jakarta Selatan,5,4,4,707.0,154.0
3372,3373,1150000000,Jagakarsa,Jakarta Selatan,4,3,1,65.0,120.0
3373,3374,36000000000,Kemang,Jakarta Selatan,5,5,3,725.0,1300.0
3374,3375,45000000000,Cilandak,Jakarta Selatan,2,2,5,5555.0,716.0
3375,3376,7100000000,Setiabudi,Jakarta Selatan,3,2,0,240.0,200.0
3376,3377,5200000000,Kembangan,Jakarta Barat,4,3,2,200.0,350.0
3377,3378,1700000000,Kramat Jati,Jakarta Timur,3,2,1,92.0,85.0
3378,3379,23000000000,Simprug,Jakarta Selatan,6,3,2,450.0,300.0
3379,3380,2350000000,Pondok Kelapa,Jakarta Timur,4,3,1,129.0,180.0
3380,3381,4200000000,Tomang,Jakarta Barat,4,3,2,156.0,220.0
3381,3382,4450000000,Bintaro,Jakarta Selatan,4,3,2,280.0,180.0
3382,3383,1780000000,Ciganjur,Jakarta Selatan,4,3,1,69.0,140.0
3383,3384,1500000000,Kebon Jeruk,Jakarta Barat,3,3,1,48.0,135.0
3384,3385,14000000000,Bintaro,Jakarta Selatan,5,4,0,538.0,420.0
3385,3386,2190000000,Kalideres,Jakarta Barat,2,2,1,105.0,140.0
3386,3387,6800000000,Intercon,Jakarta Barat,5,3,2,272.0,300.0
3387,3388,5700000000,Puri Indah,Jakarta Barat,3,2,1,195.0,350.0
3388,3389,7250000000,Intercon,Jakarta Barat,3,2,1,324.0,243.0
3389,3390,3800000000,Green garden,Jakarta Barat,4,3,1,200.0,350.0
3390,3391,2600000000,Puri Media,Jakarta Barat,3,2,1,90.0,105.0
3391,3392,5800000000,Sunrise Garden,Jakarta Barat,4,3,1,238.0,350.0
3392,3393,7200000000,Kedoya,Jakarta Barat,4,5,3,400.0,400.0
3393,3394,5500000000,Puri Indah,Jakarta Barat,3,2,1,200.0,180.0
3394,3395,5950000000,Kembangan,Jakarta Barat,6,4,2,458.0,350.0
3395,3396,16000000000,Permata Buana,Jakarta Barat,4,4,3,470.0,500.0
3396,3397,14900000000,Pondok Indah,Jakarta Selatan,7,6,0,240.0,400.0
3397,3398,15700000000,Radio Dalam,Jakarta Selatan,8,5,2,424.0,350.0
3398,3399,750000000,Condet,Jakarta Timur,2,2,1,35.0,70.0
3399,3400,8500000000,Duren Sawit,Jakarta Timur,4,5,3,610.0,400.0
3400,3401,16500000000,Pesanggrahan,Jakarta Selatan,9,9,13,1200.0,1600.0
3401,3402,11500000000,Pasar Minggu,Jakarta Selatan,16,6,6,468.0,600.0
3402,3403,8000000000,Intercon,Jakarta Barat,3,3,1,300.0,400.0
3403,3404,4300000000,Lebak Bulus,Jakarta Selatan,4,3,1,196.0,250.0
3404,3405,455000000,Johar Baru,Jakarta Pusat,2,2,0,21.0,40.0
3405,3406,1580000000,Cempaka Putih,Jakarta Pusat,2,3,1,45.0,78.0
3406,3407,28500000000,Cikini,Jakarta Pusat,4,4,3,518.0,600.0
3407,3408,26000000000,Radio Dalam,Jakarta Selatan,8,6,2,917.0,700.0
3408,3409,29000000000,Kebayoran Baru,Jakarta Selatan,4,3,4,792.0,470.0
3409,3410,1790000000,Percetakan Negara,Jakarta Pusat,3,3,0,51.0,78.0
3410,3411,455000000,Matraman,Jakarta Timur,2,2,0,21.0,40.0
3411,3412,1950000000,Kemayoran,Jakarta Pusat,3,3,0,60.0,84.0
3412,3413,14500000000,Cilandak,Jakarta Selatan,6,5,4,746.0,400.0
3413,3414,7000000000,Cempaka Putih,Jakarta Pusat,8,6,2,378.0,600.0
3414,3415,5400000000,Sunter,Jakarta Utara,5,4,1,230.0,250.0
3415,3416,3300000000,Tomang,Jakarta Barat,4,3,1,97.0,180.0
3416,3417,7900000000,Pasar Minggu,Jakarta Selatan,5,5,2,348.0,396.0
3417,3418,45000000000,Lebak Bulus,Jakarta Selatan,7,7,6,1270.0,700.0
3418,3419,12000000000,Setiabudi,Jakarta Selatan,2,2,1,463.0,463.0
3419,3420,2000000000,Duren Sawit,Jakarta Timur,3,2,1,194.0,194.0
3420,3421,464000000,Mangga Dua,Jakarta Barat,2,2,0,19.0,36.0
3421,3422,14800000000,Kemang,Jakarta Selatan,4,3,0,945.0,600.0
3422,3423,7000000000,Menteng Dalam,Jakarta Selatan,3,2,3,251.0,200.0
3423,3424,2100000000,Jagakarsa,Jakarta Selatan,2,2,1,84.0,85.0
3424,3425,2000000000,Legenda Wisata,Jakarta Timur,3,2,1,72.0,89.0
3425,3426,2000000000,Raffles Hills,Jakarta Timur,3,2,1,72.0,89.0
3426,3427,2700000000,Kota Wisata,Jakarta Timur,5,4,2,98.0,122.0
3427,3428,2900000000,Rawamangun,Jakarta Timur,4,3,1,75.0,260.0
3428,3429,1600000000,Citra Garden,Jakarta Barat,3,2,0,96.0,100.0
3429,3430,2750000000,Kota Wisata,Jakarta Timur,3,3,2,200.0,150.0
3430,3431,455000000,Johar Baru,Jakarta Pusat,2,2,0,21.0,40.0
3431,3432,9500000000,Kramat,Jakarta Pusat,4,3,3,301.0,350.0
3432,3433,2870000000,Pantai Indah Kapuk 2,Jakarta Utara,3,3,1,50.0,123.0
3433,3434,4500000000,Cempaka Putih,Jakarta Pusat,2,1,1,320.0,180.0
3434,3435,4550000000,Cempaka Putih,Jakarta Pusat,2,1,0,222.0,100.0
3435,3436,7250000000,Intercon,Jakarta Barat,4,3,1,324.0,243.0
3436,3437,8500000000,Srengseng,Jakarta Barat,4,3,2,267.0,336.0
3437,3438,17500000000,Kemang,Jakarta Selatan,3,4,4,1058.0,380.0
3438,3439,1100000000,Petukangan,Jakarta Selatan,3,3,2,63.0,70.0
3439,3440,8750000000,Pondok Indah,Jakarta Selatan,4,4,2,200.0,200.0
3440,3441,18000000000,Pesanggrahan,Jakarta Selatan,8,8,10,1200.0,1600.0
3441,3442,18000000000,Sektor 1 - Bintaro,Jakarta Selatan,4,3,11,1100.0,500.0
3442,3443,2950000000,Jagakarsa,Jakarta Selatan,5,5,3,170.0,169.0
3443,3444,45000000000,Pondok Indah,Jakarta Selatan,5,5,5,627.0,1050.0
3444,3445,2500000000,Meruya,Jakarta Barat,3,2,1,125.0,168.0
3445,3446,5200000000,Kembangan,Jakarta Barat,4,3,2,200.0,350.0
3446,3447,17500000000,Cipete,Jakarta Selatan,5,5,6,921.0,700.0
3447,3448,3800000000,Grogol,Jakarta Barat,4,2,0,207.0,150.0
3448,3449,1200000000,Kramat Jati,Jakarta Timur,4,2,1,91.0,150.0
3449,3450,1900000000,Tanjung Barat,Jakarta Selatan,3,3,2,88.0,80.0
3450,3451,6300000000,Jelambar,Jakarta Barat,6,5,4,220.0,338.0
3451,3452,29900000000,Permata Buana,Jakarta Barat,5,5,4,750.0,1000.0
3452,3453,2250000000,Joglo,Jakarta Barat,4,1,1,144.0,144.0
3453,3454,62000000000,Pondok Indah,Jakarta Selatan,4,4,6,1778.0,600.0
3454,3455,22000000000,Slipi,Jakarta Barat,6,9,3,432.0,900.0
3455,3456,3500000000,Rawamangun,Jakarta Timur,3,3,2,90.0,200.0
3456,3457,1100000000,Jatiwaringin,Jakarta Timur,3,2,1,90.0,120.0
3457,3458,5750000000,Cempaka Putih,Jakarta Pusat,4,4,2,133.0,200.0
3458,3459,19700000000,Pancoran,Jakarta Selatan,3,2,3,1415.0,1415.0
3459,3460,2650000000,Jakarta Garden City,Jakarta Timur,3,4,2,98.0,115.0
3460,3461,11800000000,Kebon Jeruk,Jakarta Barat,5,4,3,450.0,480.0
3461,3462,25000000000,Pondok Indah,Jakarta Selatan,4,4,1,426.0,460.0
3462,3463,11900000000,Kebon Jeruk,Jakarta Barat,7,7,0,600.0,500.0
3463,3464,4750000000,Citra Garden,Jakarta Barat,5,2,1,210.0,122.0
3464,3465,15000000000,Puri Indah,Jakarta Barat,4,2,1,300.0,400.0
3465,3466,1500000000,Petukangan,Jakarta Selatan,5,3,2,190.0,200.0
3466,3467,850000000,Cipayung,Jakarta Timur,3,2,1,55.0,80.0
3467,3468,2600000000,Cakung,Jakarta Timur,3,4,2,98.0,115.0
3468,3469,2000000000,Jatinegara,Jakarta Timur,4,2,1,204.0,280.0
3469,3470,4000000000,Pluit,Jakarta Utara,3,3,2,110.0,250.0
3470,3471,6500000000,Sektor 2 - Bintaro,Jakarta Selatan,4,2,0,480.0,250.0
3471,3472,685000000,Joglo,Jakarta Barat,2,2,1,32.0,40.0
3472,3473,1400000000,Pantai Indah Kapuk,Jakarta Utara,2,1,0,45.0,65.0
3473,3474,1750000000,Pantai Indah Kapuk,Jakarta Utara,2,1,0,60.0,100.0
3474,3475,3000000000,Pantai Indah Kapuk,Jakarta Utara,3,2,0,75.0,100.0
3475,3476,12000000000,Pantai Indah Kapuk,Jakarta Utara,5,3,2,250.0,150.0
3476,3477,6400000000,Pantai Indah Kapuk,Jakarta Utara,4,4,0,200.0,300.0
3477,3478,6800000000,Johar Baru,Jakarta Pusat,5,4,2,295.0,240.0
3478,3479,13000000000,Pondok Indah,Jakarta Selatan,5,3,2,250.0,400.0
3479,3480,5950000000,Radio Dalam,Jakarta Selatan,6,5,2,240.0,200.0
3480,3481,5650000000,Tanah Abang,Jakarta Pusat,6,4,0,165.0,200.0
3481,3482,42000000000,Pondok Indah,Jakarta Selatan,5,5,4,627.0,1050.0
3482,3483,140000000000,Menteng,Jakarta Pusat,5,5,11,1405.0,1000.0
3483,3484,15700000000,Kebayoran Lama,Jakarta Selatan,7,3,1,400.0,300.0
3484,3485,165000000000,Kebayoran Baru,Jakarta Selatan,6,6,6,1090.0,800.0
3485,3486,2770000000,Citra Garden,Jakarta Barat,3,3,2,84.0,103.0
3486,3487,880000000,Jagakarsa,Jakarta Selatan,2,2,1,42.0,78.0
3487,3488,1700000000,Bojong Indah,Jakarta Barat,3,2,2,150.0,150.0
3488,3489,2600000000,Taman Kota,Jakarta Barat,3,2,2,168.0,150.0
3489,3490,5600000000,Sunrise Garden,Jakarta Barat,4,3,1,238.0,350.0
3490,3491,5650000000,Intercon,Jakarta Barat,4,3,1,162.0,330.0
3491,3492,2800000000,Puri Indah,Jakarta Barat,4,2,2,120.0,180.0
3492,3493,55000000000,Patal Senayan,Jakarta Selatan,4,4,2,435.0,1200.0
3493,3494,3700000000,Cideng,Jakarta Pusat,3,2,1,205.0,168.0
3494,3495,7500000000,Puri Indah,Jakarta Barat,4,4,2,255.0,350.0
3495,3496,8500000000,Intercon,Jakarta Barat,4,3,2,267.0,336.0
3496,3497,6800000000,Puri Indah,Jakarta Barat,3,3,2,253.0,256.0
3497,3498,4750000000,Citra Garden,Jakarta Barat,5,5,4,210.0,150.0
3498,3499,55000000000,Senayan,Jakarta Selatan,4,4,0,435.0,377.0
3499,3500,9700000000,Green garden,Jakarta Barat,5,5,2,450.0,575.0
3500,3501,33000000000,Kemang,Jakarta Selatan,7,6,12,517.0,760.0
3501,3502,22000000000,Kelapa Gading,Jakarta Utara,5,6,2,540.0,1000.0
3502,3503,750000000,Pesanggrahan,Jakarta Selatan,2,1,2,69.0,36.0
3503,3504,4700000000,Jelambar,Jakarta Barat,5,5,4,350.0,500.0
3504,3505,3100000000,Tebet,Jakarta Selatan,4,3,2,87.0,150.0
3505,3506,2680000000,Joglo,Jakarta Barat,4,3,2,117.0,180.0
3506,3507,2400000000,Meruya,Jakarta Barat,6,5,2,96.0,196.0
3507,3508,1800000000,Pondok Kelapa,Jakarta Timur,4,3,1,89.0,120.0
3508,3509,8000000000,Muara Karang,Jakarta Utara,5,5,0,360.0,600.0
3509,3510,3700000000,Puri Indah,Jakarta Barat,4,4,0,120.0,131.0
3510,3511,6500000000,Muara Karang,Jakarta Utara,4,3,0,350.0,450.0
3511,3512,1900000000,Kalideres,Jakarta Barat,5,4,1,120.0,126.0
3512,3513,5500000000,Pluit,Jakarta Utara,5,4,0,250.0,370.0
3513,3514,15000000000,Permata Hijau,Jakarta Selatan,7,4,2,1042.0,428.0
3514,3515,6700000000,Citra Garden,Jakarta Barat,5,4,2,285.0,420.0
3515,3516,3500000000,Citra Garden,Jakarta Barat,4,4,0,120.0,250.0
3516,3517,1900000000,Petojo,Jakarta Pusat,3,1,0,98.0,150.0
3517,3518,2800000000,Tebet,Jakarta Selatan,4,3,0,95.0,200.0
3518,3519,2950000000,Jagakarsa,Jakarta Selatan,3,5,2,155.0,200.0
3519,3520,2950000000,Jagakarsa,Jakarta Selatan,3,5,2,155.0,200.0
3520,3521,2450000000,Cipinang,Jakarta Timur,4,3,2,87.0,120.0
3521,3522,2400000000,Jagakarsa,Jakarta Selatan,3,2,2,105.0,140.0
3522,3523,23000000000,Cirendeu,Jakarta Selatan,9,9,8,1394.0,1500.0
3523,3524,35000000000,Kemang,Jakarta Selatan,7,5,4,1146.0,600.0
3524,3525,14000000000,Pondok Indah,Jakarta Selatan,5,5,0,361.0,700.0
3525,3526,3500000000,Pegadungan,Jakarta Barat,5,4,0,144.0,200.0
3526,3527,3500000000,Ragunan,Jakarta Selatan,3,3,1,141.0,200.0
3527,3528,2550000000,Metland Menteng,Jakarta Timur,4,4,2,160.0,205.0
3528,3529,3300000000,Meruya,Jakarta Barat,0,0,0,200.0,235.0
3529,3530,22000000000,Kebayoran Baru,Jakarta Selatan,4,4,2,525.0,450.0
3530,3531,4750000000,Pesanggrahan,Jakarta Selatan,4,4,1,200.0,240.0
3531,3532,150000000000,Permata Hijau,Jakarta Selatan,14,14,20,2610.0,1250.0
3532,3533,2750000000,Jelambar,Jakarta Barat,4,3,2,132.0,138.0
3533,3534,8500000000,Petukangan,Jakarta Selatan,4,4,2,346.0,316.0
3534,3535,3000000000,Kebayoran Lama,Jakarta Selatan,7,2,2,210.0,170.0
3535,3536,23000000000,patra kuningan,Jakarta Selatan,3,3,0,494.0,300.0
3536,3537,7700000000,Ulujami,Jakarta Selatan,4,2,3,789.0,431.0
3537,3538,8700000000,Tanah Kusir,Jakarta Selatan,4,4,2,558.0,305.0
3538,3539,1430000000,Pesanggrahan,Jakarta Selatan,4,3,2,180.0,227.0
3539,3540,7800000000,Rawamangun,Jakarta Timur,4,3,0,321.0,280.0
3540,3541,10600000000,Duren Tiga,Jakarta Selatan,6,5,0,828.0,469.0
3541,3542,455000000,Johar Baru,Jakarta Pusat,2,2,0,21.0,40.0
3542,3543,4500000000,Kelapa Gading,Jakarta Utara,8,5,1,140.0,340.0
3543,3544,12500000000,Rawamangun,Jakarta Timur,9,10,3,376.0,620.0
3544,3545,8500000000,Pasar Rebo,Jakarta Timur,3,2,5,850.0,122.0
3545,3546,29000000000,Pondok Indah,Jakarta Selatan,5,5,4,660.0,450.0
3546,3547,8000000000,Pantai Indah Kapuk,Jakarta Utara,5,5,0,150.0,500.0
3547,3548,1500000000,Legenda Wisata,Jakarta Timur,3,3,0,149.0,145.0
3548,3549,3700000000,Lenteng Agung,Jakarta Selatan,9,9,0,543.0,200.0
3549,3550,1900000000,Cibubur,Jakarta Timur,3,3,2,91.0,130.0
3550,3551,19800000000,Pejaten,Jakarta Selatan,5,4,2,1028.0,500.0
3551,3552,9200000000,Pondok Indah,Jakarta Selatan,7,6,3,332.0,400.0
3552,3553,2100000000,Alfa Indah,Jakarta Barat,2,2,2,144.0,150.0
3553,3554,4450000000,Jagakarsa,Jakarta Selatan,5,4,4,232.0,600.0
3554,3555,2150000000,Utan Kayu,Jakarta Timur,3,3,1,30.0,80.0
3555,3556,39800000000,Setiabudi,Jakarta Selatan,1,1,0,885.0,400.0
3556,3557,53000000000,Simprug,Jakarta Selatan,1,1,0,900.0,900.0
3557,3558,40000000000,Kebayoran Baru,Jakarta Selatan,5,0,0,863.0,2000.0
3558,3559,2650000000,Pantai Indah Kapuk 2,Jakarta Utara,3,3,1,75.0,107.0
3559,3560,6900000000,Radio Dalam,Jakarta Selatan,4,6,2,132.0,296.0
3560,3561,1800000000,Jagakarsa,Jakarta Selatan,3,3,2,130.0,160.0
3561,3562,23000000000,Cipete,Jakarta Selatan,5,5,6,1211.0,362.0
3562,3563,3600000000,Kelapa Gading,Jakarta Utara,3,3,1,144.0,180.0
3563,3564,3000000000,Pesanggrahan,Jakarta Selatan,3,3,1,280.0,275.0
3564,3565,20000000000,Kemang,Jakarta Selatan,5,6,4,850.0,600.0
3565,3566,23000000000,Kebayoran Baru,Jakarta Selatan,4,2,1,426.0,424.0
3566,3567,5800000000,Citra Garden,Jakarta Barat,4,3,2,190.0,260.0
3567,3568,9000000000,Cipayung,Jakarta Timur,4,2,0,541.0,129.0
3568,3569,13000000000,Cilandak,Jakarta Selatan,4,4,2,446.0,390.0
3569,3570,3850000000,Jagakarsa,Jakarta Selatan,4,4,2,128.0,320.0
3570,3571,2100000000,Tomang,Jakarta Barat,5,4,1,53.0,180.0
3571,3572,6400000000,Duren Sawit,Jakarta Timur,7,4,2,380.0,350.0
3572,3573,2500000000,Pantai Indah Kapuk 2,Jakarta Utara,3,3,3,75.0,90.0
3573,3574,2300000000,Kalideres,Jakarta Barat,4,2,2,179.0,80.0
3574,3575,16700000000,Cilandak,Jakarta Selatan,5,5,2,377.0,600.0
3575,3576,5000000000,Green Lake City,Jakarta Barat,4,4,2,202.0,160.0
3576,3577,3800000000,Kembangan,Jakarta Barat,4,2,1,90.0,95.0
3577,3578,8880000000,Jati Padang,Jakarta Selatan,5,4,4,655.0,688.0
3578,3579,2300000000,Cipinang,Jakarta Timur,3,3,1,84.0,87.0
3579,3580,7150000000,Cideng,Jakarta Pusat,5,5,1,225.0,390.0
3580,3581,10900000000,Intercon,Jakarta Barat,5,4,3,450.0,480.0
3581,3582,12500000000,Intercon,Jakarta Barat,4,4,2,250.0,600.0
3582,3583,1950000000,Cipinang,Jakarta Timur,6,4,2,144.0,280.0
3583,3584,17000000000,Tomang,Jakarta Barat,4,1,2,313.0,700.0
3584,3585,18000000000,Lebak Bulus,Jakarta Selatan,6,7,2,600.0,1280.0
3585,3586,25000000000,Permata Hijau,Jakarta Selatan,4,3,4,770.0,621.0
3586,3587,82000000000,Simprug,Jakarta Selatan,4,4,2,1026.0,1100.0
3587,3588,26500000000,Pondok Indah,Jakarta Selatan,4,3,2,430.0,800.0
3588,3589,14000000000,Fatmawati,Jakarta Selatan,5,3,2,600.0,115.0
3589,3590,16200000000,Pondok Indah,Jakarta Selatan,4,4,2,384.0,450.0
3590,3591,6500000000,Manggarai,Jakarta Selatan,3,1,0,410.0,100.0
3591,3592,3630000000,Rawamangun,Jakarta Timur,4,6,2,142.0,250.0
3592,3593,245000000000,Jagakarsa,Jakarta Selatan,4,4,2,97.0,180.0
3593,3594,15000000000,Pantai Indah Kapuk,Jakarta Utara,6,6,2,405.0,1200.0
3594,3595,18000000000,Cipete,Jakarta Selatan,4,4,2,816.0,400.0
3595,3596,3950000000,Kramat,Jakarta Pusat,6,3,0,225.0,227.0
3596,3597,5900000000,Pulogebang,Jakarta Timur,4,4,0,612.0,700.0
3597,3598,480000000,Cempaka Putih,Jakarta Pusat,2,2,0,24.0,38.0
3598,3599,1290000000,Cempaka Putih,Jakarta Pusat,3,3,1,42.0,77.0
3599,3600,99000000000,Kuningan,Jakarta Selatan,0,0,0,800.0,1000.0
3600,3601,4500000000,Meruya,Jakarta Barat,4,4,1,128.0,384.0
3601,3602,2950000000,Pulomas,Jakarta Timur,3,2,3,195.0,100.0
3602,3603,6900000000,Duri Kepa,Jakarta Barat,4,4,0,250.0,540.0
3603,3604,2800000000,Kalideres,Jakarta Barat,3,3,2,105.0,150.0
3604,3605,1200000000,Pasar Minggu,Jakarta Selatan,3,3,0,56.0,100.0
3605,3606,46000000000,Kebayoran Baru,Jakarta Selatan,4,4,2,317.0,871.0
3606,3607,48000000000,Senopati,Jakarta Selatan,4,4,2,338.0,810.0
3607,3608,48000000000,Pondok Indah,Jakarta Selatan,5,7,2,650.0,600.0
3608,3609,27500000000,Pondok Indah,Jakarta Selatan,5,6,2,400.0,750.0
3609,3610,14800000000,Ragunan,Jakarta Selatan,4,4,6,921.0,700.0
3610,3611,33000000000,Pondok Indah,Jakarta Selatan,5,6,2,607.0,750.0
3611,3612,4500000000,Rawamangun,Jakarta Timur,4,2,1,190.0,120.0
3612,3613,10000000000,Bandengan,Jakarta Utara,5,4,3,288.0,438.0
3613,3614,9500000000,Bintaro,Jakarta Selatan,3,3,2,306.0,257.0
3614,3615,4900000000,Pasar Minggu,Jakarta Selatan,4,3,2,130.0,235.0
3615,3616,9900000000,Cipete,Jakarta Selatan,4,3,2,261.0,285.0
3616,3617,16200000000,Sunter,Jakarta Utara,3,4,2,420.0,1028.0
3617,3618,21000000000,Pondok Indah,Jakarta Selatan,6,5,2,316.0,519.0
3618,3619,2200000000,Duren Sawit,Jakarta Timur,3,3,2,95.0,120.0
3619,3620,31000000000,Kemang,Jakarta Selatan,2,2,2,1744.0,1240.0
3620,3621,1700000000,Kramat Jati,Jakarta Timur,4,3,2,92.0,84.0
3621,3622,850000000,Rempoa Ciputat Timur,Jakarta Selatan,3,2,2,66.0,70.0
3622,3623,686000000,Cibubur,Jakarta Timur,3,2,1,66.0,58.0
3623,3624,11000000000,Kebayoran Lama,Jakarta Selatan,4,3,2,325.0,450.0
3624,3625,20000000000,Cilandak,Jakarta Selatan,4,4,5,1935.0,600.0
3625,3626,4200000000,Pondok Kelapa,Jakarta Timur,4,2,1,304.0,131.0
3626,3627,3090000000,Jagakarsa,Jakarta Selatan,5,5,2,95.0,220.0
3627,3628,1450000000,Tanjung Duren,Jakarta Barat,3,3,1,40.0,115.0
3628,3629,2800000000,Duri Kepa,Jakarta Barat,4,3,1,81.0,195.0
3629,3630,2650000000,Metland Puri,Jakarta Barat,4,3,1,100.0,160.0
3630,3631,2650000000,Metland Puri,Jakarta Barat,3,3,1,100.0,150.0
3631,3632,2150000000,Tanjung Duren,Jakarta Barat,12,12,1,70.0,170.0
3632,3633,3800000000,Taman Meruya,Jakarta Barat,3,3,1,126.0,195.0
3633,3634,29000000000,Kebayoran Baru,Jakarta Selatan,9,4,9,469.0,301.0
3634,3635,29000000000,Kebayoran Baru,Jakarta Selatan,4,8,2,325.0,600.0
3635,3636,1450000000,Kedoya,Jakarta Barat,3,3,1,34.0,120.0
3636,3637,1700000000,Duri Kepa,Jakarta Barat,3,3,1,51.0,100.0
3637,3638,1690000000,Duri Kepa,Jakarta Barat,3,3,1,44.0,100.0
3638,3639,60000000000,Lebak Bulus,Jakarta Selatan,3,2,0,3059.0,846.0
3639,3640,120000000000,Pondok Indah,Jakarta Selatan,9,7,6,1280.0,2100.0
3640,3641,5000000000,Jelambar,Jakarta Barat,4,4,1,158.0,312.0
3641,3642,2750000000,Sunter,Jakarta Utara,4,2,2,102.0,170.0
3642,3643,800000000,Johar Baru,Jakarta Pusat,2,2,0,36.0,65.0
3643,3644,42500000000,Kebayoran Baru,Jakarta Selatan,4,5,0,517.0,390.0
3644,3645,4700000000,Lebak Bulus,Jakarta Selatan,4,3,0,225.0,300.0
3645,3646,4600000000,Pantai Indah Kapuk,Jakarta Utara,3,0,0,150.0,375.0
3646,3647,35000000000,Menteng,Jakarta Pusat,5,4,2,676.0,400.0
3647,3648,2950000000,Joglo,Jakarta Barat,3,3,2,100.0,180.0
3648,3649,13000000000,Joglo,Jakarta Barat,5,5,2,489.0,440.0
3649,3650,1800000000,Semanan,Jakarta Barat,4,0,0,90.0,90.0
3650,3651,3350000000,Green Mansion,Jakarta Barat,3,3,2,90.0,120.0
3651,3652,4690000000,Duri Kepa,Jakarta Barat,4,3,2,280.0,330.0
3652,3653,2400000000,Pondok Bambu,Jakarta Timur,3,3,2,90.0,110.0
3653,3654,2900000000,Kalideres,Jakarta Barat,3,3,2,120.0,200.0
3654,3655,20000000000,Jagakarsa,Jakarta Selatan,4,4,0,1800.0,2105.0
3655,3656,19500000000,Cipete,Jakarta Selatan,6,6,4,627.0,450.0
3656,3657,15000000000,Kelapa Gading,Jakarta Utara,10,7,2,260.0,850.0
3657,3658,12500000000,Panglima Polim,Jakarta Selatan,5,3,2,341.0,682.0
3658,3659,7000000000,Pondok Pinang,Jakarta Selatan,3,3,2,128.0,302.0
3659,3660,8500000000,Cakung,Jakarta Timur,5,7,4,400.0,800.0
3660,3661,12000000000,Lebak Bulus,Jakarta Selatan,4,4,2,545.0,500.0
3661,3662,14000000000,Senen,Jakarta Pusat,0,0,0,372.0,372.0
3662,3663,1800000000,Teluk Gong,Jakarta Utara,3,3,0,78.0,162.0
3663,3664,2700000000,Tambora,Jakarta Barat,2,2,2,94.0,120.0
3664,3665,3500000000,Rawamangun,Jakarta Timur,3,3,2,90.0,200.0
3665,3666,3890000000,Kelapa Gading,Jakarta Utara,4,3,2,120.0,168.0
3666,3667,12000000000,Lebak Bulus,Jakarta Selatan,5,4,2,600.0,400.0
3667,3668,26000000000,Mega Kuningan,Jakarta Selatan,4,4,1,330.0,510.0
3668,3669,7800000000,Cilandak,Jakarta Selatan,7,5,5,348.0,325.0
3669,3670,2300000000,Pondok Kopi,Jakarta Timur,3,2,1,196.0,200.0
3670,3671,14600000000,Kebayoran Baru,Jakarta Selatan,5,4,0,391.0,372.0
3671,3672,40500000000,Kemang,Jakarta Selatan,8,6,0,1885.0,650.0
3672,3673,5300000000,Cirendeu,Jakarta Selatan,5,4,2,555.0,150.0
3673,3674,2290000000,Meruya,Jakarta Barat,4,3,2,99.0,150.0
3674,3675,483000000,Pulo Gadung,Jakarta Timur,2,2,0,24.0,38.0
3675,3676,2730000000,Senen,Jakarta Pusat,3,3,0,88.0,130.0
3676,3677,3490000000,Duri Kepa,Jakarta Barat,6,4,2,90.0,200.0
3677,3678,6800000000,Kalibata,Jakarta Selatan,7,5,4,327.0,450.0
3678,3679,3750000000,Pejaten,Jakarta Selatan,3,3,2,88.0,155.0
3679,3680,27000000000,Panglima Polim,Jakarta Selatan,5,5,6,409.0,272.0
3680,3681,14500000000,Senayan,Jakarta Selatan,4,3,2,242.0,312.0
3681,3682,25000000000,Senopati,Jakarta Selatan,3,3,1,366.0,500.0
3682,3683,6000000000,Jelambar,Jakarta Barat,6,3,2,420.0,1.0
3683,3684,1050000000,Bojong Indah,Jakarta Barat,3,2,1,78.0,100.0
3684,3685,11500000000,Lebak Bulus,Jakarta Selatan,5,6,2,250.0,500.0
3685,3686,1500000000,Tebet,Jakarta Selatan,1,2,1,150.0,100.0
3686,3687,53000000000,Kuningan,Jakarta Selatan,13,13,2,990.0,1800.0
3687,3688,1650000000,Kelapa Gading,Jakarta Utara,3,2,1,90.0,96.0
3688,3689,3200000000,Pantai Indah Kapuk,Jakarta Utara,3,3,1,90.0,120.0
3689,3690,8990000000,Cibubur,Jakarta Timur,5,6,4,595.0,680.0
3690,3691,3300000000,Jakarta Garden City,Jakarta Timur,4,3,2,148.0,156.0
3691,3692,11900000000,Jatiwaringin,Jakarta Timur,6,4,0,440.0,560.0
3692,3693,3700000000,Sektor 1 - Bintaro,Jakarta Selatan,5,5,2,181.0,200.0
3693,3694,6500000000,Pulomas,Jakarta Timur,4,4,3,328.0,400.0
3694,3695,3400000000,Pulo Asem,Jakarta Timur,5,4,1,130.0,200.0
3695,3696,3700000000,Kramat Jati,Jakarta Timur,3,2,0,474.0,150.0
3696,3697,5100000000,Cempaka Putih,Jakarta Pusat,5,4,2,321.0,250.0
3697,3698,8800000000,Rawamangun,Jakarta Timur,5,3,3,350.0,750.0
3698,3699,1600000000,Ciganjur,Jakarta Selatan,3,2,0,102.0,90.0
3699,3700,2750000000,Tebet,Jakarta Selatan,3,3,2,107.0,170.0
3700,3701,8000000000,Pejaten,Jakarta Selatan,5,3,0,465.0,300.0
3701,3702,11000000000,Pejaten,Jakarta Selatan,5,4,0,508.0,400.0
3702,3703,6000000000,Kalibata,Jakarta Selatan,5,3,0,440.0,300.0
3703,3704,4750000000,Pejaten,Jakarta Selatan,8,5,2,325.0,450.0
3704,3705,4500000000,Cilandak,Jakarta Selatan,3,2,0,211.0,180.0
3705,3706,5000000000,Mampang,Jakarta Selatan,7,7,0,308.0,300.0
3706,3707,19500000000,Kemang,Jakarta Selatan,7,5,0,887.0,700.0
3707,3708,13000000000,Pejaten,Jakarta Selatan,4,2,2,769.0,500.0
3708,3709,8500000000,Pasar Minggu,Jakarta Selatan,5,5,0,375.0,300.0
3709,3710,3750000000,Jatiwaringin,Jakarta Timur,4,4,2,256.0,400.0
3710,3711,2250000000,Pejaten,Jakarta Selatan,3,2,0,200.0,150.0
3711,3712,10000000000,Lebak Bulus,Jakarta Selatan,4,3,2,335.0,320.0
3712,3713,60000000000,Kuningan,Jakarta Selatan,5,5,0,650.0,800.0
3713,3714,2500000000,Pejaten,Jakarta Selatan,5,3,2,196.0,180.0
3714,3715,10500000000,Kemang,Jakarta Selatan,22,18,3,320.0,600.0
3715,3716,3200000000,Pondok Bambu,Jakarta Timur,7,4,2,248.0,302.0
3716,3717,19500000000,Kebayoran Baru,Jakarta Selatan,7,6,4,574.0,800.0
3717,3718,2500000000,Metland Menteng,Jakarta Timur,3,2,1,160.0,163.0
3718,3719,28000000000,Pondok Indah,Jakarta Selatan,5,4,3,407.0,600.0
3719,3720,22000000000,Kebayoran Baru,Jakarta Selatan,4,3,1,550.0,470.0
3720,3721,3750000000,Kelapa Gading,Jakarta Utara,9,5,1,140.0,340.0
3721,3722,3450000000,Green Lake City,Jakarta Barat,3,3,2,163.0,150.0
3722,3723,8500000000,Jatinegara,Jakarta Timur,10,10,2,375.0,1100.0
3723,3724,3000000000,Citra Garden,Jakarta Barat,7,3,2,132.0,300.0
3724,3725,2050000000,Kelapa Gading,Jakarta Utara,4,3,1,150.0,155.0
3725,3726,2750000000,Jakarta Garden City,Jakarta Timur,3,4,2,98.0,114.0
3726,3727,65000000000,Pondok Indah,Jakarta Selatan,4,4,7,684.0,500.0
3727,3728,18300000000,Pondok Indah,Jakarta Selatan,4,4,2,425.0,500.0
3728,3729,1800000000,Duren Sawit,Jakarta Timur,0,1,1,163.0,175.0
3729,3730,6970000000,Cempaka Putih,Jakarta Pusat,9,7,2,378.0,550.0
3730,3731,2750000000,Sektor 1 - Bintaro,Jakarta Selatan,3,3,0,120.0,160.0
3731,3732,3600000000,Cengkareng,Jakarta Barat,3,2,0,105.0,120.0
3732,3733,3400000000,Cengkareng Barat,Jakarta Barat,3,2,0,180.0,180.0
3733,3734,3800000000,Kelapa Gading,Jakarta Utara,4,3,1,120.0,200.0
3734,3735,2400000000,Kebagusan,Jakarta Selatan,4,4,2,75.0,140.0
3735,3736,1600000000,Jakarta Garden City,Jakarta Timur,3,2,2,94.0,75.0
3736,3737,18000000000,Cilandak,Jakarta Selatan,5,3,4,900.0,600.0
3737,3738,25000000000,Pondok Indah,Jakarta Selatan,5,5,0,489.0,640.0
3738,3739,2950000000,Jagakarsa,Jakarta Selatan,4,5,2,155.0,200.0
3739,3740,15500000000,Ampera,Jakarta Selatan,4,4,0,740.0,340.0
3740,3741,8000000000,Kemang,Jakarta Selatan,3,2,1,200.0,335.0
3741,3742,17000000000,Cilandak,Jakarta Selatan,5,5,2,920.0,450.0
3742,3743,2500000000,Sunter,Jakarta Utara,3,2,0,50.0,60.0
3743,3744,3750000000,Sunter,Jakarta Utara,3,3,0,90.0,216.0
3744,3745,1850000,Metland Menteng,Jakarta Timur,2,2,2,96.0,100.0
3745,3746,2600000000,Sunter,Jakarta Utara,4,3,1,90.0,130.0
3746,3747,9000000000,Bintaro,Jakarta Selatan,6,4,2,680.0,680.0
3747,3748,3300000000,Duren Sawit,Jakarta Timur,8,6,2,319.0,500.0
3748,3749,2750000000,Jagakarsa,Jakarta Selatan,6,4,2,95.0,195.0
3749,3750,4500000000,Metland Puri,Jakarta Barat,3,3,0,120.0,160.0
3750,3751,2750000000,Pademangan,Jakarta Utara,3,2,0,108.0,324.0
3751,3752,2500000000,Citra Garden,Jakarta Barat,3,3,3,296.0,128.0
3752,3753,5000000000,Bandara,Jakarta Barat,4,2,2,568.0,176.0
3753,3754,10000000000,Cempaka Putih,Jakarta Pusat,6,4,2,672.0,368.0
3754,3755,15800000000,Kemang,Jakarta Selatan,4,4,0,702.0,950.0
3755,3756,3300000000,Bintaro,Jakarta Selatan,3,3,0,180.0,112.0
3756,3757,4700000000,Puri Mansion,Jakarta Barat,6,5,3,136.0,136.0
3757,3758,2350000000,Semanan,Jakarta Barat,4,3,1,135.0,150.0
3758,3759,3100000000,Semanan,Jakarta Barat,6,3,1,135.0,270.0
3759,3760,2400000000,Semanan,Jakarta Barat,5,4,1,135.0,270.0
3760,3761,1650000000,Metland Puri,Jakarta Barat,2,2,1,55.0,63.0
3761,3762,3000000000,Duri Kosambi,Jakarta Barat,3,4,1,192.0,150.0
3762,3763,1420000000,Kelapa Gading,Jakarta Utara,3,1,1,75.0,61.0
3763,3764,4600000000,Meruya,Jakarta Barat,4,2,1,250.0,400.0
3764,3765,850000000,Kemayoran,Jakarta Pusat,2,2,0,18.0,54.0
3765,3766,650000000,Cibubur,Jakarta Timur,2,1,1,58.0,46.0
3766,3767,1870000000,Meruya,Jakarta Barat,3,3,1,64.0,64.0
3767,3768,5000000000,Kembangan,Jakarta Barat,4,4,2,121.0,304.0
3768,3769,2650000000,Metland Puri,Jakarta Barat,3,3,2,100.0,150.0
3769,3770,2300000000,Tanjung Duren,Jakarta Barat,3,3,1,88.0,136.0
3770,3771,4500000000,Tebet,Jakarta Selatan,16,8,5,161.0,274.0
3771,3772,4800000000,Bintaro,Jakarta Selatan,5,2,1,300.0,150.0
3772,3773,17500000000,Bintaro,Jakarta Selatan,5,4,2,748.0,500.0
3773,3774,3500000000,Citra Garden,Jakarta Barat,4,4,1,120.0,240.0
3774,3775,5500000000,Kembangan,Jakarta Barat,4,4,2,120.0,270.0
3775,3776,4400000000,Pantai Indah Kapuk,Jakarta Utara,4,4,1,120.0,160.0
3776,3777,4700000000,Cengkareng,Jakarta Barat,4,3,1,144.0,260.0
3777,3778,7500000000,Jagakarsa,Jakarta Selatan,4,3,1,400.0,200.0
3778,3779,3250000000,Duri Kosambi,Jakarta Barat,3,2,1,161.0,110.0
3779,3780,4830000000,Jagakarsa,Jakarta Selatan,4,3,2,420.0,200.0
3780,3781,3650000000,Citra Garden,Jakarta Barat,5,4,1,144.0,288.0
3781,3782,39000000000,Kebayoran Lama,Jakarta Selatan,13,8,2,1100.0,900.0
3782,3783,2750000000,Puri Mansion,Jakarta Barat,3,2,1,90.0,96.0
3783,3784,1270000000,Cibubur,Jakarta Timur,4,4,2,90.0,84.0
3784,3785,1750000000,Tebet,Jakarta Selatan,3,2,1,105.0,100.0
3785,3786,2390000000,Tanjung Duren,Jakarta Barat,4,4,2,55.0,90.0
3786,3787,24500000000,Intercon,Jakarta Barat,5,4,2,720.0,400.0
3787,3788,1500000000,Kedoya,Jakarta Barat,3,3,1,36.0,120.0
3788,3789,17000000000,Kemang,Jakarta Selatan,4,5,3,385.0,850.0
3789,3790,3600000000,Citra Garden,Jakarta Barat,4,3,2,161.0,254.0
3790,3791,1700000000,Cengkareng Barat,Jakarta Barat,4,3,2,90.0,125.0
3791,3792,2200000000,Meruya,Jakarta Barat,4,3,2,100.0,140.0
3792,3793,9200000000,Pantai Indah Kapuk,Jakarta Utara,3,3,1,200.0,400.0
3793,3794,11700000000,Citra Garden,Jakarta Barat,4,3,8,980.0,300.0
3794,3795,16500000000,Kebayoran Baru,Jakarta Selatan,4,4,3,252.0,190.0
3795,3796,6500000000,Green Lake City,Jakarta Barat,5,4,1,365.0,500.0
3796,3797,3000000000,Citra Garden,Jakarta Barat,4,4,1,128.0,288.0
3797,3798,3000000000,Metland Puri,Jakarta Barat,4,3,2,111.0,162.0
3798,3799,2150000000,Meruya,Jakarta Barat,3,3,2,100.0,135.0
3799,3800,3500000000,Pantai Indah Kapuk 2,Jakarta Utara,3,3,2,137.0,100.0
3800,3801,5750000000,Cempaka Putih,Jakarta Pusat,4,4,0,133.0,255.0
3801,3802,3500000000,Rawamangun,Jakarta Timur,4,5,0,75.0,260.0
3802,3803,4750000000,Cilandak,Jakarta Selatan,3,3,2,112.0,310.0
3803,3804,1700000000,Meruya,Jakarta Barat,3,3,2,82.0,111.0
3804,3805,3600000000,Duri Kepa,Jakarta Barat,5,5,2,108.0,234.0
3805,3806,4000000000,Kelapa Gading,Jakarta Utara,3,3,1,135.0,135.0
3806,3807,1400000000,Pondok Kelapa,Jakarta Timur,4,3,1,90.0,175.0
3807,3808,3100000000,Jelambar,Jakarta Barat,4,5,1,60.0,219.0
3808,3809,2200000000,Rawamangun,Jakarta Timur,4,3,1,135.0,135.0
3809,3810,6000000000,Cempaka Putih,Jakarta Pusat,4,3,1,202.0,325.0
3810,3811,6000000000,Pulomas,Jakarta Timur,3,5,2,192.0,280.0
3811,3812,5000000000,Duren Sawit,Jakarta Timur,6,4,2,392.0,346.0
3812,3813,900000000,Tanjung Duren,Jakarta Barat,2,1,0,55.0,55.0
3813,3814,2990000000,Duri Kepa,Jakarta Barat,3,2,2,114.0,200.0
3814,3815,950000000,Cempaka Putih,Jakarta Pusat,5,5,0,36.0,100.0
3815,3816,9700000000,Duri Kepa,Jakarta Barat,6,3,2,600.0,573.0
3816,3817,3350000000,Sunter,Jakarta Utara,3,2,0,190.0,130.0
3817,3818,2350000000,Cengkareng,Jakarta Barat,3,2,2,70.0,125.0
3818,3819,3000000000,Kelapa Gading,Jakarta Utara,3,2,2,102.0,170.0
3819,3820,9000000000,Pulo Gadung,Jakarta Timur,5,3,0,479.0,350.0
3820,3821,1650000000,Cipayung,Jakarta Timur,4,4,2,74.0,112.0
3821,3822,19000000000,Senen,Jakarta Pusat,51,51,1,276.0,1000.0
3822,3823,2500000000,Kayu Putih,Jakarta Timur,6,2,0,149.0,200.0
3823,3824,9500000000,Condet,Jakarta Timur,6,6,4,955.0,650.0
3824,3825,4500000000,Pulomas,Jakarta Timur,4,3,0,241.0,150.0
3825,3826,15000000000,Kemayoran,Jakarta Pusat,10,5,0,924.0,410.0
3826,3827,4500000000,Permata Buana,Jakarta Barat,4,3,2,136.0,190.0
3827,3828,4800000000,Permata Buana,Jakarta Barat,3,2,1,144.0,148.0
3828,3829,7500000000,Joglo,Jakarta Barat,4,2,0,300.0,430.0
3829,3830,7500000000,Permata Buana,Jakarta Barat,4,3,2,200.0,375.0
3830,3831,4000000000,Muara Karang,Jakarta Utara,5,2,2,140.0,270.0
3831,3832,3850000000,Puri Indah,Jakarta Barat,3,2,2,126.0,168.0
3832,3833,3500000000,Puri Media,Jakarta Barat,3,2,0,135.0,180.0
3833,3834,3300000000,Puri Media,Jakarta Barat,3,2,0,120.0,150.0
3834,3835,11000000000,Puri Indah,Jakarta Barat,5,5,0,200.0,450.0
3835,3836,7500000000,Muara Karang,Jakarta Utara,3,2,1,200.0,350.0
3836,3837,11000000000,Intercon,Jakarta Barat,4,4,0,312.0,400.0
3837,3838,3600000000,Muara Karang,Jakarta Utara,2,1,1,150.0,100.0
3838,3839,14000000000,Intercon,Jakarta Barat,4,5,0,550.0,450.0
3839,3840,13000000000,Joglo,Jakarta Barat,5,6,3,489.0,550.0
3840,3841,20000000000,Cipete,Jakarta Selatan,4,3,2,786.0,500.0
3841,3842,4600000000,Puri Indah,Jakarta Barat,3,3,0,135.0,200.0
3842,3843,6800000000,Joglo,Jakarta Barat,4,3,0,240.0,300.0
3843,3844,3200000000,Joglo,Jakarta Barat,3,2,2,108.0,100.0
3844,3845,11000000000,Kedoya Baru,Jakarta Barat,5,5,4,523.0,800.0
3845,3846,4100000000,Meruya,Jakarta Barat,4,3,1,110.0,225.0
3846,3847,7250000000,Joglo,Jakarta Barat,3,4,0,300.0,345.0
3847,3848,13300000000,Pantai Mutiara,Jakarta Utara,4,4,2,386.0,363.0
3848,3849,5200000000,Citra Garden,Jakarta Barat,5,5,2,200.0,465.0
3849,3850,16500000000,Joglo,Jakarta Barat,0,0,0,406.0,600.0
3850,3851,3900000000,Joglo,Jakarta Barat,4,3,2,160.0,212.0
3851,3852,22000000000,Cilandak,Jakarta Selatan,5,4,0,1032.0,600.0
3852,3853,15000000000,Permata Buana,Jakarta Barat,3,3,0,400.0,600.0
3853,3854,6400000000,Pantai Mutiara,Jakarta Utara,3,3,2,129.0,240.0
3854,3855,17500000000,Intercon,Jakarta Barat,5,4,0,510.0,700.0
3855,3856,4600000000,Citra Garden,Jakarta Barat,5,4,2,200.0,500.0
3856,3857,3500000000,Green Lake City,Jakarta Barat,3,4,2,128.0,200.0
3857,3858,4500000000,Joglo,Jakarta Barat,4,3,0,147.0,304.0
3858,3859,7800000000,Pluit,Jakarta Utara,5,4,2,270.0,304.0
3859,3860,10000000000,Intercon,Jakarta Barat,4,3,2,360.0,500.0
3860,3861,4600000000,Pantai Indah Kapuk,Jakarta Utara,3,3,2,120.0,160.0
3861,3862,5300000000,Joglo,Jakarta Barat,4,3,1,208.0,280.0
3862,3863,11500000000,Golf Island,Jakarta Utara,0,4,1,250.0,380.0
3863,3864,12000000000,Golf Island,Jakarta Utara,4,4,1,250.0,480.0
3864,3865,7000000000,Muara Karang,Jakarta Utara,6,5,2,188.0,500.0
3865,3866,8000000000,Puri Indah,Jakarta Barat,4,3,0,255.0,320.0
3866,3867,4100000000,Permata Buana,Jakarta Barat,4,3,1,144.0,180.0
3867,3868,3500000000,Joglo,Jakarta Barat,3,3,2,120.0,206.0
3868,3869,29000000000,Intercon,Jakarta Barat,5,5,5,800.0,800.0
3869,3870,5800000000,Permata Buana,Jakarta Barat,4,3,1,160.0,220.0
3870,3871,12500000000,Golf Island,Jakarta Utara,3,3,1,338.0,265.0
3871,3872,10500000000,Puri Indah,Jakarta Barat,5,5,0,450.0,600.0
3872,3873,5500000000,Permata Buana,Jakarta Barat,3,3,0,144.0,200.0
3873,3874,12300000000,Kebon Jeruk,Jakarta Barat,5,4,2,228.0,550.0
3874,3875,5500000000,Joglo,Jakarta Barat,4,3,1,300.0,450.0
3875,3876,5600000000,Intercon,Jakarta Barat,4,3,0,162.0,300.0
3876,3877,3250000000,Permata Buana,Jakarta Barat,3,2,2,160.0,100.0
3877,3878,12000000000,Golf Island,Jakarta Utara,4,3,2,240.0,458.0
3878,3879,7800000000,Golf Island,Jakarta Utara,3,3,1,225.0,213.0
3879,3880,4900000000,Puri Media,Jakarta Barat,4,4,2,162.0,385.0
3880,3881,6500000000,Muara Karang,Jakarta Utara,3,3,2,200.0,300.0
3881,3882,3950000000,Kelapa Gading,Jakarta Utara,8,4,2,120.0,360.0
3882,3883,3100000000,Kebayoran Baru,Jakarta Selatan,5,4,1,145.0,230.0
3883,3884,6000000000,Bintaro,Jakarta Selatan,4,3,2,201.0,242.0
3884,3885,15000000000,Cipete,Jakarta Selatan,4,6,2,500.0,400.0
3885,3886,2250000000,Duri Kepa,Jakarta Barat,3,3,1,67.0,147.0
3886,3887,1500000000,Duri Kepa,Jakarta Barat,3,2,1,105.0,105.0
3887,3888,2950000000,Taman Ratu,Jakarta Barat,5,3,1,126.0,294.0
3888,3889,5500000000,Tomang,Jakarta Barat,10,4,1,170.0,300.0
3889,3890,990000000,Tanjung Duren,Jakarta Barat,3,2,0,56.0,80.0
3890,3891,2450000000,Taman Ratu,Jakarta Barat,5,4,1,74.0,165.0
3891,3892,950000000,Tanjung Duren,Jakarta Barat,2,1,1,55.0,40.0
3892,3893,1900000000,Taman Ratu,Jakarta Barat,4,3,1,90.0,100.0
3893,3894,2650000000,Taman Ratu,Jakarta Barat,5,4,1,90.0,130.0
3894,3895,1870000000,Tanjung Duren,Jakarta Barat,2,1,1,49.0,110.0
3895,3896,13500000000,Tanjung Duren,Jakarta Barat,4,3,1,312.0,494.0
3896,3897,5500000000,Tanjung Duren,Jakarta Barat,7,4,1,220.0,180.0
3897,3898,3230000000,Taman Ratu,Jakarta Barat,2,4,1,80.0,284.0
3898,3899,2650000000,Taman Ratu,Jakarta Barat,4,4,2,84.0,189.0
3899,3900,16000000000,Pantai Indah Kapuk 2,Jakarta Utara,5,4,2,325.0,341.0
3900,3901,1790000000,Tanjung Duren,Jakarta Barat,3,2,2,111.0,84.0
3901,3902,2790000000,Taman Ratu,Jakarta Barat,3,2,2,90.0,120.0
3902,3903,7800000000,Pluit,Jakarta Utara,5,4,1,110.0,266.0
3903,3904,2800000000,Taman Ratu,Jakarta Barat,4,3,1,90.0,189.0
3904,3905,950000000,Tanjung Duren,Jakarta Barat,2,1,0,55.0,50.0
3905,3906,2290000000,Taman Ratu,Jakarta Barat,4,4,1,60.0,190.0
3906,3907,3000000000,Taman Ratu,Jakarta Barat,3,3,2,97.0,138.0
3907,3908,1750000000,Taman Ratu,Jakarta Barat,3,3,1,56.0,115.0
3908,3909,2500000000,Taman Ratu,Jakarta Barat,5,4,1,90.0,180.0
3909,3910,2300000000,Taman Ratu,Jakarta Barat,4,4,2,78.0,120.0
3910,3911,2400000000,Tanjung Duren,Jakarta Barat,3,2,2,60.0,82.0
3911,3912,1900000000,Taman Ratu,Jakarta Barat,2,1,1,126.0,90.0
3912,3913,3300000000,Taman Ratu,Jakarta Barat,4,2,2,119.0,168.0
3913,3914,1200000000,Tanjung Duren,Jakarta Barat,2,2,1,42.0,60.0
3914,3915,2500000000,Tanjung Duren,Jakarta Barat,3,2,2,110.0,120.0
3915,3916,1000000000,Tanjung Duren,Jakarta Barat,2,1,0,49.0,40.0
3916,3917,2500000000,Tanjung Duren,Jakarta Barat,5,2,1,90.0,120.0
3917,3918,5800000000,Tanjung Duren,Jakarta Barat,4,4,1,288.0,416.0
3918,3919,4200000000,Sunrise Garden,Jakarta Barat,3,3,1,150.0,200.0
3919,3920,3650000000,Sunrise Garden,Jakarta Barat,5,5,2,105.0,175.0
3920,3921,80000000000,Kebayoran Baru,Jakarta Selatan,6,5,2,700.0,800.0
3921,3922,7000000000,Sunrise Garden,Jakarta Barat,5,4,2,374.0,373.0
3922,3923,2300000000,Tanjung Duren,Jakarta Barat,4,3,1,65.0,80.0
3923,3924,6400000000,Pantai Indah Kapuk,Jakarta Utara,4,3,1,184.0,300.0
3924,3925,2650000000,Tambora,Jakarta Barat,4,3,1,150.0,250.0
3925,3926,3300000000,Penjaringan,Jakarta Utara,4,3,1,105.0,160.0
3926,3927,3600000000,Sunrise Garden,Jakarta Barat,4,3,1,105.0,140.0
3927,3928,5000000000,Sunrise Garden,Jakarta Barat,6,4,1,220.0,240.0
3928,3929,8500000000,Sunrise Garden,Jakarta Barat,4,4,2,360.0,500.0
3929,3930,72000000000,Condet,Jakarta Timur,5,5,6,4000.0,2500.0
3930,3931,4000000000,Condet,Jakarta Timur,4,4,2,152.0,250.0
3931,3932,1800000000,Pulogebang,Jakarta Timur,4,3,2,150.0,100.0
3932,3933,2700000000,Citra Garden,Jakarta Barat,4,2,2,200.0,200.0
3933,3934,11000000000,Cilandak,Jakarta Selatan,12,11,2,297.0,520.0
3934,3935,3200000000,Cipinang,Jakarta Timur,6,3,3,248.0,302.0
3935,3936,4700000000,Rawamangun,Jakarta Timur,4,4,2,300.0,287.0
3936,3937,4800000000,Rawamangun,Jakarta Timur,5,4,2,180.0,220.0
3937,3938,2200000000,Tanjung Duren,Jakarta Barat,3,3,1,139.0,150.0
3938,3939,4500000000,Duri Kepa,Jakarta Barat,6,3,1,219.0,214.0
3939,3940,2500000000,Tanjung Duren,Jakarta Barat,5,4,1,56.0,110.0
3940,3941,1600000000,Tanjung Duren,Jakarta Barat,3,2,1,55.0,60.0
3941,3942,2600000000,Meruya,Jakarta Barat,5,4,2,125.0,200.0
3942,3943,8600000000,Duri Kepa,Jakarta Barat,4,4,2,300.0,250.0
3943,3944,2100000000,Tanjung Duren,Jakarta Barat,3,2,1,42.0,90.0
3944,3945,3100000000,Taman Palem,Jakarta Barat,9,6,2,133.0,221.0
3945,3946,2900000000,Sunter,Jakarta Utara,5,3,1,140.0,320.0
3946,3947,1690000000,Tomang,Jakarta Barat,4,4,1,42.0,81.0
3947,3948,2500000000,Cilandak,Jakarta Selatan,4,4,1,60.0,110.0
3948,3949,7500000000,Tanjung Duren,Jakarta Barat,5,4,2,105.0,245.0
3949,3950,4900000000,Kedoya,Jakarta Barat,1,0,2,280.0,350.0
3950,3951,1200000000,Tanjung Duren,Jakarta Barat,3,2,1,44.0,80.0
3951,3952,1500000000,Tanjung Duren,Jakarta Barat,3,2,1,38.0,90.0
3952,3953,5500000000,Rawamangun,Jakarta Timur,5,4,3,225.0,300.0
3953,3954,6900000000,Rawamangun,Jakarta Timur,5,5,1,265.0,450.0
3954,3955,9000000000,Bendungan Hilir,Jakarta Pusat,4,3,0,231.0,170.0
3955,3956,3650000000,Rawamangun,Jakarta Timur,4,5,2,142.0,250.0
3956,3957,3500000000,Rawamangun,Jakarta Timur,4,4,2,75.0,265.0
3957,3958,1450000000,Green Lake City,Jakarta Barat,2,2,1,60.0,90.0
3958,3959,140000000000,Menteng,Jakarta Pusat,5,5,6,1405.0,1200.0
3959,3960,2000000000,Duri Kosambi,Jakarta Barat,4,3,1,99.0,200.0
3960,3961,32000000000,Kebayoran Baru,Jakarta Selatan,4,4,2,346.0,400.0
3961,3962,19200000000,Menteng,Jakarta Pusat,3,2,3,353.0,200.0
3962,3963,14000000000,Cilandak,Jakarta Selatan,3,3,1,700.0,500.0
3963,3964,14500000000,Cilandak,Jakarta Selatan,3,3,2,345.0,500.0
3964,3965,29500000000,Senopati,Jakarta Selatan,3,3,3,375.0,395.0
3965,3966,12000000000,Kemang,Jakarta Selatan,4,3,2,371.0,250.0
3966,3967,23000000000,Wijaya,Jakarta Selatan,0,2,2,200.0,90.0
3967,3968,42000000000,Wijaya,Jakarta Selatan,4,4,3,562.0,400.0
3968,3969,53000000000,Menteng,Jakarta Pusat,14,4,3,640.0,535.0
3969,3970,54000000000,Menteng,Jakarta Pusat,3,4,6,480.0,160.0
3970,3971,59000000000,Wijaya,Jakarta Selatan,5,5,3,850.0,1000.0
3971,3972,10000000000,Mampang Prapatan,Jakarta Selatan,6,4,1,481.0,350.0
3972,3973,12500000000,Jagakarsa,Jakarta Selatan,6,4,3,750.0,520.0
3973,3974,55000000000,Menteng,Jakarta Pusat,3,2,2,735.0,500.0
3974,3975,70000000000,Menteng,Jakarta Pusat,9,5,2,925.0,1485.0
3975,3976,80000000000,Kebayoran Baru,Jakarta Selatan,4,3,3,630.0,700.0
3976,3977,29000000000,Senayan,Jakarta Selatan,9,4,9,461.0,301.0
3977,3978,3200000000,Pondok Bambu,Jakarta Timur,6,3,3,248.0,302.0
3978,3979,3000000000,Pondok Kopi,Jakarta Timur,5,4,0,201.0,400.0
3979,3980,32000000000,Pondok Labu,Jakarta Selatan,4,4,4,2500.0,1000.0
3980,3981,32000000000,Pondok Labu,Jakarta Selatan,4,4,4,2500.0,1000.0
3981,3982,7900000000,Veteran,Jakarta Selatan,5,4,2,234.0,260.0
3982,3983,2500000000,Otista,Jakarta Timur,3,4,2,100.0,175.0
3983,3984,2100000000,Duren Sawit,Jakarta Timur,3,3,2,90.0,110.0
3984,3985,1650000000,Otista,Jakarta Timur,3,3,1,64.0,130.0
3985,3986,9300000000,Setiabudi,Jakarta Selatan,3,2,4,232.0,100.0
3986,3987,3500000000,Kebon Jeruk,Jakarta Barat,4,3,0,79.0,190.0
3987,3988,20500000000,Kemang,Jakarta Selatan,4,4,2,630.0,500.0
3988,3989,6300000000,Kalimalang,Jakarta Timur,4,4,3,491.0,461.0
3989,3990,7500000000,Palmerah,Jakarta Barat,7,7,1,206.0,670.0
3990,3991,15500000000,Kebayoran Lama,Jakarta Selatan,6,4,2,575.0,800.0
3991,3992,5400000000,Pesanggrahan,Jakarta Selatan,3,3,2,375.0,307.0
3992,3993,6400000000,Cilandak,Jakarta Selatan,4,3,2,136.0,250.0
3993,3994,8500000000,Cilandak,Jakarta Selatan,4,3,2,335.0,320.0
3994,3995,6500000000,Warung Buncit,Jakarta Selatan,3,2,1,264.0,150.0
3995,3996,2400000000,Rawamangun,Jakarta Timur,3,2,1,90.0,120.0
3996,3997,25500000000,Pejaten,Jakarta Selatan,3,3,20,1049.0,400.0
3997,3998,28900000000,Pondok Indah,Jakarta Selatan,8,7,2,660.0,700.0
3998,3999,1200000000,Kota Wisata,Jakarta Timur,2,1,1,105.0,75.0
3999,4000,3650000000,Kota Wisata,Jakarta Timur,5,4,2,220.0,189.0
4000,4001,1200000000,Kota Wisata,Jakarta Timur,2,1,1,105.0,75.0
4001,4002,3650000000,Kota Wisata,Jakarta Timur,5,4,2,220.0,189.0
4002,4003,5500000000,Pluit,Jakarta Utara,4,4,0,200.0,350.0
4003,4004,2600000000,Citra Garden,Jakarta Barat,5,4,0,161.0,179.0
4004,4005,2500000000,Cibubur,Jakarta Timur,3,3,1,235.0,110.0
4005,4006,1670000000,Citra Garden,Jakarta Barat,3,2,0,81.0,95.0
4006,4007,2200000000,Cibubur,Jakarta Timur,4,3,0,160.0,200.0
4007,4008,7000000000,Kebayoran Lama,Jakarta Selatan,4,2,1,296.0,250.0
4008,4009,17000000000,Cilandak,Jakarta Selatan,5,4,5,772.0,600.0
4009,4010,4250000000,Kebayoran Lama,Jakarta Selatan,4,4,1,260.0,220.0
4010,4011,2000000000,Bambu Apus,Jakarta Timur,4,4,2,96.0,125.0
4011,4012,1800000000,Taman Ratu,Jakarta Barat,3,3,2,94.0,150.0
4012,4013,8500000000,Kemang,Jakarta Selatan,3,3,2,247.0,380.0
4013,4014,3600000000,Taman Palem,Jakarta Barat,3,3,2,195.0,198.0
4014,4015,1750000000,Citra Garden,Jakarta Barat,3,2,2,75.0,90.0
4015,4016,1800000000,Taman Palem,Jakarta Barat,4,2,2,90.0,150.0
4016,4017,2300000000,Citra Garden,Jakarta Barat,3,3,2,96.0,130.0
4017,4018,3200000000,Taman Palem,Jakarta Barat,8,6,2,133.0,360.0
4018,4019,2700000000,Citra Garden,Jakarta Barat,4,2,1,200.0,250.0
4019,4020,4900000000,Taman Palem,Jakarta Barat,5,3,2,270.0,220.0
4020,4021,2500000000,Taman Palem,Jakarta Barat,6,3,1,90.0,200.0
4021,4022,2000000000,Citra Garden,Jakarta Barat,3,1,1,120.0,110.0
4022,4023,1500000000,Citra Garden,Jakarta Barat,2,2,1,90.0,90.0
4023,4024,1100000000,Taman Palem,Jakarta Barat,2,2,1,47.0,70.0
4024,4025,1950000000,Kalideres,Jakarta Barat,4,4,0,90.0,162.0
4025,4026,2800000000,Citra Garden,Jakarta Barat,3,2,1,115.0,120.0
4026,4027,800000000,Kalideres,Jakarta Barat,2,2,1,64.0,90.0
4027,4028,3400000000,Citra Garden,Jakarta Barat,3,4,2,178.0,180.0
4028,4029,1850000000,Citra Garden,Jakarta Barat,4,3,1,128.0,132.0
4029,4030,1650000000,Citra Garden,Jakarta Barat,2,1,0,60.0,75.0
4030,4031,5500000000,Lenteng Agung,Jakarta Selatan,6,4,1,574.0,200.0
4031,4032,7200000000,Cilandak,Jakarta Selatan,6,6,1,339.0,280.0
4032,4033,3550000000,Mampang Prapatan,Jakarta Selatan,3,5,2,60.0,169.0
4033,4034,3200000000,Kelapa Gading,Jakarta Utara,4,3,0,102.0,234.0
4034,4035,25900000000,Tebet,Jakarta Selatan,0,4,20,1039.0,600.0
4035,4036,17900000000,Tebet,Jakarta Selatan,8,4,2,453.0,360.0
4036,4037,3500000000,Kebon Jeruk,Jakarta Barat,3,3,0,108.0,250.0
4037,4038,1500000000,Jelambar,Jakarta Barat,3,2,0,57.0,120.0
4038,4039,2400000000,Jelambar,Jakarta Barat,5,4,1,85.0,201.0
4039,4040,1950000000,Jagakarsa,Jakarta Selatan,4,4,2,78.0,180.0
4040,4041,1300000000,Jati Padang,Jakarta Selatan,2,2,2,55.0,61.0
4041,4042,2600000000,Rawamangun,Jakarta Timur,4,3,1,97.0,137.0
4042,4043,1140000000,Bambu Apus,Jakarta Timur,3,2,1,44.0,52.0
4043,4044,1300000000,Jati Padang,Jakarta Selatan,2,2,2,55.0,61.0
4044,4045,1300000000,Jati Padang,Jakarta Selatan,2,2,2,55.0,61.0
4045,4046,1850000000,Ciganjur,Jakarta Selatan,4,3,2,116.0,160.0
4046,4047,1300000000,Jati Padang,Jakarta Selatan,2,2,2,55.0,61.0
4047,4048,2300000000,Citra Grand,Jakarta Timur,3,2,2,148.0,67.0
4048,4049,2200000000,Green Lake City,Jakarta Barat,4,2,1,90.0,150.0
4049,4050,26000000000,Puri Indah,Jakarta Barat,4,4,0,752.0,600.0
4050,4051,4800000000,Green Lake City,Jakarta Barat,3,3,0,180.0,280.0
4051,4052,7500000000,Kalideres,Jakarta Barat,5,3,0,500.0,288.0
4052,4053,3200000000,Meruya,Jakarta Barat,3,3,2,181.0,220.0
4053,4054,3200000000,Meruya,Jakarta Barat,3,3,1,153.0,200.0
4054,4055,2950000000,Cipedak,Jakarta Selatan,3,5,2,155.0,200.0
4055,4056,1600000000,Setu,Jakarta Timur,3,2,1,91.0,182.0
4056,4057,11700000000,Guntur,Jakarta Selatan,5,5,1,280.0,250.0
4057,4058,4500000000,Kampung Rambutan,Jakarta Timur,5,3,2,540.0,300.0
4058,4059,8800000000,Pantai Indah Kapuk,Jakarta Utara,3,3,2,160.0,400.0
4059,4060,3350000000,Jagakarsa,Jakarta Selatan,3,3,4,358.0,250.0
4060,4061,3600000000,Pondok Kelapa,Jakarta Timur,3,3,1,300.0,344.0
4061,4062,8300000000,Pondok Indah,Jakarta Selatan,3,2,2,188.0,345.0
4062,4063,1850000000,Taman Palem,Jakarta Barat,4,3,1,56.0,100.0
4063,4064,3300000000,Green Lake City,Jakarta Barat,3,3,2,120.0,150.0
4064,4065,3300000000,Green Lake City,Jakarta Barat,3,3,2,120.0,144.0
4065,4066,3500000000,Green Lake City,Jakarta Barat,3,3,2,144.0,130.0
4066,4067,5800000000,Green Lake City,Jakarta Barat,4,4,2,180.0,250.0
4067,4068,4200000000,Green Lake City,Jakarta Barat,3,3,2,144.0,150.0
4068,4069,1550000000,Green Lake City,Jakarta Barat,2,2,1,60.0,87.0
4069,4070,4500000000,Green Lake City,Jakarta Barat,4,3,2,180.0,211.0
4070,4071,1400000000,Green Lake City,Jakarta Barat,2,2,1,48.0,76.0
4071,4072,5800000000,Metland Puri,Jakarta Barat,4,4,2,144.0,164.0
4072,4073,6000000000,Daan Mogot,Jakarta Barat,4,6,5,204.0,550.0
4073,4074,3500000000,Green Lake City,Jakarta Barat,3,3,2,144.0,140.0
4074,4075,41000000000,Pantai Mutiara,Jakarta Utara,4,4,2,650.0,800.0
4075,4076,1700000000,Duri Kosambi,Jakarta Barat,3,2,1,120.0,100.0
4076,4077,10000000000,Green Lake City,Jakarta Barat,4,3,2,400.0,230.0
4077,4078,3800000000,Meruya,Jakarta Barat,16,13,0,204.0,600.0
4078,4079,1600000000,Green Lake City,Jakarta Barat,2,2,1,60.0,87.0
4079,4080,5500000000,Puri Indah,Jakarta Barat,5,3,2,180.0,120.0
4080,4081,1800000000,Green Lake City,Jakarta Barat,2,2,1,74.0,76.0
4081,4082,4500000000,Puri Indah,Jakarta Barat,4,2,1,152.0,100.0
4082,4083,5300000000,Meruya,Jakarta Barat,7,6,2,375.0,700.0
4083,4084,52000000000,Kebayoran Baru,Jakarta Selatan,5,4,5,726.0,564.0
4084,4085,4800000000,Metland Puri,Jakarta Barat,3,3,2,105.0,156.0
4085,4086,2100000000,Green Lake City,Jakarta Barat,4,2,2,90.0,125.0
4086,4087,3950000000,Meruya,Jakarta Barat,4,2,1,250.0,250.0
4087,4088,2450000000,Green Lake City,Jakarta Barat,4,3,2,90.0,125.0
4088,4089,1350000000,Green Lake City,Jakarta Barat,2,2,1,60.0,87.0
4089,4090,3980000000,Meruya,Jakarta Barat,5,3,2,250.0,400.0
4090,4091,8800000000,Pondok Indah,Jakarta Selatan,4,5,1,120.0,280.0
4091,4092,4990000000,Meruya,Jakarta Barat,4,3,2,362.0,227.0
4092,4093,7800000000,Meruya,Jakarta Barat,6,6,0,305.0,350.0
4093,4094,7000000000,Meruya,Jakarta Barat,5,4,3,250.0,330.0
4094,4095,1550000000,Green Lake City,Jakarta Barat,2,2,1,60.0,87.0
4095,4096,4480000000,Meruya,Jakarta Barat,2,2,2,250.0,200.0
4096,4097,3500000000,Green Lake City,Jakarta Barat,4,3,2,120.0,250.0
4097,4098,1470000000,Tanjung Duren,Jakarta Barat,3,3,1,38.0,80.0
4098,4099,2800000000,Kalideres,Jakarta Barat,3,3,1,120.0,105.0
4099,4100,1980000000,Grogol,Jakarta Barat,3,3,1,82.0,115.0
4100,4101,1800000000,Grogol,Jakarta Barat,3,3,1,48.0,119.0
4101,4102,2300000000,Jelambar,Jakarta Barat,4,2,1,136.0,90.0
4102,4103,3100000000,Citra Garden,Jakarta Barat,4,3,0,96.0,170.0
4103,4104,1200000000,Duri Kosambi,Jakarta Barat,3,3,0,83.0,81.0
4104,4105,19000000000,Cilandak,Jakarta Selatan,3,2,2,839.0,394.0
4105,4106,6500000000,Kedoya Baru,Jakarta Barat,4,3,2,360.0,201.0
4106,4107,15500000000,Cipete,Jakarta Selatan,3,3,3,420.0,400.0
4107,4108,2500000000,Utan Kayu,Jakarta Timur,3,2,1,140.0,130.0
4108,4109,3400000000,Meruya,Jakarta Barat,3,3,0,92.0,152.0
4109,4110,1800000000,Ciganjur,Jakarta Selatan,3,2,1,90.0,102.0
4110,4111,3300000000,Jelambar,Jakarta Barat,3,2,1,180.0,155.0
4111,4112,1400000000,Jelambar,Jakarta Barat,3,2,1,54.0,105.0
4112,4113,2500000000,Jelambar,Jakarta Barat,3,3,1,95.0,225.0
4113,4114,3800000000,Jelambar,Jakarta Barat,3,4,1,76.0,275.0
4114,4115,9250000000,Jelambar,Jakarta Barat,1,1,1,487.0,255.0
4115,4116,2700000000,Jelambar,Jakarta Barat,4,3,1,75.0,155.0
4116,4117,1700000000,Jelambar,Jakarta Barat,1,1,1,114.0,114.0
4117,4118,750000000,Jelambar,Jakarta Barat,3,2,1,48.0,132.0
4118,4119,3100000000,Jelambar,Jakarta Barat,4,5,1,60.0,175.0
4119,4120,3800000000,Jelambar,Jakarta Barat,4,3,1,135.0,203.0
4120,4121,2700000000,Jelambar,Jakarta Barat,2,2,1,112.0,175.0
4121,4122,2600000000,Jakarta Garden City,Jakarta Timur,3,3,2,98.0,90.0
4122,4123,1500000000,Jelambar,Jakarta Barat,3,2,1,60.0,120.0
4123,4124,1750000000,Jelambar,Jakarta Barat,3,2,1,48.0,125.0
4124,4125,2600000000,Taman Ratu,Jakarta Barat,5,4,1,75.0,170.0
4125,4126,7000000000,Bangka,Jakarta Selatan,3,3,1,279.0,400.0
4126,4127,6900000000,Pejaten,Jakarta Selatan,5,3,0,386.0,230.0
4127,4128,5900000000,Jelambar,Jakarta Barat,5,5,1,198.0,455.0
4128,4129,15500000000,Pantai Indah Kapuk,Jakarta Utara,4,4,4,295.0,400.0
4129,4130,2200000000,Jelambar,Jakarta Barat,1,3,1,64.0,216.0
4130,4131,4200000000,Mampang Prapatan,Jakarta Selatan,2,3,0,126.0,160.0
4131,4132,5500000000,Duren Sawit,Jakarta Timur,5,5,3,190.0,350.0
4132,4133,4800000000,Pondok Kelapa,Jakarta Timur,5,5,1,215.0,290.0
4133,4134,4250000000,Pondok Kelapa,Jakarta Timur,5,3,2,145.0,265.0
4134,4135,1350000000,Pondok Kelapa,Jakarta Timur,2,2,1,68.0,128.0
4135,4136,950000000,Condet,Jakarta Timur,3,2,1,70.0,110.0
4136,4137,1550000000,Pondok Kelapa,Jakarta Timur,3,2,2,55.0,120.0
4137,4138,4000000000,Pondok Kelapa,Jakarta Timur,5,3,2,154.0,190.0
4138,4139,6500000000,Kebayoran Baru,Jakarta Selatan,8,4,7,198.0,285.0
4139,4140,18000000000,Kebayoran Baru,Jakarta Selatan,3,3,4,252.0,192.0
4140,4141,25000000000,Kebayoran Baru,Jakarta Selatan,3,2,1,426.0,265.0
4141,4142,33000000000,Kebayoran Baru,Jakarta Selatan,4,4,4,731.0,500.0
4142,4143,19500000000,Kebayoran Baru,Jakarta Selatan,4,4,2,400.0,500.0
4143,4144,22000000000,Kebayoran Baru,Jakarta Selatan,4,3,1,353.0,600.0
4144,4145,50000000000,Kebayoran Baru,Jakarta Selatan,5,4,3,865.0,450.0
4145,4146,47000000000,Kebayoran Baru,Jakarta Selatan,5,3,5,726.0,564.0
4146,4147,22000000000,Cilandak,Jakarta Selatan,4,3,0,942.0,400.0
4147,4148,5500000000,Cijantung,Jakarta Timur,9,5,1,302.0,500.0
4148,4149,3000000000,Pondok Labu,Jakarta Selatan,3,3,1,130.0,170.0
4149,4150,25000000000,Cilandak,Jakarta Selatan,3,2,4,1050.0,350.0
4150,4151,39000000000,Menteng,Jakarta Pusat,5,4,1,519.0,470.0
4151,4152,17000000000,Kemang,Jakarta Selatan,3,3,2,598.0,288.0
4152,4153,3000000000,Pondok Labu,Jakarta Selatan,3,2,2,233.0,150.0
4153,4154,39000000000,Menteng,Jakarta Pusat,5,4,1,519.0,470.0
4154,4155,32500000000,Kebayoran Baru,Jakarta Selatan,7,6,1,835.0,900.0
4155,4156,39000000000,Kebayoran Baru,Jakarta Selatan,5,5,7,620.0,521.0
4156,4157,5900000000,Kebayoran Baru,Jakarta Selatan,4,2,1,204.0,148.0
4157,4158,34000000000,Kebayoran Baru,Jakarta Selatan,5,5,3,680.0,600.0
4158,4159,35000000000,Kebayoran Baru,Jakarta Selatan,5,4,2,530.0,400.0
4159,4160,41000000000,Kebayoran Baru,Jakarta Selatan,7,4,6,1000.0,994.0
4160,4161,14000000000,Kebayoran Baru,Jakarta Selatan,4,4,1,225.0,350.0
4161,4162,15000000000,Kebayoran Baru,Jakarta Selatan,4,2,1,218.0,180.0
4162,4163,18500000000,Kebayoran Baru,Jakarta Selatan,5,5,2,367.0,500.0
4163,4164,9800000000,Kebayoran Baru,Jakarta Selatan,4,4,2,238.0,450.0
4164,4165,15000000000,Lebak Bulus,Jakarta Selatan,5,4,4,715.0,446.0
4165,4166,19000000000,Kebayoran Baru,Jakarta Selatan,4,2,0,344.0,310.0
4166,4167,18000000000,Kebayoran Baru,Jakarta Selatan,3,3,0,350.0,250.0
4167,4168,10900000000,Kebayoran Baru,Jakarta Selatan,3,2,4,202.0,190.0
4168,4169,18500000000,Kebayoran Baru,Jakarta Selatan,4,3,2,328.0,234.0
4169,4170,1100000000,Condet,Jakarta Timur,4,2,0,70.0,130.0
4170,4171,11000000000,Kebayoran Baru,Jakarta Selatan,4,0,0,255.0,244.0
4171,4172,10500000000,Kebayoran Baru,Jakarta Selatan,4,3,0,202.0,180.0
4172,4173,9800000000,Fatmawati,Jakarta Selatan,5,3,1,535.0,600.0
4173,4174,10500000000,Kebayoran Baru,Jakarta Selatan,5,3,1,208.0,300.0
4174,4175,22500000000,Kebayoran Baru,Jakarta Selatan,3,5,2,218.0,500.0
4175,4176,2500000000,Fatmawati,Jakarta Selatan,3,2,0,114.0,54.0
4176,4177,1050000000,Condet,Jakarta Timur,4,2,0,60.0,120.0
4177,4178,4000000000,Lebak Bulus,Jakarta Selatan,2,2,1,220.0,180.0
4178,4179,15000000000,Pejaten,Jakarta Selatan,5,5,6,840.0,250.0
4179,4180,2000000000,Condet,Jakarta Timur,4,3,1,150.0,230.0
4180,4181,3500000000,Condet,Jakarta Timur,4,4,4,201.0,300.0
4181,4182,2900000000,Condet,Jakarta Timur,3,2,1,205.0,191.0
4182,4183,750000000,Condet,Jakarta Timur,3,2,1,40.0,100.0
4183,4184,1650000000,Condet,Jakarta Timur,3,2,1,70.0,120.0
4184,4185,700000000,Condet,Jakarta Timur,3,2,1,40.0,80.0
4185,4186,825000000,Condet,Jakarta Timur,3,2,1,40.0,100.0
4186,4187,900000000,Condet,Jakarta Timur,2,1,1,64.0,50.0
4187,4188,1100000000,Condet,Jakarta Timur,3,2,1,100.0,130.0
4188,4189,1100000000,Condet,Jakarta Timur,3,2,1,53.0,80.0
4189,4190,1200000000,Condet,Jakarta Timur,3,2,1,50.0,100.0
4190,4191,825000000,Condet,Jakarta Timur,2,2,1,65.0,110.0
4191,4192,2400000000,Condet,Jakarta Timur,4,3,1,166.0,220.0
4192,4193,1150000000,Ciracas,Jakarta Timur,3,2,1,52.0,70.0
4193,4194,1590000000,Duren Sawit,Jakarta Timur,4,4,1,83.0,135.0
4194,4195,1350000000,Condet,Jakarta Timur,5,3,0,95.0,150.0
4195,4196,850000000,Condet,Jakarta Timur,3,2,1,60.0,120.0
4196,4197,1580000000,Duren Sawit,Jakarta Timur,3,2,1,90.0,58.0
4197,4198,1100000000,Condet,Jakarta Timur,3,2,1,115.0,95.0
4198,4199,775000000,Condet,Jakarta Timur,2,1,1,50.0,45.0
4199,4200,850000000,Condet,Jakarta Timur,3,2,1,55.0,110.0
4200,4201,790000000,Condet,Jakarta Timur,2,2,1,39.0,78.0
4201,4202,350000000,Condet,Jakarta Timur,2,2,0,26.0,52.0
4202,4203,425000000,Condet,Jakarta Timur,2,2,0,30.0,60.0
4203,4204,54000000000,Permata Hijau,Jakarta Selatan,8,9,5,1200.0,1050.0
4204,4205,3200000000,Jakarta Garden City,Jakarta Timur,4,3,2,112.0,150.0
4205,4206,9300000000,Cipete,Jakarta Selatan,7,4,2,385.0,350.0
4206,4207,5300000000,Lebak Bulus,Jakarta Selatan,4,4,1,173.0,280.0
4207,4208,5500000000,Sunter,Jakarta Utara,4,3,2,160.0,133.0
4208,4209,5300000000,Sunter,Jakarta Utara,5,4,0,175.0,525.0
4209,4210,3200000000,Pondok Bambu,Jakarta Timur,6,3,3,248.0,302.0
4210,4211,880000000,Ciganjur,Jakarta Selatan,2,2,1,42.0,70.0
4211,4212,17500000000,Permata Hijau,Jakarta Selatan,8,5,5,590.0,800.0
4212,4213,3800000000,Kelapa Gading,Jakarta Utara,4,2,2,144.0,240.0
4213,4214,40000000000,Pondok Indah,Jakarta Selatan,5,5,3,627.0,1050.0
4214,4215,2000000000,Cipinang Melayu,Jakarta Timur,4,3,1,192.0,219.0
4215,4216,1650000000,Duri Kepa,Jakarta Barat,2,2,2,84.0,68.0
4216,4217,1880000000,Duri Kepa,Jakarta Barat,3,4,1,52.0,100.0
4217,4218,2500000000,Duri Kepa,Jakarta Barat,3,3,1,105.0,220.0
4218,4219,1800000000,Duri Kepa,Jakarta Barat,4,3,1,56.0,100.0
4219,4220,2950000000,Duri Kepa,Jakarta Barat,0,5,2,95.0,165.0
4220,4221,2100000000,Duri Kepa,Jakarta Barat,4,3,1,64.0,132.0
4221,4222,2300000000,Duri Kepa,Jakarta Barat,4,4,1,94.0,140.0
4222,4223,3250000000,Duri Kepa,Jakarta Barat,1,0,1,80.0,110.0
4223,4224,2450000000,Meruya,Jakarta Barat,4,4,1,125.0,153.0
4224,4225,2590000000,Duri Kepa,Jakarta Barat,4,4,1,77.0,150.0
4225,4226,3300000000,Duri Kepa,Jakarta Barat,3,3,1,150.0,100.0
4226,4227,3290000000,Duri Kepa,Jakarta Barat,5,5,2,81.0,170.0
4227,4228,2590000000,Meruya,Jakarta Barat,4,4,1,112.0,160.0
4228,4229,2900000000,Duri Kepa,Jakarta Barat,4,3,2,91.0,178.0
4229,4230,2600000000,Duri Kepa,Jakarta Barat,4,2,1,204.0,140.0
4230,4231,5850000000,Meruya,Jakarta Barat,7,6,3,200.0,340.0
4231,4232,2290000000,Duri Kepa,Jakarta Barat,3,3,1,72.0,155.0
4232,4233,2300000000,Duri Kepa,Jakarta Barat,4,2,2,125.0,225.0
4233,4234,6500000000,Duri Kepa,Jakarta Barat,4,4,1,300.0,260.0
4234,4235,1900000000,Citra Garden,Jakarta Barat,3,2,1,112.0,113.0
4235,4236,3400000000,Duri Kepa,Jakarta Barat,5,5,1,90.0,160.0
4236,4237,2350000000,Duri Kepa,Jakarta Barat,4,2,1,90.0,150.0
4237,4238,2300000000,Duri Kepa,Jakarta Barat,4,2,2,90.0,120.0
4238,4239,3500000000,Duri Kepa,Jakarta Barat,4,3,2,90.0,180.0
4239,4240,15000000000,Duri Kepa,Jakarta Barat,6,6,2,500.0,400.0
4240,4241,2890000000,Duri Kepa,Jakarta Barat,5,5,1,75.0,165.0
4241,4242,2800000000,Duri Kepa,Jakarta Barat,3,2,1,142.0,262.0
4242,4243,2800000000,Duri Kepa,Jakarta Barat,5,5,1,86.0,180.0
4243,4244,1850000000,Duri Kepa,Jakarta Barat,4,4,1,60.0,120.0
4244,4245,1700000000,Duri Kepa,Jakarta Barat,4,3,1,62.0,105.0
4245,4246,1680000000,Duri Kepa,Jakarta Barat,2,3,1,45.0,125.0
4246,4247,18000000000,Duri Kepa,Jakarta Barat,6,7,2,650.0,450.0
4247,4248,3250000000,Duri Kepa,Jakarta Barat,4,4,2,104.0,222.0
4248,4249,1800000000,Duri Kepa,Jakarta Barat,4,3,1,90.0,120.0
4249,4250,13900000000,Kemang,Jakarta Selatan,5,4,2,212.0,585.0
4250,4251,2150000000,Meruya,Jakarta Barat,4,4,2,100.0,135.0
4251,4252,40000000000,Cilandak,Jakarta Selatan,5,5,4,672.0,600.0
4252,4253,6500000000,Tanjung Duren,Jakarta Barat,9,8,4,330.0,440.0
4253,4254,2660000000,Pegadungan,Jakarta Barat,4,2,2,105.0,155.0
4254,4255,3600000000,Tanjung Duren,Jakarta Barat,3,1,1,117.0,100.0
4255,4256,6800000000,Green garden,Jakarta Barat,5,4,1,200.0,700.0
4256,4257,8000000000,Green garden,Jakarta Barat,4,4,3,262.0,300.0
4257,4258,3700000000,Gunung Sahari,Jakarta Pusat,5,5,1,166.0,300.0
4258,4259,5950000000,Kedoya,Jakarta Barat,6,4,2,458.0,350.0
4259,4260,5900000000,Kedoya,Jakarta Barat,4,4,1,283.0,400.0
4260,4261,2290000000,Meruya,Jakarta Barat,4,3,2,100.0,150.0
4261,4262,19000000000,Kelapa Gading,Jakarta Utara,5,6,0,312.0,550.0
4262,4263,2470000000,Meruya,Jakarta Barat,4,4,1,125.0,168.0
4263,4264,3850000000,Meruya,Jakarta Barat,4,4,2,126.0,177.0
4264,4265,2000000000,Meruya,Jakarta Barat,3,3,1,100.0,120.0
4265,4266,5500000000,Daan Mogot,Jakarta Barat,7,5,2,200.0,580.0
4266,4267,10500000000,Pantai Indah Kapuk,Jakarta Utara,3,3,3,201.0,445.0
4267,4268,2300000000,Meruya,Jakarta Barat,3,3,2,125.0,155.0
4268,4269,13700000000,Tebet,Jakarta Selatan,4,4,2,528.0,350.0
4269,4270,2400000000,Meruya,Jakarta Barat,3,3,2,125.0,140.0
4270,4271,2500000000,Green Lake City,Jakarta Barat,4,4,2,90.0,90.0
4271,4272,2500000000,Meruya,Jakarta Barat,3,2,2,125.0,140.0
4272,4273,3750000000,Green Lake City,Jakarta Barat,4,4,2,120.0,172.0
4273,4274,2250000000,Meruya,Jakarta Barat,3,2,2,125.0,145.0
4274,4275,4000000000,Metland Puri,Jakarta Barat,4,3,2,127.0,198.0
4275,4276,1720000000,Meruya,Jakarta Barat,4,4,2,82.0,120.0
4276,4277,2400000000,Green Lake City,Jakarta Barat,4,3,1,60.0,90.0
4277,4278,2500000000,Puri Indah,Jakarta Barat,5,4,1,125.0,120.0
4278,4279,3000000000,Metland Puri,Jakarta Barat,4,3,2,82.0,198.0
4279,4280,2500000000,Meruya,Jakarta Barat,4,3,2,125.0,150.0
4280,4281,2100000000,Green Lake City,Jakarta Barat,4,4,1,90.0,110.0
4281,4282,4000000000,Metland Puri,Jakarta Barat,4,5,1,135.0,130.0
4282,4283,2400000000,Meruya,Jakarta Barat,3,3,2,120.0,160.0
4283,4284,1890000000,Metland Puri,Jakarta Barat,3,3,1,64.0,100.0
4284,4285,2100000000,Meruya,Jakarta Barat,4,2,1,100.0,125.0
4285,4286,1990000000,Metland Puri,Jakarta Barat,3,3,2,74.0,100.0
4286,4287,950000000,Kalideres,Jakarta Barat,2,2,1,60.0,55.0
4287,4288,4600000000,Meruya,Jakarta Barat,6,4,1,250.0,290.0
4288,4289,2650000000,Metland Puri,Jakarta Barat,3,4,2,100.0,140.0
4289,4290,4500000000,Kayu Putih,Jakarta Timur,3,3,3,205.0,136.0
4290,4291,2550000000,Meruya,Jakarta Barat,3,3,2,125.0,120.0
4291,4292,2650000000,Metland Puri,Jakarta Barat,4,3,2,100.0,150.0
4292,4293,2850000000,Meruya,Jakarta Barat,3,3,1,132.0,150.0
4293,4294,2900000000,Metland Puri,Jakarta Barat,3,3,1,105.0,150.0
4294,4295,2850000000,Villa Meruya,Jakarta Barat,3,4,2,125.0,168.0
4295,4296,3500000000,Kembangan,Jakarta Barat,3,3,2,120.0,200.0
4296,4297,4900000000,Golf Island,Jakarta Utara,3,4,2,120.0,163.0
4297,4298,3500000000,Metland Puri,Jakarta Barat,4,4,2,120.0,139.0
4298,4299,1700000000,Duri Kepa,Jakarta Barat,3,2,1,51.0,100.0
4299,4300,1650000000,Metland Puri,Jakarta Barat,2,2,1,55.0,63.0
4300,4301,8000000000,Tomang,Jakarta Barat,9,5,6,347.0,450.0
4301,4302,165000000000,Kebayoran Baru,Jakarta Selatan,6,6,6,1090.0,800.0
4302,4303,12500000000,Gunung Sahari,Jakarta Pusat,5,3,3,446.0,500.0
4303,4304,2550000000,Pademangan,Jakarta Utara,4,1,0,173.0,300.0
4304,4305,12000000000,Duren Sawit,Jakarta Timur,4,4,2,410.0,400.0
4305,4306,3990000000,Utan Kayu,Jakarta Timur,5,5,2,389.0,360.0
4306,4307,25000000000,Pondok Indah,Jakarta Selatan,5,5,2,489.0,640.0
4307,4308,9970000000,Permata Buana,Jakarta Barat,6,5,0,144.0,460.0
4308,4309,7000000000,Cipete,Jakarta Selatan,4,2,1,250.0,350.0
4309,4310,55000000000,Senayan,Jakarta Selatan,7,4,2,435.0,1200.0
4310,4311,6750000000,Tebet,Jakarta Selatan,3,3,1,280.0,400.0
4311,4312,2900000000,Lebak Bulus,Jakarta Selatan,3,3,1,84.0,125.0
4312,4313,2000000000,Cipinang,Jakarta Timur,4,4,2,92.0,120.0
4313,4314,1100000000,Pondok Kelapa,Jakarta Timur,3,2,2,61.0,80.0
4314,4315,2000000000,Pondok Bambu,Jakarta Timur,4,4,2,92.0,120.0
4315,4316,3700000000,Sunrise Garden,Jakarta Barat,4,3,0,105.0,190.0
4316,4317,5250000000,Puri Indah,Jakarta Barat,4,2,0,151.0,170.0
4317,4318,4800000000,Permata Buana,Jakarta Barat,3,2,0,144.0,185.0
4318,4319,2950000000,Taman Ratu,Jakarta Barat,4,3,2,108.0,195.0
4319,4320,1950000000,Green Lake City,Jakarta Barat,3,2,2,90.0,132.0
4320,4321,3200000000,Meruya,Jakarta Barat,3,2,2,119.0,150.0
4321,4322,3900000000,Green garden,Jakarta Barat,4,3,0,144.0,200.0
4322,4323,6900000000,Puri Indah,Jakarta Barat,3,3,2,253.0,256.0
4323,4324,2600000000,Kav DKI,Jakarta Barat,3,3,0,112.0,160.0
4324,4325,3800000000,Green Lake City,Jakarta Barat,3,3,1,135.0,144.0
4325,4326,6800000000,Puri Indah,Jakarta Barat,3,3,1,200.0,350.0
4326,4327,5000000000,Green Lake City,Jakarta Barat,4,4,2,144.0,250.0
4327,4328,4800000000,Puri Indah,Jakarta Barat,3,2,0,160.0,120.0
4328,4329,4500000000,Sunrise Garden,Jakarta Barat,4,3,2,120.0,180.0
4329,4330,4800000000,Permata Buana,Jakarta Barat,3,2,1,144.0,150.0
4330,4331,1350000000,Green Lake City,Jakarta Barat,2,2,1,48.0,64.0
4331,4332,3100000000,Semanan,Jakarta Barat,5,4,2,161.0,179.0
4332,4333,2950000000,Duri Kepa,Jakarta Barat,4,3,1,95.0,165.0
4333,4334,7000000000,Metland Puri,Jakarta Barat,2,3,2,144.0,180.0
4334,4335,7500000000,Puri Indah,Jakarta Barat,4,4,1,255.0,350.0
4335,4336,4300000000,Permata Buana,Jakarta Barat,4,2,2,144.0,180.0
4336,4337,2900000000,Intercon,Jakarta Barat,2,1,1,117.0,100.0
4337,4338,6500000000,Permata Buana,Jakarta Barat,4,3,2,200.0,400.0
4338,4339,2600000000,Metland Puri,Jakarta Barat,3,2,2,102.0,120.0
4339,4340,2950000000,Joglo,Jakarta Barat,3,3,2,100.0,180.0
4340,4341,2150000000,Kav DKI,Jakarta Barat,3,3,1,100.0,135.0
4341,4342,4350000000,Duri Kepa,Jakarta Barat,4,4,1,126.0,380.0
4342,4343,8500000000,Permata Buana,Jakarta Barat,4,4,2,266.0,226.0
4343,4344,2600000000,Puri Media,Jakarta Barat,3,2,1,90.0,105.0
4344,4345,3900000000,Meruya,Jakarta Barat,25,10,1,90.0,225.0
4345,4346,1680000000,Taman Ratu,Jakarta Barat,4,3,1,59.0,135.0
4346,4347,4100000000,Green Lake City,Jakarta Barat,3,2,1,120.0,160.0
4347,4348,3300000000,Puri Indah,Jakarta Barat,3,3,2,120.0,175.0
4348,4349,3900000000,Meruya,Jakarta Barat,5,4,1,141.0,212.0
4349,4350,5500000000,Permata Buana,Jakarta Barat,4,3,2,180.0,250.0
4350,4351,2500000000,Meruya,Jakarta Barat,3,3,1,125.0,130.0
4351,4352,5150000000,Puri Indah,Jakarta Barat,4,2,1,200.0,250.0
4352,4353,2950000000,Taman Ratu,Jakarta Barat,3,2,2,119.0,150.0
4353,4354,4350000000,Tanjung Duren,Jakarta Barat,4,3,2,152.0,336.0
4354,4355,5650000000,Intercon,Jakarta Barat,4,3,0,162.0,330.0
4355,4356,3250000000,Meruya,Jakarta Barat,5,3,0,90.0,150.0
4356,4357,5200000000,Permata Buana,Jakarta Barat,3,3,2,160.0,200.0
4357,4358,4300000000,Permata Buana,Jakarta Barat,3,2,1,144.0,150.0
4358,4359,8500000000,Srengseng,Jakarta Barat,4,3,2,267.0,336.0
4359,4360,5000000000,Green garden,Jakarta Barat,4,3,2,210.0,285.0
4360,4361,4250000000,Meruya,Jakarta Barat,4,2,1,150.0,180.0
4361,4362,7450000000,Permata Buana,Jakarta Barat,3,3,1,144.0,345.0
4362,4363,8500000000,Kebon Jeruk,Jakarta Barat,4,3,2,267.0,336.0
4363,4364,4700000000,Metland Puri,Jakarta Barat,3,3,1,144.0,165.0
4364,4365,2990000000,Duri Kepa,Jakarta Barat,3,2,2,114.0,200.0
4365,4366,3350000000,Green Lake City,Jakarta Barat,4,3,1,108.0,165.0
4366,4367,6500000000,Puri Indah,Jakarta Barat,4,3,1,180.0,270.0
4367,4368,2150000000,Kav DKI,Jakarta Barat,3,3,1,100.0,135.0
4368,4369,2480000000,Meruya,Jakarta Barat,3,3,1,125.0,168.0
4369,4370,2650000000,Metland Puri,Jakarta Barat,4,3,1,100.0,160.0
4370,4371,6000000000,Cipete,Jakarta Selatan,3,1,0,264.0,200.0
4371,4372,7900000000,Kemang,Jakarta Selatan,4,3,4,404.0,200.0
4372,4373,4350000000,Pejaten,Jakarta Selatan,4,3,2,128.0,155.0
4373,4374,6000000000,Lebak Bulus,Jakarta Selatan,4,4,3,250.0,300.0
4374,4375,10500000000,Pondok Indah,Jakarta Selatan,5,4,2,267.0,208.0
4375,4376,4800000000,Pondok Pinang,Jakarta Selatan,3,3,1,116.0,150.0
4376,4377,2000000000,Pulogebang,Jakarta Timur,6,6,2,230.0,220.0
4377,4378,1800000000,Pulogebang,Jakarta Timur,4,2,2,190.0,100.0
4378,4379,21000000000,Bangka,Jakarta Selatan,6,6,10,864.0,422.0
4379,4380,5800000000,Pejaten,Jakarta Selatan,5,5,1,185.0,250.0
4380,4381,6450000000,Lebak Bulus,Jakarta Selatan,3,2,0,406.0,246.0
4381,4382,32000000000,Pondok Indah,Jakarta Selatan,6,3,6,660.0,600.0
4382,4383,3200000000,Penggilingan,Jakarta Timur,4,3,2,220.0,350.0
4383,4384,1700000000,Penggilingan,Jakarta Timur,3,3,1,90.0,180.0
4384,4385,10500000000,Pejaten,Jakarta Selatan,8,8,2,700.0,292.0
4385,4386,1600000000,Duri Kosambi,Jakarta Barat,4,2,1,99.0,96.0
4386,4387,1300000000,Lebak Bulus,Jakarta Selatan,2,1,1,72.0,50.0
4387,4388,23000000000,SCBD,Jakarta Selatan,5,5,2,408.0,550.0
4388,4389,3800000000,Lebak Bulus,Jakarta Selatan,4,4,2,112.0,140.0
4389,4390,29000000000,Kemang,Jakarta Selatan,8,8,4,1150.0,800.0
4390,4391,8000000000,Cawang,Jakarta Timur,3,3,1,295.0,185.0
4391,4392,43000000000,Pondok Indah,Jakarta Selatan,5,4,4,1225.0,1800.0
4392,4393,5250000000,Kelapa Gading,Jakarta Utara,5,4,1,120.0,350.0
4393,4394,5500000000,Cipayung,Jakarta Timur,6,4,2,568.0,300.0
4394,4395,850000000,Jagakarsa,Jakarta Selatan,3,2,0,38.0,80.0
4395,4396,12000000000,Citra Garden,Jakarta Barat,4,3,2,320.0,283.0
4396,4397,900000000,Cilandak,Jakarta Selatan,2,2,1,32.0,64.0
4397,4398,880000000,Jagakarsa,Jakarta Selatan,2,2,0,44.0,80.0
4398,4399,1150000000,Jagakarsa,Jakarta Selatan,4,3,0,65.0,120.0
4399,4400,44000000000,Kuningan,Jakarta Selatan,4,4,2,532.0,325.0
4400,4401,15800000000,Mampang Prapatan,Jakarta Selatan,4,4,3,704.0,950.0
4401,4402,12700000000,Sunter,Jakarta Utara,6,3,0,306.0,380.0
4402,4403,42000000000,Pondok Indah,Jakarta Selatan,5,4,6,914.0,700.0
4403,4404,29000000000,Kebayoran Baru,Jakarta Selatan,9,4,9,469.0,301.0
4404,4405,1450000000,Kelapa Gading,Jakarta Utara,3,2,1,57.0,90.0
4405,4406,3350000000,Kelapa Gading,Jakarta Utara,4,4,2,102.0,120.0
4406,4407,1500000000,Duren Sawit,Jakarta Timur,4,3,0,90.0,120.0
4407,4408,2950000000,Kelapa Gading,Jakarta Utara,4,3,2,144.0,120.0
4408,4409,6000000000,Kelapa Gading,Jakarta Utara,4,3,0,217.0,270.0
4409,4410,7500000000,Rawamangun,Jakarta Timur,6,5,2,325.0,400.0
4410,4411,3600000000,Kelapa Gading,Jakarta Utara,4,3,0,160.0,120.0
4411,4412,2000000000,Kota Wisata,Jakarta Timur,3,3,1,180.0,200.0
4412,4413,2250000000,Kayu Putih,Jakarta Timur,3,2,1,88.0,88.0
4413,4414,2000000000,Cempaka Putih,Jakarta Pusat,3,3,1,63.0,126.0
4414,4415,2400000000,Cipinang,Jakarta Timur,10,2,2,165.0,194.0
4415,4416,1800000000,Kelapa Gading,Jakarta Utara,3,2,1,90.0,96.0
4416,4417,3600000000,Cempaka Putih,Jakarta Pusat,4,3,0,145.0,200.0
4417,4418,2300000000,Cipinang,Jakarta Timur,3,3,1,132.0,270.0
4418,4419,4850000000,Sunter,Jakarta Utara,4,5,2,154.0,290.0
4419,4420,4500000000,Duren Sawit,Jakarta Timur,3,4,2,195.0,240.0
4420,4421,3500000000,Kelapa Gading,Jakarta Utara,3,3,1,102.0,250.0
4421,4422,4900000000,Cilandak,Jakarta Selatan,4,4,2,200.0,260.0
4422,4423,7250000000,Cipete,Jakarta Selatan,4,2,1,330.0,490.0
4423,4424,26000000000,Permata Hijau,Jakarta Selatan,4,5,5,770.0,621.0
4424,4425,62500000000,Kebayoran Baru,Jakarta Selatan,6,5,0,1017.0,452.0
4425,4426,28000000000,Radio Dalam,Jakarta Selatan,5,3,0,792.0,470.0
4426,4427,3500000000,Radio Dalam,Jakarta Selatan,4,3,0,100.0,220.0
4427,4428,25000000000,Prapanca,Jakarta Selatan,5,2,0,377.0,200.0
4428,4429,55000000000,Jatinegara,Jakarta Timur,4,2,0,2200.0,400.0
4429,4430,12500000000,Lebak Bulus,Jakarta Selatan,4,4,0,447.0,443.0
4430,4431,32000000000,Kebayoran Baru,Jakarta Selatan,4,4,0,500.0,450.0
4431,4432,37000000000,Kebayoran Baru,Jakarta Selatan,4,9,0,325.0,600.0
4432,4433,4000000000,Kalibata,Jakarta Selatan,5,2,0,180.0,180.0
4433,4434,8500000000,Cipete,Jakarta Selatan,4,4,0,303.0,268.0
4434,4435,10700000000,Ragunan,Jakarta Selatan,4,4,0,471.0,400.0
4435,4436,337000000000,Lenteng Agung,Jakarta Selatan,30,20,8,16057.0,3000.0
4436,4437,17000000000,Kemang,Jakarta Selatan,8,6,1,454.0,350.0
4437,4438,6500000000,Kebayoran Baru,Jakarta Selatan,5,2,0,248.0,300.0
4438,4439,35000000000,Kebayoran Lama,Jakarta Selatan,6,4,0,536.0,800.0
4439,4440,11000000000,Pejompongan,Jakarta Pusat,16,8,0,379.0,458.0
4440,4441,6000000000,Setiabudi,Jakarta Selatan,4,1,0,359.0,250.0
4441,4442,5000000000,Lebak Bulus,Jakarta Selatan,4,3,0,240.0,147.0
4442,4443,8000000000,Cipete,Jakarta Selatan,3,3,0,216.0,375.0
4443,4444,90000000000,Menteng,Jakarta Pusat,5,5,0,980.0,550.0
4444,4445,4880000000,Kemang,Jakarta Selatan,4,4,0,185.0,316.0
4445,4446,26000000000,Mampang,Jakarta Selatan,5,5,0,635.0,1300.0
4446,4447,16500000000,Karet,Jakarta Selatan,8,3,0,550.0,800.0
4447,4448,8750000000,Radio Dalam,Jakarta Selatan,5,5,0,460.0,800.0
4448,4449,34000000000,Kebayoran Baru,Jakarta Selatan,5,6,0,680.0,600.0
4449,4450,190000000000,Pondok Indah,Jakarta Selatan,6,6,0,1620.0,1250.0
4450,4451,14000000000,Kebayoran Baru,Jakarta Selatan,4,3,0,563.0,320.0
4451,4452,4000000000,Pejaten,Jakarta Selatan,5,3,0,235.0,300.0
4452,4453,19000000000,Pejaten,Jakarta Selatan,4,4,4,909.0,320.0
4453,4454,2500000000,Cilandak,Jakarta Selatan,3,3,0,60.0,110.0
4454,4455,10500000000,Cipete,Jakarta Selatan,4,4,0,400.0,500.0
4455,4456,15500000000,Cilandak,Jakarta Selatan,4,3,0,515.0,400.0
4456,4457,5900000000,Tanjung Barat,Jakarta Selatan,4,5,0,294.0,400.0
4457,4458,4300000000,Jagakarsa,Jakarta Selatan,4,5,0,130.0,220.0
4458,4459,17500000000,Kebayoran Baru,Jakarta Selatan,5,3,0,362.0,310.0
4459,4460,12500000000,Kemang,Jakarta Selatan,5,5,0,320.0,550.0
4460,4461,29000000000,Kebayoran Baru,Jakarta Selatan,9,4,0,469.0,301.0
4461,4462,6200000000,Pantai Mutiara,Jakarta Utara,3,3,2,129.0,250.0
4462,4463,29000000000,Kebayoran Baru,Jakarta Selatan,5,6,3,372.0,700.0
4463,4464,5100000000,Rawamangun,Jakarta Timur,3,2,2,249.0,240.0
4464,4465,1450000000,Green Lake City,Jakarta Barat,2,2,1,60.0,84.0
4465,4466,2800000000,Kelapa Gading,Jakarta Utara,3,1,1,102.0,120.0
4466,4467,5000000000,Kelapa Gading,Jakarta Utara,4,2,2,160.0,220.0
4467,4468,5300000000,Kelapa Gading,Jakarta Utara,3,3,1,200.0,130.0
4468,4469,4600000000,Pondok Kelapa,Jakarta Timur,5,5,3,216.0,290.0
4469,4470,3700000000,Rawamangun,Jakarta Timur,3,3,0,149.0,200.0
4470,4471,4500000000,Kelapa Gading,Jakarta Utara,4,3,0,187.0,350.0
4471,4472,2550000000,Kelapa Gading,Jakarta Utara,3,2,0,114.0,228.0
4472,4473,3350000000,Kelapa Gading,Jakarta Utara,4,3,1,108.0,200.0
4473,4474,8500000000,Permata Buana,Jakarta Barat,4,3,0,230.0,450.0
4474,4475,8000000000,Kebon Jeruk,Jakarta Barat,5,5,0,215.0,550.0
4475,4476,4500000000,Metland Puri,Jakarta Barat,3,3,2,120.0,131.0
4476,4477,5500000000,Kalibata,Jakarta Selatan,6,3,2,275.0,200.0
4477,4478,60000000000,Sunter,Jakarta Utara,6,7,10,2078.0,1522.0
4478,4479,8500000000,Pantai Indah Kapuk,Jakarta Utara,3,3,2,136.0,320.0
4479,4480,6500000000,Muara Karang,Jakarta Utara,3,3,2,150.0,350.0
4480,4481,9000000000,Pantai Indah Kapuk,Jakarta Utara,6,4,2,200.0,440.0
4481,4482,5500000000,Metland Puri,Jakarta Barat,3,4,2,144.0,235.0
4482,4483,1850000000,Sunter,Jakarta Utara,2,1,1,90.0,90.0
4483,4484,2400000000,Pesanggrahan,Jakarta Selatan,6,4,1,200.0,175.0
4484,4485,5500000000,Tomang,Jakarta Barat,4,4,3,170.0,300.0
4485,4486,1650000000,Green Lake City,Jakarta Barat,2,1,1,64.0,80.0
4486,4487,2300000000,Citra Garden,Jakarta Barat,3,2,2,150.0,120.0
4487,4488,3250000000,Green Lake City,Jakarta Barat,4,2,2,108.0,190.0
4488,4489,3500000000,Tomang,Jakarta Barat,3,3,1,90.0,195.0
4489,4490,3500000000,Green Lake City,Jakarta Barat,4,3,2,108.0,140.0
4490,4491,10000000000,Puri Indah,Jakarta Barat,5,5,1,225.0,500.0
4491,4492,8000000000,Kebon Jeruk,Jakarta Barat,5,5,0,215.0,550.0
4492,4493,4500000000,Metland Puri,Jakarta Barat,3,3,2,120.0,131.0
4493,4494,60000000000,Sunter,Jakarta Utara,6,7,10,2078.0,1522.0
4494,4495,2650000000,Green Lake City,Jakarta Barat,3,3,2,90.0,120.0
4495,4496,6500000000,Muara Karang,Jakarta Utara,3,3,2,150.0,350.0
4496,4497,8500000000,Pantai Indah Kapuk,Jakarta Utara,3,3,2,136.0,320.0
4497,4498,2750000000,Green Lake City,Jakarta Barat,2,2,2,96.0,100.0
4498,4499,5500000000,Metland Puri,Jakarta Barat,3,4,2,144.0,235.0
4499,4500,8750000000,Rawamangun,Jakarta Timur,5,3,2,375.0,500.0
4500,4501,1200000000,Rawamangun,Jakarta Timur,2,1,1,84.0,60.0
4501,4502,1550000000,Kota Wisata,Jakarta Timur,4,3,2,72.0,97.0
4502,4503,2500000000,Jakarta Garden City,Jakarta Timur,1,4,1,120.0,125.0
4503,4504,7500000000,Permata Buana,Jakarta Barat,5,3,2,200.0,300.0
4504,4505,5600000000,Sunrise Garden,Jakarta Barat,4,3,1,238.0,350.0
4505,4506,700000000,Kota,Jakarta Barat,3,1,0,23.0,46.0
4506,4507,1400000000,Johar Baru,Jakarta Pusat,4,3,0,50.0,150.0
4507,4508,2300000000,Pondok Bambu,Jakarta Timur,3,3,2,93.0,140.0
4508,4509,8000000000,Pondok Bambu,Jakarta Timur,5,5,4,573.0,300.0
4509,4510,2900000000,Bintaro,Jakarta Selatan,4,2,1,182.0,220.0
4510,4511,3500000000,Bintaro,Jakarta Selatan,3,3,2,215.0,230.0
4511,4512,7660000000,Kemang,Jakarta Selatan,4,4,2,150.0,300.0
4512,4513,3300000000,Kebon Jeruk,Jakarta Barat,5,4,1,137.0,250.0
4513,4514,15000000000,Kemang,Jakarta Selatan,7,6,5,848.0,716.0
4514,4515,12000000000,Sawah Besar,Jakarta Pusat,25,25,3,260.0,800.0
4515,4516,12000000000,Percetakan Negara,Jakarta Pusat,3,2,2,470.0,172.0
4516,4517,13000000000,Kalibata,Jakarta Selatan,5,4,1,759.0,700.0
4517,4518,65000000000,Pondok Indah,Jakarta Selatan,5,6,0,650.0,900.0
4518,4519,16000000000,Pantai Mutiara,Jakarta Utara,4,3,0,540.0,1080.0
4519,4520,4300000000,Bendungan Hilir,Jakarta Pusat,2,2,1,123.0,71.0
4520,4521,2300000000,Joglo,Jakarta Barat,3,1,2,144.0,90.0
4521,4522,12500000000,Jagakarsa,Jakarta Selatan,5,4,10,750.0,520.0
4522,4523,2200000000,Raffles Hills,Jakarta Timur,3,3,2,120.0,175.0
4523,4524,8500000000,Kelapa Gading,Jakarta Utara,5,4,2,187.0,340.0
4524,4525,5000000000,Kelapa Gading,Jakarta Utara,4,3,3,221.0,230.0
4525,4526,2800000000,Johar Baru,Jakarta Pusat,5,4,0,90.0,270.0
4526,4527,2100000000,Rawamangun,Jakarta Timur,4,3,0,141.0,168.0
4527,4528,6500000000,Cempaka Putih,Jakarta Pusat,10,4,0,290.0,150.0
4528,4529,6900000000,Kelapa Gading,Jakarta Utara,3,2,0,180.0,300.0
4529,4530,2750000000,Johar Baru,Jakarta Pusat,10,8,0,137.0,250.0
4530,4531,2000000000,Utan Kayu,Jakarta Timur,3,3,0,180.0,200.0
4531,4532,2300000000,Percetakan Negara,Jakarta Pusat,3,2,0,120.0,120.0
4532,4533,2170000000,Cempaka Putih,Jakarta Pusat,3,3,0,64.0,101.0
4533,4534,4100000000,Rawamangun,Jakarta Timur,4,2,0,233.0,135.0
4534,4535,2900000000,Cipinang,Jakarta Timur,5,5,0,75.0,260.0
4535,4536,9000000000,Rawamangun,Jakarta Timur,6,5,0,388.0,300.0
4536,4537,8000000000,Sawah Besar,Jakarta Pusat,3,2,0,300.0,315.0
4537,4538,2500000000,Utan Kayu,Jakarta Timur,5,3,0,100.0,165.0
4538,4539,3500000000,Cipinang,Jakarta Timur,5,5,0,75.0,260.0
4539,4540,6500000000,Rawamangun,Jakarta Timur,5,5,0,190.0,250.0
4540,4541,5500000000,Rawamangun,Jakarta Timur,4,7,0,295.0,300.0
4541,4542,8300000000,Kampung Ambon,Jakarta Timur,1,1,0,396.0,250.0
4542,4543,2500000000,Kemayoran,Jakarta Pusat,4,4,0,75.0,150.0
4543,4544,2900000000,Cakung,Jakarta Timur,3,3,0,160.0,300.0
4544,4545,7800000000,Kelapa Gading,Jakarta Utara,5,4,0,404.0,600.0
4545,4546,3500000000,Cempaka Putih,Jakarta Pusat,5,3,0,241.0,350.0
4546,4547,3900000000,Klender,Jakarta Timur,5,5,0,160.0,300.0
4547,4548,10000000000,Rawamangun,Jakarta Timur,6,3,0,320.0,280.0
4548,4549,2950000000,Sumur Batu,Jakarta Pusat,4,1,0,130.0,100.0
4549,4550,14800000000,Mangga Besar,Jakarta Barat,32,32,0,181.0,675.0
4550,4551,5750000000,Cipinang,Jakarta Timur,3,4,0,266.0,200.0
4551,4552,2400000000,Bungur,Jakarta Pusat,3,2,0,158.0,100.0
4552,4553,7460000000,Kemang,Jakarta Selatan,4,4,0,150.0,300.0
4553,4554,1250000000,Johar Baru,Jakarta Pusat,3,2,0,58.0,79.0
4554,4555,3700000000,Rawamangun,Jakarta Timur,3,3,0,149.0,200.0
4555,4556,9000000000,Cipinang,Jakarta Timur,10,5,0,460.0,600.0
4556,4557,9250000000,Cempaka Putih,Jakarta Pusat,6,4,0,506.0,291.0
4557,4558,1340000000,Utan Kayu,Jakarta Timur,3,3,0,39.0,107.0
4558,4559,4000000000,Kelapa Gading,Jakarta Utara,4,3,1,160.0,300.0
4559,4560,2410000000,Cibubur,Jakarta Timur,4,3,2,171.0,230.0
4560,4561,3400000000,Cilandak,Jakarta Selatan,3,4,2,88.0,158.0
4561,4562,9500000000,Tebet,Jakarta Selatan,4,3,2,335.0,250.0
4562,4563,45000000000,Pondok Indah,Jakarta Selatan,5,4,6,914.0,700.0
4563,4564,2500000000,Fatmawati,Jakarta Selatan,3,4,2,128.0,185.0
4564,4565,2500000000,Pasar Minggu,Jakarta Selatan,3,4,2,128.0,185.0
4565,4566,2500000000,Cilandak,Jakarta Selatan,4,3,2,128.0,185.0
4566,4567,2500000000,Jagakarsa,Jakarta Selatan,3,4,2,128.0,185.0
4567,4568,2500000000,Lebak Bulus,Jakarta Selatan,3,4,2,128.0,185.0
4568,4569,2500000000,Fatmawati,Jakarta Selatan,3,4,2,128.0,185.0
4569,4570,15000000000,Cideng,Jakarta Pusat,5,4,0,400.0,580.0
4570,4571,2600000000,Cipinang,Jakarta Timur,3,3,0,181.0,170.0
4571,4572,6750000000,Cempaka Putih,Jakarta Pusat,9,6,0,305.0,400.0
4572,4573,2750000000,Cipayung,Jakarta Timur,4,4,0,136.0,180.0
4573,4574,2150000000,Bungur,Jakarta Pusat,3,2,0,158.0,100.0
4574,4575,4700000000,Rawamangun,Jakarta Timur,4,2,0,196.0,167.0
4575,4576,2750000000,Cempaka Putih,Jakarta Pusat,4,2,0,165.0,150.0
4576,4577,3500000000,Kramat,Jakarta Pusat,6,3,0,225.0,227.0
4577,4578,32000000000,Gandaria,Jakarta Selatan,5,5,2,917.0,1000.0
4578,4579,1670000000,Kelapa Gading,Jakarta Utara,3,2,1,90.0,150.0
4579,4580,1750000000,Kelapa Gading,Jakarta Utara,3,1,1,90.0,120.0
4580,4581,1750000000,Kelapa Gading,Jakarta Utara,2,2,1,75.0,100.0
4581,4582,1700000000,Kelapa Gading,Jakarta Utara,3,2,1,72.0,100.0
4582,4583,1750000000,Cilincing,Jakarta Utara,2,2,1,67.0,90.0
4583,4584,1650000000,Kelapa Gading,Jakarta Utara,3,2,1,105.0,120.0
4584,4585,1720000000,Sunter,Jakarta Utara,2,1,0,96.0,70.0
4585,4586,3850000000,Bintaro,Jakarta Selatan,4,2,1,270.0,160.0
4586,4587,1650000000,Bambu Apus,Jakarta Timur,4,4,2,74.0,112.0
4587,4588,2750000000,Kelapa Gading,Jakarta Utara,4,3,1,120.0,180.0
4588,4589,2200000000,Citra Garden,Jakarta Barat,4,2,1,90.0,144.0
4589,4590,16000000000,Sektor 1 - Bintaro,Jakarta Selatan,8,5,7,500.0,263.0
4590,4591,3900000000,Tanjung Barat,Jakarta Selatan,3,3,4,245.0,228.0
4591,4592,1600000000,Pegangsaan,Jakarta Utara,2,1,1,96.0,60.0
4592,4593,25000000000,Tebet,Jakarta Selatan,12,3,0,777.0,920.0
4593,4594,7980000000,Permata Buana,Jakarta Barat,4,4,2,130.0,275.0
4594,4595,3500000000,Cakung,Jakarta Timur,4,3,2,144.0,144.0
4595,4596,3300000000,Tebet,Jakarta Selatan,5,4,1,88.0,230.0
4596,4597,2750000000,Johar Baru,Jakarta Pusat,1,2,0,120.0,240.0
4597,4598,2750000000,Johar Baru,Jakarta Pusat,10,8,0,137.0,250.0
4598,4599,2500000000,Johar Baru,Jakarta Pusat,6,3,0,96.0,250.0
4599,4600,1240000000,Johar Baru,Jakarta Pusat,3,2,0,58.0,79.0
4600,4601,1150000000,Johar Baru,Jakarta Pusat,3,4,0,62.0,100.0
4601,4602,1990000000,Johar Baru,Jakarta Pusat,3,2,0,69.0,120.0
4602,4603,2600000000,Duren Sawit,Jakarta Timur,4,3,1,105.0,180.0
4603,4604,12500000000,Cempaka Putih,Jakarta Pusat,7,4,1,464.0,389.0
4604,4605,17000000000,Duren Sawit,Jakarta Timur,8,6,8,961.0,750.0
4605,4606,5950000000,Kelapa Gading,Jakarta Utara,6,5,2,210.0,260.0
4606,4607,3500000000,Cengkareng Barat,Jakarta Barat,8,6,2,133.0,221.0
4607,4608,4250000000,Cempaka Putih,Jakarta Pusat,11,10,2,215.0,352.0
4608,4609,1100000000,Kelapa Gading,Jakarta Utara,3,1,1,98.0,110.0
4609,4610,8000000000,Pulomas,Jakarta Timur,4,4,1,416.0,320.0
4610,4611,1600000000,Kelapa Gading,Jakarta Utara,1,1,0,120.0,80.0
4611,4612,11000000000,Pantai Indah Kapuk,Jakarta Utara,4,3,0,234.0,234.0
4612,4613,5850000000,Pulo Gadung,Jakarta Timur,3,0,0,145.0,450.0
4613,4614,60000000000,Pantai Indah Kapuk,Jakarta Utara,4,0,0,600.0,1300.0
4614,4615,17000000000,Pantai Mutiara,Jakarta Utara,5,6,0,529.0,874.0
4615,4616,5800000000,Muara Karang,Jakarta Utara,3,2,0,160.0,220.0
4616,4617,3450000000,Kota Wisata,Jakarta Timur,5,3,3,215.0,300.0
4617,4618,3500000000,Muara Karang,Jakarta Utara,0,0,0,120.0,240.0
4618,4619,8000000000,Kelapa Gading,Jakarta Utara,5,3,0,233.0,400.0
4619,4620,3200000000,Kota Wisata,Jakarta Timur,4,3,2,161.0,120.0
4620,4621,3200000000,Kota Wisata,Jakarta Timur,4,3,2,161.0,120.0
4621,4622,5850000000,Pulo Gadung,Jakarta Timur,3,3,0,145.0,450.0
4622,4623,3900000000,Kota Wisata,Jakarta Timur,4,3,2,286.0,250.0
4623,4624,8900000000,Muara Karang,Jakarta Utara,4,4,0,360.0,450.0
4624,4625,11000000000,Pantai Mutiara,Jakarta Utara,3,3,0,312.0,456.0
4625,4626,1950000000,Kota Wisata,Jakarta Timur,4,3,2,144.0,210.0
4626,4627,13500000000,Pantai Indah Kapuk,Jakarta Utara,0,0,0,300.0,300.0
4627,4628,4500000000,Kebon Kacang,Jakarta Pusat,10,4,0,75.0,300.0
4628,4629,2700000000,Legenda Wisata,Jakarta Timur,5,4,2,98.0,122.0
4629,4630,3000000000,Cibubur,Jakarta Timur,3,4,1,160.0,130.0
4630,4631,7590000000,Pluit,Jakarta Utara,5,5,0,330.0,500.0
4631,4632,2650000000,Cibubur,Jakarta Timur,4,4,0,120.0,138.0
4632,4633,11500000000,Pantai Indah Kapuk,Jakarta Utara,4,5,2,290.0,600.0
4633,4634,27000000000,Pantai Indah Kapuk,Jakarta Utara,6,5,0,420.0,1200.0
4634,4635,60000000000,Pantai Indah Kapuk,Jakarta Utara,4,0,0,600.0,1300.0
4635,4636,11500000000,Pluit,Jakarta Utara,4,3,0,325.0,325.0
4636,4637,10000000000,Mampang Prapatan,Jakarta Selatan,7,3,3,338.0,284.0
4637,4638,19000000000,Pantai Indah Kapuk,Jakarta Utara,4,4,0,407.0,800.0
4638,4639,39000000000,Tanah Abang,Jakarta Pusat,10,10,10,655.0,655.0
4639,4640,85000000000,Simprug,Jakarta Selatan,6,6,10,1800.0,1000.0
4640,4641,8900000000,Pluit,Jakarta Utara,2,2,1,200.0,200.0
4641,4642,5000000000,Muara Karang,Jakarta Utara,4,3,0,140.0,140.0
4642,4643,35000000000,Ancol,Jakarta Utara,7,9,0,720.0,1728.0
4643,4644,23000000000,Pondok Indah,Jakarta Selatan,4,4,2,430.0,995.0
4644,4645,26000000000,Golf Island,Jakarta Utara,5,0,0,350.0,438.0
4645,4646,64700000000,Menteng,Jakarta Pusat,5,4,0,816.0,700.0
4646,4647,42300000000,Menteng,Jakarta Pusat,4,2,0,689.0,250.0
4647,4648,35700000000,Menteng,Jakarta Pusat,4,2,2,555.0,250.0
4648,4649,7020000000,Blok M,Jakarta Selatan,4,3,2,149.0,183.0
4649,4650,18000000000,Kebon Kacang,Jakarta Pusat,5,2,1,288.0,200.0
4650,4651,3500000000,Kembangan,Jakarta Barat,3,2,2,144.0,200.0
4651,4652,1950000000,Duren Sawit,Jakarta Timur,4,2,1,70.0,105.0
4652,4653,5500000000,Kembangan,Jakarta Barat,4,3,2,252.0,300.0
4653,4654,5800000000,Kebayoran Lama,Jakarta Selatan,7,5,5,320.0,220.0
4654,4655,3400000000,Green Lake City,Jakarta Barat,3,3,1,144.0,228.0
4655,4656,3400000000,Metland Puri,Jakarta Barat,3,3,1,120.0,139.0
4656,4657,7500000000,Citra Garden,Jakarta Barat,5,4,1,240.0,300.0
4657,4658,6300000000,Guntur,Jakarta Selatan,2,1,2,180.0,135.0
4658,4659,4800000000,Condet,Jakarta Timur,3,2,4,400.0,100.0
4659,4660,8500000000,Cempaka Putih,Jakarta Pusat,5,5,1,183.0,427.0
4660,4661,8500000000,Cempaka Putih,Jakarta Pusat,6,4,2,380.0,420.0
4661,4662,825000000,Kalideres,Jakarta Barat,2,2,1,64.0,96.0
4662,4663,2100000000,Taman Ratu,Jakarta Barat,4,3,0,132.0,159.0
4663,4664,17800000000,Pasar Minggu,Jakarta Selatan,5,3,10,923.0,300.0
4664,4665,16700000000,Pondok Indah,Jakarta Selatan,3,3,2,300.0,480.0
4665,4666,22500000000,Kebayoran Baru,Jakarta Selatan,3,4,2,218.0,500.0
4666,4667,25000000000,Cipete,Jakarta Selatan,7,5,0,1300.0,500.0
4667,4668,13900000000,Jatiwaringin,Jakarta Timur,5,4,3,750.0,350.0
4668,4669,42000000000,Kebayoran Baru,Jakarta Selatan,4,3,0,517.0,500.0
4669,4670,175000000000,Kemang,Jakarta Selatan,10,10,0,9915.0,3000.0
4670,4671,24000000000,Kebayoran Baru,Jakarta Selatan,8,4,5,336.0,485.0
4671,4672,6250000000,Pondok Indah,Jakarta Selatan,3,1,1,198.0,100.0
4672,4673,80000000000,Kebayoran Baru,Jakarta Selatan,4,4,6,700.0,800.0
4673,4674,1900000000,Tanjung Duren Selatan,Jakarta Barat,1,1,1,83.0,60.0
4674,4675,120000000000,Kebayoran Baru,Jakarta Selatan,7,5,0,885.0,1000.0
4675,4676,75000000000,Kebayoran Baru,Jakarta Selatan,7,5,5,1012.0,540.0
4676,4677,7000000000,Pondok Indah,Jakarta Selatan,4,3,1,200.0,139.0
4677,4678,9500000000,Lebak Bulus,Jakarta Selatan,5,5,2,273.0,300.0
4678,4679,12700000000,Pondok Indah,Jakarta Selatan,2,1,1,300.0,150.0
4679,4680,26000000000,Kebayoran Baru,Jakarta Selatan,4,4,2,210.0,420.0
4680,4681,25000000000,Kebayoran Baru,Jakarta Selatan,3,2,1,480.0,380.0
4681,4682,23500000000,SCBD,Jakarta Selatan,4,3,2,408.0,300.0
4682,4683,17500000000,Cilandak,Jakarta Selatan,5,4,1,385.0,550.0
4683,4684,67000000000,Senayan,Jakarta Selatan,7,6,2,914.0,700.0
4684,4685,25500000000,Jagakarsa,Jakarta Selatan,5,4,8,2999.0,500.0
4685,4686,6750000000,Pondok Indah,Jakarta Selatan,4,5,1,160.0,200.0
4686,4687,120000000000,Pondok Indah,Jakarta Selatan,9,8,6,1280.0,2100.0
4687,4688,3300000000,Veteran,Jakarta Selatan,4,2,3,150.0,120.0
4688,4689,9600000000,Bendungan Hilir,Jakarta Pusat,4,2,0,198.0,250.0
4689,4690,4800000000,Kemang,Jakarta Selatan,3,3,2,62.0,300.0
4690,4691,5000000000,Lebak Bulus,Jakarta Selatan,4,5,2,187.0,250.0
4691,4692,4400000000,Pasar Minggu,Jakarta Selatan,4,3,1,325.0,244.0
4692,4693,13900000000,Permata Hijau,Jakarta Selatan,5,5,1,271.0,299.0
4693,4694,6500000000,Cipete,Jakarta Selatan,4,3,1,195.0,300.0
4694,4695,7600000000,Kebayoran Baru,Jakarta Selatan,4,2,1,200.0,180.0
4695,4696,12500000000,Penjaringan,Jakarta Utara,3,3,2,300.0,421.0
4696,4697,37000000000,Kebayoran Baru,Jakarta Selatan,4,3,4,536.0,409.0
4697,4698,20500000000,Pondok Indah,Jakarta Selatan,4,4,2,425.0,500.0
4698,4699,120000000000,Pondok Indah,Jakarta Selatan,7,5,6,1280.0,2100.0
4699,4700,7000000000,Bintaro,Jakarta Selatan,3,3,2,243.0,350.0
4700,4701,11000000000,Lebak Bulus,Jakarta Selatan,4,4,2,610.0,500.0
4701,4702,3450000000,Pondok Kelapa,Jakarta Timur,4,3,1,300.0,262.0
4702,4703,1600000000,Cibubur,Jakarta Timur,3,2,1,162.0,116.0
4703,4704,3950000000,Tebet,Jakarta Selatan,4,4,1,135.0,230.0
4704,4705,3650000000,Pulomas,Jakarta Timur,4,4,2,96.0,280.0
4705,4706,1600000000,Ciracas,Jakarta Timur,2,2,2,123.0,160.0
4706,4707,9800000000,Pondok Indah,Jakarta Selatan,3,3,2,136.0,400.0
4707,4708,1950000000,Jagakarsa,Jakarta Selatan,3,2,1,201.0,250.0
4708,4709,6900000000,Cipinang,Jakarta Timur,4,2,5,625.0,300.0
4709,4710,40000000000,Kemang,Jakarta Selatan,6,6,4,823.0,840.0
4710,4711,3250000000,Green Lake City,Jakarta Barat,4,2,2,108.0,180.0
4711,4712,65000000000,Pondok Indah,Jakarta Selatan,5,5,2,875.0,1500.0
4712,4713,12900000000,Tanjung Duren Selatan,Jakarta Barat,0,6,2,440.0,350.0
4713,4714,6800000000,Jati Padang,Jakarta Selatan,4,4,2,335.0,400.0
4714,4715,6200000000,Tambora,Jakarta Barat,7,3,3,304.0,350.0
4715,4716,3200000000,Green Lake City,Jakarta Barat,3,2,2,121.0,98.0
4716,4717,19500000000,Tebet,Jakarta Selatan,4,4,20,1069.0,500.0
4717,4718,125000000000,Kebayoran Baru,Jakarta Selatan,4,4,4,1429.0,3800.0
4718,4719,19000000000,Menteng,Jakarta Pusat,4,2,4,482.0,277.0
4719,4720,7900000000,Pejaten,Jakarta Selatan,4,3,4,404.0,200.0
4720,4721,5500000000,Pesanggrahan,Jakarta Selatan,3,2,2,250.0,200.0
4721,4722,30000000000,Kuningan,Jakarta Selatan,4,3,2,587.0,3531.0
4722,4723,98000000000,Permata Hijau,Jakarta Selatan,5,5,8,1380.0,1000.0
4723,4724,17500000000,Kemang,Jakarta Selatan,5,4,2,412.0,470.0
4724,4725,3970000000,Citra Grand,Jakarta Timur,5,3,2,244.0,350.0
4725,4726,41000000000,Permata Hijau,Jakarta Selatan,4,5,2,600.0,1450.0
4726,4727,45000000000,Kebayoran Baru,Jakarta Selatan,3,4,6,450.0,320.0
4727,4728,1800000000,Cakung,Jakarta Timur,3,2,1,96.0,125.0
4728,4729,10800000000,Cilandak,Jakarta Selatan,3,3,2,216.0,500.0
4729,4730,45000000000,Cilandak,Jakarta Selatan,5,6,6,1050.0,1400.0
4730,4731,21000000000,Pondok Indah,Jakarta Selatan,4,4,2,275.0,800.0
4731,4732,7500000000,Lebak Bulus,Jakarta Selatan,5,4,0,228.0,300.0
4732,4733,39000000000,Kebayoran Baru,Jakarta Selatan,4,4,2,420.0,840.0
4733,4734,17200000000,Duren Tiga,Jakarta Selatan,5,5,2,500.0,536.0
4734,4735,1250000000,Kalideres,Jakarta Barat,2,1,1,50.0,50.0
4735,4736,31000000000,Kebayoran Baru,Jakarta Selatan,4,4,2,303.0,550.0
4736,4737,675000000,Bintaro,Jakarta Selatan,2,1,0,100.0,70.0
4737,4738,7600000000,Cipete,Jakarta Selatan,4,5,2,421.0,200.0
4738,4739,68000000000,Pondok Indah,Jakarta Selatan,10,7,4,808.0,1000.0
4739,4740,45000000000,Kebayoran Baru,Jakarta Selatan,4,4,2,460.0,350.0
4740,4741,52000000000,Kebayoran Baru,Jakarta Selatan,9,5,4,726.0,564.0
4741,4742,22000000000,Cipete,Jakarta Selatan,7,7,3,648.0,650.0
4742,4743,4500000000,Pasar Minggu,Jakarta Selatan,4,4,0,325.0,244.0
4743,4744,2300000000,Ciracas,Jakarta Timur,4,4,1,91.0,135.0
4744,4745,10900000000,Tebet,Jakarta Selatan,6,6,2,268.0,365.0
4745,4746,14000000000,Cilandak,Jakarta Selatan,4,2,4,740.0,300.0
4746,4747,2400000000,Pondok Bambu,Jakarta Timur,3,3,2,153.0,150.0
4747,4748,32000000000,Kebayoran Baru,Jakarta Selatan,6,5,4,500.0,450.0
4748,4749,10000000000,Pejaten,Jakarta Selatan,5,2,2,705.0,275.0
4749,4750,24500000000,Kebayoran Baru,Jakarta Selatan,6,6,4,690.0,350.0
4750,4751,8300000000,Pondok Pinang,Jakarta Selatan,3,2,1,400.0,160.0
4751,4752,10000000000,Kebayoran Baru,Jakarta Selatan,4,5,2,220.0,400.0
4752,4753,875000000,Cengkareng,Jakarta Barat,2,2,1,56.0,45.0
4753,4754,15000000000,Pondok Indah,Jakarta Selatan,4,4,3,201.0,500.0
4754,4755,12000000000,Kebayoran Baru,Jakarta Selatan,5,4,3,245.0,300.0
4755,4756,6800000000,Cipete,Jakarta Selatan,4,4,1,127.0,250.0
4756,4757,56000000000,Menteng,Jakarta Pusat,4,5,4,750.0,600.0
4757,4758,3950000000,Tebet,Jakarta Selatan,5,3,2,162.0,180.0
4758,4759,3950000000,Kemang,Jakarta Selatan,5,3,2,162.0,180.0
4759,4760,37000000000,Kebayoran Baru,Jakarta Selatan,4,5,3,429.0,700.0
4760,4761,10000000000,Pejaten,Jakarta Selatan,4,3,2,705.0,200.0
4761,4762,6500000000,Lebak Bulus,Jakarta Selatan,4,4,2,139.0,170.0
4762,4763,3950000000,Lebak Bulus,Jakarta Selatan,5,3,2,162.0,180.0
4763,4764,3950000000,Cilandak,Jakarta Selatan,5,3,2,162.0,180.0
4764,4765,8400000000,Kemang,Jakarta Selatan,4,4,3,225.0,245.0
4765,4766,3950000000,Jagakarsa,Jakarta Selatan,5,3,2,162.0,180.0
4766,4767,49000000000,Kuningan,Jakarta Selatan,6,7,2,540.0,1100.0
4767,4768,3950000000,Pondok Indah,Jakarta Selatan,5,3,2,161.0,180.0
4768,4769,14000000000,Kebayoran Baru,Jakarta Selatan,7,3,2,547.0,277.0
4769,4770,6490000000,Citra Garden,Jakarta Barat,4,4,1,240.0,300.0
4770,4771,3800000000,Citra Garden,Jakarta Barat,5,5,2,181.0,400.0
4771,4772,13900000000,Kebayoran Baru,Jakarta Selatan,4,2,2,547.0,277.0
4772,4773,1490000000,Citra Garden,Jakarta Barat,3,2,1,90.0,110.0
4773,4774,4750000000,Kebayoran Lama,Jakarta Selatan,5,3,2,340.0,450.0
4774,4775,1660000000,Citra Garden,Jakarta Barat,1,1,1,60.0,41.0
4775,4776,2500000000,Tanjung Duren,Jakarta Barat,5,3,1,56.0,125.0
4776,4777,9950000000,Pejaten,Jakarta Selatan,5,4,1,250.0,270.0
4777,4778,43000000000,Menteng,Jakarta Pusat,3,4,2,512.0,650.0
4778,4779,4700000000,Cempaka Putih,Jakarta Pusat,4,3,2,115.0,200.0
4779,4780,5700000000,Pantai Indah Kapuk,Jakarta Utara,3,3,0,136.0,200.0
4780,4781,4800000000,Lebak Bulus,Jakarta Selatan,3,3,1,200.0,300.0
4781,4782,2400000000,Jakarta Garden City,Jakarta Timur,4,3,1,119.0,180.0
4782,4783,14000000000,Cipete,Jakarta Selatan,4,2,1,692.0,407.0
4783,4784,2400000000,Cirendeu,Jakarta Selatan,3,2,1,72.0,115.0
4784,4785,6500000000,Bintaro,Jakarta Selatan,4,4,2,554.0,350.0
4785,4786,13200000000,Kedoya Baru,Jakarta Barat,4,3,4,300.0,246.0
4786,4787,4800000000,Cipinang,Jakarta Timur,6,6,3,205.0,228.0
4787,4788,1550000000,Kalideres,Jakarta Barat,2,2,1,72.0,105.0
4788,4789,6600000000,Kemang,Jakarta Selatan,16,14,1,172.0,430.0
4789,4790,26000000000,Cilandak,Jakarta Selatan,5,5,4,1107.0,450.0
4790,4791,4400000000,Lebak Bulus,Jakarta Selatan,3,2,1,225.0,150.0
4791,4792,2600000000,Kalideres,Jakarta Barat,4,3,2,110.0,120.0
4792,4793,22000000000,Kemang,Jakarta Selatan,5,3,2,856.0,240.0
4794,4795,2700000000,Citra Garden,Jakarta Barat,4,2,2,200.0,200.0
4795,4796,2900000000,Kalideres,Jakarta Barat,4,2,1,90.0,120.0
4796,4797,18500000000,Pondok Indah,Jakarta Selatan,6,4,0,940.0,500.0
4797,4798,2550000000,Daan Mogot,Jakarta Barat,4,3,2,120.0,160.0
4798,4799,2700000000,Cengkareng,Jakarta Barat,4,2,1,90.0,130.0
4799,4800,37000000000,Pondok Indah,Jakarta Selatan,4,6,2,607.0,750.0
4800,4801,6500000000,Kembangan,Jakarta Barat,2,3,10,595.0,150.0
4801,4802,38000000000,Kemang,Jakarta Selatan,6,7,4,517.0,760.0
4802,4803,5400000000,Citra Garden,Jakarta Barat,0,2,1,85.0,100.0
4803,4804,4600000000,Taman Palem,Jakarta Barat,5,5,0,136.0,295.0
4804,4805,2300000000,Jelambar,Jakarta Barat,3,3,1,60.0,70.0
4805,4806,2200000000,Jelambar,Jakarta Barat,4,3,2,60.0,80.0
4806,4807,2600000000,Jelambar,Jakarta Barat,3,2,1,80.0,100.0
4807,4808,5250000000,Jelambar,Jakarta Barat,6,3,3,153.0,400.0
4808,4809,8750000000,Pluit,Jakarta Utara,3,3,2,350.0,350.0
4809,4810,7500000000,Pluit,Jakarta Utara,4,3,2,184.0,300.0
4810,4811,4700000000,Pluit,Jakarta Utara,2,2,2,220.0,220.0
4811,4812,19500000000,Pluit,Jakarta Utara,7,5,2,403.0,1000.0
4812,4813,13800000000,Pluit,Jakarta Utara,5,5,4,475.0,700.0
4813,4814,40000000000,Pantai Mutiara,Jakarta Utara,4,4,3,650.0,800.0
4814,4815,4000000000,Pluit,Jakarta Utara,3,3,2,110.0,220.0
4815,4816,5500000000,Pluit,Jakarta Utara,6,4,2,168.0,240.0
4816,4817,3900000000,Sunter,Jakarta Utara,4,5,2,96.0,198.0
4817,4818,2900000000,Tambora,Jakarta Barat,1,1,1,152.0,152.0
4818,4819,6900000000,Pluit,Jakarta Utara,6,6,2,162.0,455.0
4819,4820,2700000000,Grogol,Jakarta Barat,3,3,1,106.0,166.0
4820,4821,1670000000,Roxy,Jakarta Pusat,0,3,1,59.0,136.0
4821,4822,4500000000,Pluit,Jakarta Utara,4,3,2,162.0,390.0
4822,4823,7500000000,Muara Karang,Jakarta Utara,3,2,2,200.0,350.0
4823,4824,15000000000,Pluit,Jakarta Utara,3,3,2,325.0,900.0
4824,4825,9990000000,Pluit,Jakarta Utara,4,3,3,325.0,500.0
4825,4826,3500000000,Muara Karang,Jakarta Utara,3,2,2,120.0,180.0
4826,4827,3000000000,Pluit,Jakarta Utara,2,1,1,140.0,140.0
4827,4828,4400000000,Muara Karang,Jakarta Utara,3,2,2,180.0,315.0
4828,4829,1950000000,Jagakarsa,Jakarta Selatan,4,4,2,76.0,130.0
4829,4830,3950000000,Jelambar,Jakarta Barat,4,3,1,105.0,250.0
4830,4831,9000000000,Pluit,Jakarta Utara,3,3,2,200.0,600.0
4831,4832,24500000000,Intercon,Jakarta Barat,6,5,2,720.0,400.0
4832,4833,8000000000,Pluit,Jakarta Utara,5,5,2,220.0,450.0
4833,4834,26000000000,Pantai Mutiara,Jakarta Utara,4,4,0,500.0,800.0
4834,4835,17900000000,Tanah Abang,Jakarta Pusat,7,7,3,492.0,1000.0
4835,4836,3500000000,Muara Karang,Jakarta Utara,2,2,2,179.0,100.0
4836,4837,7000000000,Pluit,Jakarta Utara,3,3,2,220.0,300.0
4837,4838,21500000000,Pantai Mutiara,Jakarta Utara,5,5,2,434.0,350.0
4838,4839,5500000000,Pluit,Jakarta Utara,2,2,0,240.0,240.0
4839,4840,18000000000,Pantai Mutiara,Jakarta Utara,5,6,2,583.0,800.0
4840,4841,5500000000,Muara Karang,Jakarta Utara,4,4,2,120.0,250.0
4841,4842,2600000000,Golf Island,Jakarta Utara,3,3,1,90.0,120.0
4842,4843,5200000000,Pluit,Jakarta Utara,3,2,2,220.0,220.0
4843,4844,6500000000,Pluit,Jakarta Utara,4,5,2,200.0,300.0
4844,4845,4300000000,Golf Island,Jakarta Utara,3,3,2,120.0,150.0
4845,4846,9500000000,Pluit,Jakarta Utara,7,7,2,235.0,600.0
4846,4847,7000000000,Muara Karang,Jakarta Utara,4,4,1,160.0,360.0
4847,4848,5800000000,Golf Island,Jakarta Utara,3,3,2,150.0,200.0
4848,4849,4950000000,Pluit,Jakarta Utara,4,5,1,117.0,315.0
4849,4850,4800000000,Muara Karang,Jakarta Utara,4,3,2,136.0,215.0
4850,4851,9900000000,Pluit,Jakarta Utara,5,4,2,325.0,650.0
4851,4852,5900000000,Pluit,Jakarta Utara,4,3,2,200.0,300.0
4852,4853,14500000000,Golf Island,Jakarta Utara,4,3,2,240.0,600.0
4853,4854,3900000000,Muara Karang,Jakarta Utara,3,3,1,120.0,250.0
4854,4855,5500000000,Pluit,Jakarta Utara,4,4,2,200.0,300.0
4855,4856,23000000000,Pantai Indah Kapuk,Jakarta Utara,3,3,3,375.0,1000.0
4856,4857,7400000000,Muara Karang,Jakarta Utara,3,3,2,380.0,380.0
4857,4858,9900000000,Muara Karang,Jakarta Utara,3,4,1,300.0,450.0
4858,4859,8700000000,Pluit,Jakarta Utara,5,4,2,325.0,550.0
4859,4860,9420000000,Pondok Indah,Jakarta Selatan,5,4,0,250.0,438.0
4860,4861,5900000000,Jakarta Garden City,Jakarta Timur,5,3,2,240.0,305.0
4861,4862,8500000000,Green garden,Jakarta Barat,4,5,2,319.0,500.0
4862,4863,3400000000,Citra Grand,Jakarta Timur,8,6,2,270.0,350.0
4863,4864,2600000000,Taman Palem,Jakarta Barat,3,3,1,120.0,240.0
4864,4865,2960000000,Tanjung Duren,Jakarta Barat,4,5,1,88.0,323.0
4865,4866,7500000000,Muara Karang,Jakarta Utara,5,3,3,290.0,490.0
4866,4867,21000000000,Pondok Indah,Jakarta Selatan,5,4,2,408.0,800.0
4867,4868,2600000000,Taman Ratu,Jakarta Barat,4,3,2,114.0,144.0
4868,4869,4500000000,Kebon Jeruk,Jakarta Barat,5,4,1,160.0,240.0
4869,4870,6800000000,Kebon Jeruk,Jakarta Barat,4,4,2,200.0,560.0
4870,4871,3500000000,Tebet,Jakarta Selatan,0,5,1,217.0,320.0
4871,4872,2250000000,Jelambar,Jakarta Barat,3,3,2,56.0,80.0
4872,4873,4000000000,Gunung Sahari,Jakarta Pusat,4,4,0,166.0,300.0
4873,4874,3500000000,Taman Ratu,Jakarta Barat,3,3,1,126.0,240.0
4874,4875,1800000000,Taman Kota,Jakarta Barat,3,2,2,112.0,140.0
4875,4876,6900000000,Sunter,Jakarta Utara,5,3,1,180.0,350.0
4876,4877,10000000000,Lebak Bulus,Jakarta Selatan,6,5,1,527.0,900.0
4877,4878,6500000000,Kelapa Gading,Jakarta Utara,4,3,1,220.0,330.0
4878,4879,4800000000,Sunter,Jakarta Utara,3,2,0,204.0,150.0
4879,4880,3200000000,Tebet,Jakarta Selatan,5,5,1,133.0,250.0
4880,4881,18000000000,Pantai Indah Kapuk,Jakarta Utara,4,3,2,453.0,600.0
4881,4882,26000000000,Pantai Indah Kapuk,Jakarta Utara,4,5,2,686.0,473.0
4882,4883,4100000000,Puri Mansion,Jakarta Barat,3,3,2,120.0,161.0
4883,4884,1100000000,Taman Surya,Jakarta Barat,2,2,1,42.0,70.0
4884,4885,2300000000,Cengkareng,Jakarta Barat,3,2,2,120.0,100.0
4885,4886,1430000000,Kalideres,Jakarta Barat,3,2,1,96.0,100.0
4886,4887,7800000000,Tebet,Jakarta Selatan,1,4,2,240.0,350.0
4887,4888,4250000000,Citra Garden,Jakarta Barat,4,3,2,200.0,325.0
4888,4889,11000000000,Pondok Kelapa,Jakarta Timur,6,5,3,285.0,405.0
4889,4890,18500000000,Rawamangun,Jakarta Timur,8,4,5,782.0,650.0
4890,4891,3400000000,Kota Wisata,Jakarta Timur,5,5,2,300.0,500.0
4891,4892,4000000000,Raffles Hills,Jakarta Timur,4,3,2,300.0,400.0
4892,4893,2850000000,Kota Wisata,Jakarta Timur,3,3,2,180.0,250.0
4893,4894,2100000000,Kota Wisata,Jakarta Timur,4,3,1,136.0,111.0
4894,4895,15800000000,Tebet,Jakarta Selatan,4,2,2,450.0,150.0
4895,4896,3250000000,Raffles Hills,Jakarta Timur,5,3,2,213.0,200.0
4896,4897,7500000000,Legenda Wisata,Jakarta Timur,5,5,1,747.0,800.0
4897,4898,1900000000,Kota Wisata,Jakarta Timur,3,3,2,144.0,120.0
4898,4899,10000000000,Kota Wisata,Jakarta Timur,7,9,4,841.0,600.0
4899,4900,1550000000,Pondok Kopi,Jakarta Timur,5,3,1,145.0,220.0
4900,4901,3500000000,Rawamangun,Jakarta Timur,5,4,2,146.0,200.0
4901,4902,2200000000,Tanjung Duren,Jakarta Barat,11,4,0,77.0,157.0
4902,4903,2700000000,Kembangan,Jakarta Barat,5,3,1,203.0,204.0
4903,4904,2500000000,Pantai Indah Kapuk 2,Jakarta Utara,3,2,2,75.0,100.0
4904,4905,1120000000,Cempaka Putih,Jakarta Pusat,2,2,1,30.0,59.0
4905,4906,1700000000,Cakung,Jakarta Timur,4,4,1,110.0,193.0
4906,4907,1500000000,Jatiwaringin,Jakarta Timur,4,4,2,140.0,270.0
4907,4908,700000000,Sunter,Jakarta Utara,2,2,1,32.0,55.0
4908,4909,996000000,Sawah Besar,Jakarta Pusat,2,2,1,29.0,58.0
4909,4910,1200000000,Karang Anyar,Jakarta Pusat,3,2,1,42.0,68.0
4910,4911,6800000000,Cipete,Jakarta Selatan,5,6,4,180.0,400.0
4911,4912,7900000000,Kemang,Jakarta Selatan,4,3,8,354.0,200.0
4912,4913,3900000000,Kebayoran Baru,Jakarta Selatan,3,3,2,135.0,176.0
4913,4914,84000000000,Menteng,Jakarta Pusat,0,0,1,1050.0,700.0
4914,4915,29000000000,Kebayoran Baru,Jakarta Selatan,9,2,9,469.0,301.0
4915,4916,5000000000,Jagakarsa,Jakarta Selatan,11,11,1,719.0,719.0
4916,4917,6500000000,Puri Mansion,Jakarta Barat,4,4,2,200.0,200.0
4917,4918,3970000000,Puri Mansion,Jakarta Barat,4,2,1,120.0,140.0
4918,4919,3300000000,Puri Mansion,Jakarta Barat,4,3,2,90.0,160.0
4919,4920,3000000000,Puri Mansion,Jakarta Barat,3,3,1,90.0,120.0
4920,4921,4100000000,Permata Buana,Jakarta Barat,4,4,2,120.0,161.0
4921,4922,3200000000,Puri Mansion,Jakarta Barat,4,3,1,90.0,168.0
4922,4923,5500000000,Intercon,Jakarta Barat,4,3,0,144.0,250.0
4923,4924,3850000000,Puri Mansion,Jakarta Barat,5,5,2,120.0,160.0
4924,4925,2900000000,Puri Mansion,Jakarta Barat,4,4,2,90.0,130.0
4925,4926,2650000000,Puri Mansion,Jakarta Barat,4,4,1,90.0,140.0
4926,4927,2800000000,Jelambar,Jakarta Barat,1,3,1,88.0,260.0
4927,4928,5100000000,Jelambar,Jakarta Barat,1,1,1,208.0,208.0
4928,4929,3200000000,Jelambar,Jakarta Barat,4,3,1,107.0,185.0
4929,4930,1950000000,Jelambar,Jakarta Barat,4,3,1,56.0,200.0
4930,4931,3100000000,Jelambar,Jakarta Barat,2,3,1,92.0,200.0
4931,4932,3500000000,Teluk Gong,Jakarta Utara,1,2,1,125.0,425.0
4932,4933,2800000000,Muara Karang,Jakarta Utara,2,2,1,160.0,280.0
4933,4934,1350000000,Jelambar,Jakarta Barat,2,3,1,56.0,145.0
4934,4935,60000000000,Pantai Indah Kapuk,Jakarta Utara,4,8,0,600.0,1300.0
4935,4936,2950000000,Jelambar,Jakarta Barat,5,3,1,74.0,167.0
4936,4937,3200000000,Jelambar,Jakarta Barat,4,3,1,102.0,395.0
4937,4938,1300000000,Jelambar,Jakarta Barat,1,2,1,76.0,145.0
4938,4939,975000000,Jelambar,Jakarta Barat,3,3,1,42.0,90.0
4939,4940,6250000000,Jelambar,Jakarta Barat,24,8,1,220.0,345.0
4940,4941,2800000000,Jelambar,Jakarta Barat,4,3,1,132.0,205.0
4941,4942,3900000000,Jelambar,Jakarta Barat,3,4,1,127.0,133.0
4942,4943,4000000000,Kebon Jeruk,Jakarta Barat,4,2,4,207.0,200.0
4943,4944,998000000,Jelambar,Jakarta Barat,1,2,1,28.0,55.0
4944,4945,1950000000,Kelapa Gading,Jakarta Utara,9,9,1,68.0,190.0
4945,4946,21000000000,Pondok Pinang,Jakarta Selatan,4,4,2,581.0,246.0
4946,4947,18000000000,Kebayoran Baru,Jakarta Selatan,4,4,1,899.0,467.0
4947,4948,7500000000,Bintaro,Jakarta Selatan,4,4,2,411.0,400.0
4948,4949,4300000000,Cengkareng,Jakarta Barat,3,3,1,144.0,144.0
4949,4950,1700000000,Citra Garden,Jakarta Barat,2,1,1,60.0,75.0
4950,4951,1200000000,Taman Palem,Jakarta Barat,3,1,1,57.0,85.0
4951,4952,2770000000,Citra Garden,Jakarta Barat,3,3,2,84.0,103.0
4952,4953,2150000000,Citra Garden,Jakarta Barat,3,2,2,72.0,92.0
4953,4954,1300000000,Tanjung Barat,Jakarta Selatan,3,3,1,54.0,81.0
4954,4955,2200000000,Bintaro,Jakarta Selatan,2,1,1,120.0,100.0
4955,4956,2800000000,Duren Sawit,Jakarta Timur,4,3,1,112.0,200.0
4956,4957,116000000,Sawah Besar,Jakarta Pusat,2,2,1,42.0,68.0
4957,4958,483000000,Cempaka Putih,Jakarta Pusat,2,2,0,24.0,38.0
4959,4960,10000000000,Golf Island,Jakarta Utara,3,3,1,200.0,330.0
4960,4961,2400000000,Pondok Kelapa,Jakarta Timur,3,3,2,153.0,150.0
4961,4962,12900000000,Pantai Indah Kapuk,Jakarta Utara,5,5,3,324.0,415.0
4962,4963,55000000000,Pantai Indah Kapuk,Jakarta Utara,7,7,2,960.0,2500.0
4963,4964,2650000000,Jakarta Garden City,Jakarta Timur,4,3,2,170.0,120.0
4964,4965,1300000000,Duren Sawit,Jakarta Timur,4,2,2,81.0,105.0
4965,4966,1700000000,Jakarta Garden City,Jakarta Timur,3,2,2,90.0,90.0
4966,4967,1900000000,Jakarta Garden City,Jakarta Timur,3,3,2,112.0,90.0
4967,4968,1010000000,Cakung,Jakarta Timur,3,2,1,50.0,57.0
4968,4969,1010000000,Jakarta Garden City,Jakarta Timur,3,2,1,50.0,57.0
4969,4970,1350000000,Jakarta Garden City,Jakarta Timur,2,2,1,90.0,58.0
4970,4971,5250000000,Taman Ratu,Jakarta Barat,5,4,1,144.0,400.0
4971,4972,5300000000,Pantai Indah Kapuk 2,Jakarta Utara,4,4,2,150.0,209.0
4972,4973,4250000000,Rawamangun,Jakarta Timur,5,2,2,612.0,311.0
4973,4974,1000000000,Condet,Jakarta Timur,3,2,0,50.0,75.0
4974,4975,4000000000,Pantai Indah Kapuk 2,Jakarta Utara,3,3,2,100.0,145.0
4975,4976,3700000000,Rawamangun,Jakarta Timur,4,3,1,135.0,200.0
4976,4977,7500000000,Pantai Indah Kapuk 2,Jakarta Utara,4,4,2,200.0,250.0
4977,4978,2500000000,Rawamangun,Jakarta Timur,5,5,2,77.0,195.0
4978,4979,2800000000,Rawamangun,Jakarta Timur,6,4,1,134.0,200.0
4979,4980,1400000000,Jakarta Garden City,Jakarta Timur,2,2,2,90.0,63.0
4980,4981,1400000000,Jakarta Garden City,Jakarta Timur,2,2,2,90.0,63.0
4981,4982,1430000000,Jakarta Garden City,Jakarta Timur,3,1,2,90.0,63.0
4982,4983,1600000000,Jakarta Garden City,Jakarta Timur,3,2,2,90.0,75.0
4983,4984,1900000000,Jakarta Garden City,Jakarta Timur,3,3,1,102.0,120.0
4984,4985,1400000000,Cakung,Jakarta Timur,2,1,1,120.0,80.0
4985,4986,2000000000,Jakarta Garden City,Jakarta Timur,3,3,2,120.0,90.0
4986,4987,1900000000,Jakarta Garden City,Jakarta Timur,3,3,2,120.0,90.0
4987,4988,2500000000,Jakarta Garden City,Jakarta Timur,3,2,1,148.0,156.0
4988,4989,1500000000,Cakung,Jakarta Timur,2,1,1,119.0,100.0
4989,4990,2550000000,Jakarta Garden City,Jakarta Timur,3,3,1,148.0,156.0
4990,4991,3500000000,Rawamangun,Jakarta Timur,6,4,2,146.0,200.0
4991,4992,2600000000,Jakarta Garden City,Jakarta Timur,3,3,2,98.0,115.0
4992,4993,2800000000,Jakarta Garden City,Jakarta Timur,3,4,2,98.0,115.0
4993,4994,2930000000,Jakarta Garden City,Jakarta Timur,3,3,1,90.0,119.0
4994,4995,6900000000,Rawamangun,Jakarta Timur,6,6,1,264.0,450.0
4995,4996,4500000000,Jakarta Garden City,Jakarta Timur,4,3,1,244.0,256.0
4996,4997,3950000000,Jakarta Garden City,Jakarta Timur,4,3,1,200.0,208.0
4997,4998,4800000000,Jakarta Garden City,Jakarta Timur,4,3,2,240.0,240.0
4998,4999,3500000000,Rawamangun,Jakarta Timur,5,3,1,153.0,200.0
4999,5000,2050000000,Jakarta Garden City,Jakarta Timur,3,3,1,120.0,168.0
5000,5001,2400000000,Jakarta Garden City,Jakarta Timur,3,3,2,148.0,252.0
5001,5002,2650000000,Jakarta Garden City,Jakarta Timur,3,3,2,98.0,91.0
5002,5003,3050000000,Jakarta Garden City,Jakarta Timur,4,4,2,126.0,126.0
5003,5004,3500000000,Rawamangun,Jakarta Timur,4,4,2,90.0,220.0
5004,5005,2900000000,Rawamangun,Jakarta Timur,5,5,2,75.0,260.0
5005,5006,1550000000,Jakarta Garden City,Jakarta Timur,4,1,2,90.0,50.0
5006,5007,1500000000,Jakarta Garden City,Jakarta Timur,3,2,2,90.0,75.0
5007,5008,1900000000,Jakarta Garden City,Jakarta Timur,3,3,1,102.0,120.0
5008,5009,2000000000,Jakarta Garden City,Jakarta Timur,4,3,2,112.0,160.0
5009,5010,4200000000,Rawamangun,Jakarta Timur,4,3,2,105.0,160.0
5010,5011,1890000000,Jakarta Garden City,Jakarta Timur,4,2,1,85.0,93.0
5011,5012,1400000000,Jakarta Garden City,Jakarta Timur,3,1,2,90.0,69.0
5012,5013,3300000000,Jakarta Garden City,Jakarta Timur,5,3,2,198.0,215.0
5013,5014,3000000000,Taman Ratu,Jakarta Barat,5,5,0,257.0,376.0
5014,5015,1950000000,Pondok Kelapa,Jakarta Timur,4,2,2,110.0,260.0
5015,5016,2490000000,Duren Sawit,Jakarta Timur,0,0,0,112.0,170.0
5016,5017,2800000000,Duren Sawit,Jakarta Timur,3,4,2,117.0,170.0
5017,5018,2300000000,Pondok Kelapa,Jakarta Timur,0,0,0,113.0,160.0
5018,5019,5900000000,Cilandak,Jakarta Selatan,4,5,1,263.0,350.0
5019,5020,3800000000,Ciracas,Jakarta Timur,0,0,0,220.0,170.0
5020,5021,2550000000,Kalibata,Jakarta Selatan,2,3,1,81.0,160.0
5021,5022,2530000000,Pondok Bambu,Jakarta Timur,4,4,2,102.0,120.0
5022,5023,3600000000,Duren Sawit,Jakarta Timur,3,3,2,220.0,160.0
5023,5024,3400000000,Duren Sawit,Jakarta Timur,1,2,7,154.0,80.0
5024,5025,3860000000,Rawamangun,Jakarta Timur,5,7,2,142.0,280.0
5025,5026,2090000000,Duren Sawit,Jakarta Timur,4,3,2,180.0,360.0
5026,5027,2600000000,Pondok Bambu,Jakarta Timur,0,0,0,117.0,180.0
5027,5028,2900000000,Duren Sawit,Jakarta Timur,6,2,2,108.0,250.0
5028,5029,5950000000,Rawamangun,Jakarta Timur,5,2,2,230.0,215.0
5029,5030,3500000000,Duren Sawit,Jakarta Timur,0,0,0,112.0,140.0
5030,5031,12500000000,Pasar Rebo,Jakarta Timur,5,4,4,996.0,500.0
5031,5032,2600000000,Joglo,Jakarta Barat,3,3,1,120.0,108.0
5032,5033,3600000000,Joglo,Jakarta Barat,3,2,1,120.0,108.0
5033,5034,1250000000,Taman Palem,Jakarta Barat,2,2,1,60.0,110.0
5034,5035,2700000000,Raffles Hills,Jakarta Timur,5,4,2,98.0,122.0
5035,5036,2500000000,Muara Karang,Jakarta Utara,2,1,1,90.0,80.0
5036,5037,42000000000,Ancol,Jakarta Utara,40,40,8,1419.0,3250.0
5037,5038,12500000000,Kebayoran Baru,Jakarta Selatan,0,0,0,285.0,150.0
5038,5039,1800000000,Pondok Kelapa,Jakarta Timur,3,2,1,126.0,170.0
5039,5040,17000000000,Tebet,Jakarta Selatan,4,4,2,687.0,615.0
5040,5041,2400000000,Graha Bintaro,Jakarta Selatan,3,2,1,160.0,90.0
5041,5042,15000000000,Pondok Kelapa,Jakarta Timur,5,6,2,695.0,900.0
5042,5043,5400000000,Kemang,Jakarta Selatan,4,3,1,156.0,262.0
5043,5044,4500000000,Patal Senayan,Jakarta Selatan,5,2,1,94.0,94.0
5044,5045,4400000000,Cinere,Jakarta Selatan,4,7,2,388.0,580.0
5045,5046,4500000000,Kelapa Gading,Jakarta Utara,3,3,1,90.0,132.0
5046,5047,11000000000,Setiabudi,Jakarta Selatan,31,31,2,500.0,500.0
5047,5048,9000000000,Pantai Indah Kapuk,Jakarta Utara,5,4,2,202.0,440.0
5048,5049,10900000000,Permata Hijau,Jakarta Selatan,3,3,1,341.0,500.0
5049,5050,1350000000,Cengkareng,Jakarta Barat,3,1,1,75.0,80.0
5050,5051,1350000000,Cakung,Jakarta Timur,4,3,1,66.0,200.0
5051,5052,9800000000,Jatinegara,Jakarta Timur,4,3,2,433.0,396.0
5052,5053,10900000000,Bintaro,Jakarta Selatan,5,4,3,867.0,584.0
5053,5054,4500000000,Jelambar,Jakarta Barat,2,1,1,216.0,100.0
5054,5055,9300000000,Cideng,Jakarta Pusat,4,4,1,200.0,300.0
5055,5056,16000000000,Kebayoran Lama,Jakarta Selatan,3,2,0,300.0,300.0
5056,5057,1600000000,Green Lake City,Jakarta Barat,2,2,1,60.0,80.0
5057,5058,10000000000,Golf Island,Jakarta Utara,4,4,2,240.0,435.0
5058,5059,4800000000,Sunter,Jakarta Utara,4,3,1,180.0,350.0
5059,5060,13500000000,Permata Hijau,Jakarta Selatan,4,3,1,271.0,299.0
5060,5061,4500000000,Metland Puri,Jakarta Barat,3,3,2,120.0,160.0
5061,5062,2200000000,Pondok Kelapa,Jakarta Timur,3,3,0,120.0,200.0
5062,5063,26000000000,Tanah Abang,Jakarta Pusat,4,3,1,598.0,598.0
5063,5064,19000000000,Kemang,Jakarta Selatan,4,3,2,927.0,550.0
5064,5065,3900000000,Kemanggisan,Jakarta Barat,3,2,1,140.0,200.0
5065,5066,1100000000,Kelapa Gading,Jakarta Utara,3,1,0,98.0,110.0
5066,5067,3100000000,Kelapa Gading,Jakarta Utara,2,1,0,102.0,90.0
5067,5068,3250000000,Kelapa Gading,Jakarta Utara,5,4,1,120.0,200.0
5068,5069,18000000000,Gandaria,Jakarta Selatan,5,4,2,200.0,363.0
5069,5070,2500000000,Kemanggisan,Jakarta Barat,3,1,1,97.0,120.0
5070,5071,2600000000,Kemanggisan,Jakarta Barat,2,1,1,140.0,100.0
5071,5072,18000000000,Pondok Indah,Jakarta Selatan,5,4,1,305.0,345.0
5072,5073,11000000000,Kemanggisan,Jakarta Barat,6,5,1,500.0,1000.0
5073,5074,7000000000,Menteng,Jakarta Pusat,4,3,1,281.0,200.0
5074,5075,4500000000,Kelapa Gading,Jakarta Utara,4,3,1,150.0,242.0
5075,5076,5900000000,Kemanggisan,Jakarta Barat,5,1,1,257.0,200.0
5076,5077,3200000000,Tomang,Jakarta Barat,3,2,1,80.0,200.0
5077,5078,4300000000,Pondok Kelapa,Jakarta Timur,4,3,1,298.0,400.0
5078,5079,6000000000,Lebak Bulus,Jakarta Selatan,4,2,2,310.0,400.0
5079,5080,2700000000,Kemanggisan,Jakarta Barat,3,2,0,130.0,130.0
5080,5081,9500000000,Pondok Indah,Jakarta Selatan,3,3,5,300.0,400.0
5081,5082,8500000000,Tanjung Duren,Jakarta Barat,6,6,1,352.0,500.0
5082,5083,1100000000,Tanjung Duren,Jakarta Barat,2,2,0,52.0,85.0
5083,5084,2250000000,Tanjung Duren,Jakarta Barat,4,4,1,67.0,147.0
5084,5085,2100000000,Tanjung Duren,Jakarta Barat,4,3,1,56.0,145.0
5085,5086,3900000000,Tanjung Duren,Jakarta Barat,3,2,1,144.0,216.0
5086,5087,3000000000,Tanjung Duren,Jakarta Barat,5,4,1,102.0,192.0
5087,5088,5800000000,Tanjung Duren,Jakarta Barat,5,2,1,195.0,300.0
5088,5089,3500000000,Tanjung Duren,Jakarta Barat,4,5,1,78.0,250.0
5089,5090,8800000000,Tanjung Duren,Jakarta Barat,4,4,2,264.0,247.0
5090,5091,2800000000,Tanjung Duren,Jakarta Barat,6,4,2,105.0,140.0
5091,5092,11000000000,Tanjung Duren,Jakarta Barat,6,2,1,300.0,550.0
5092,5093,2650000000,Tanjung Duren,Jakarta Barat,3,3,1,66.0,180.0
5093,5094,2100000000,Tanjung Duren,Jakarta Barat,3,3,1,52.0,100.0
5094,5095,4500000000,Tanjung Duren,Jakarta Barat,5,5,1,171.0,300.0
5095,5096,8500000000,Tanjung Duren,Jakarta Barat,6,4,2,288.0,456.0
5096,5097,2300000000,Tanjung Duren,Jakarta Barat,5,3,1,67.0,110.0
5097,5098,2600000000,Tanjung Duren,Jakarta Barat,5,4,1,117.0,180.0
5098,5099,1400000000,Tanjung Duren,Jakarta Barat,3,5,1,46.0,105.0
5099,5100,3000000000,Pondok Kopi,Jakarta Timur,5,3,2,250.0,300.0
5100,5101,3000000000,Pondok Kopi,Jakarta Timur,5,3,2,250.0,300.0
5101,5102,6300000000,Bangka,Jakarta Selatan,3,3,2,180.0,230.0
5102,5103,10000000000,Cempaka Putih,Jakarta Pusat,8,2,0,340.0,450.0
5103,5104,15800000000,Kemang,Jakarta Selatan,4,4,0,745.0,950.0
5104,5105,6500000000,Kemang,Jakarta Selatan,3,4,1,204.0,180.0
5105,5106,11800000000,Kebayoran Lama,Jakarta Selatan,4,3,2,550.0,500.0
5106,5107,4150000000,Kembangan,Jakarta Barat,4,3,1,113.0,225.0
5107,5108,5500000000,Cilandak,Jakarta Selatan,8,4,2,175.0,250.0
5108,5109,3500000000,Gandaria,Jakarta Selatan,3,3,2,171.0,200.0
5109,5110,55000000000,Pantai Indah Kapuk,Jakarta Utara,0,0,0,1100.0,1300.0
5110,5111,4320000000,Puri Indah,Jakarta Barat,3,2,0,270.0,260.0
5111,5112,25000000000,Kebayoran Lama,Jakarta Selatan,5,2,4,458.0,550.0
5112,5113,4500000000,Cengkareng,Jakarta Barat,3,2,1,144.0,260.0
5113,5114,7500000000,Pluit,Jakarta Utara,4,3,2,330.0,500.0
5114,5115,1550000000,Pegadungan,Jakarta Barat,3,2,1,96.0,77.0
5115,5116,25300000000,Sunter,Jakarta Utara,0,0,0,1152.0,1340.0
5116,5117,3100000000,Kedoya,Jakarta Barat,2,1,2,150.0,100.0
5117,5118,10900000000,Cipete,Jakarta Selatan,4,4,2,400.0,286.0
5118,5119,11500000000,Kemang,Jakarta Selatan,5,3,0,640.0,318.0
5119,5120,7600000000,Cipete,Jakarta Selatan,5,5,2,270.0,216.0
5120,5121,1000000000,Percetakan Negara,Jakarta Pusat,3,2,1,32.0,70.0
5121,5122,2500000000,Kalideres,Jakarta Barat,4,3,1,55.0,97.0
5122,5123,22000000000,Kemang,Jakarta Selatan,6,6,3,854.0,650.0
5123,5124,22500000000,Kebayoran Baru,Jakarta Selatan,4,6,2,218.0,500.0
5124,5125,47000000000,Pondok Indah,Jakarta Selatan,7,5,2,800.0,1000.0
5125,5126,3500000000,Pondok Labu,Jakarta Selatan,3,3,2,73.0,158.0
5126,5127,4000000000,Semanan,Jakarta Barat,5,4,1,210.0,360.0
5127,5128,19000000000,Kebayoran Baru,Jakarta Selatan,4,3,1,314.0,229.0
5128,5129,14500000000,Pondok Indah,Jakarta Selatan,0,0,0,200.0,320.0
5129,5130,12000000000,Cipete,Jakarta Selatan,8,8,4,250.0,450.0
5130,5131,6000000000,Citra Garden,Jakarta Barat,4,4,2,280.0,317.0
5131,5132,8500000000,Kemang,Jakarta Selatan,4,4,2,260.0,350.0
5132,5133,4500000000,Kebagusan,Jakarta Selatan,6,5,2,400.0,410.0
5133,5134,1470000000,Green Lake City,Jakarta Barat,2,2,1,60.0,90.0
5134,5135,6500000000,Bintaro,Jakarta Selatan,5,4,2,475.0,300.0
5135,5136,2700000000,Citra Grand,Jakarta Timur,5,4,2,98.0,122.0
5136,5137,2850000000,Citra Garden,Jakarta Barat,3,2,1,60.0,104.0
5137,5138,1350000000,Ciracas,Jakarta Timur,3,3,1,87.0,120.0
5138,5139,6500000000,Pantai Indah Kapuk,Jakarta Utara,4,3,1,184.0,250.0
5139,5140,3100000000,Green Lake City,Jakarta Barat,4,3,0,108.0,160.0
5140,5141,5200000000,Menteng Dalam,Jakarta Selatan,7,3,1,265.0,300.0
5141,5142,5200000000,Citra Garden,Jakarta Barat,5,5,1,200.0,465.0
5142,5143,3290000000,Green Lake City,Jakarta Barat,3,2,0,126.0,101.0
5143,5144,2500000000,Green Lake City,Jakarta Barat,4,3,0,90.0,126.0
5144,5145,2500000000,Green Lake City,Jakarta Barat,3,3,2,90.0,125.0
5145,5146,2400000000,Green Lake City,Jakarta Barat,3,2,0,96.0,130.0
5146,5147,1500000000,Green Lake City,Jakarta Barat,2,2,0,60.0,80.0
5147,5148,3500000000,Green Lake City,Jakarta Barat,4,3,0,108.0,160.0
5148,5149,6700000000,Cilandak,Jakarta Selatan,6,5,1,276.0,575.0
5149,5150,3750000000,Green Lake City,Jakarta Barat,4,3,0,108.0,160.0
5150,5151,2000000000,Green Lake City,Jakarta Barat,4,2,0,90.0,140.0
5151,5152,2800000000,Green Lake City,Jakarta Barat,3,3,0,108.0,160.0
5152,5153,5600000000,Bintaro,Jakarta Selatan,4,4,2,345.0,700.0
5153,5154,8500000000,Bintaro,Jakarta Selatan,31,31,0,210.0,450.0
5154,5155,25000000000,Setiabudi,Jakarta Selatan,4,3,3,725.0,350.0
5155,5156,27000000000,Simprug Garden,Jakarta Selatan,6,3,2,450.0,300.0
5156,5157,2330000000,Puri Indah,Jakarta Barat,3,3,1,60.0,110.0
5157,5158,26000000000,Kemang,Jakarta Selatan,4,4,4,954.0,550.0
5158,5159,23500000000,Menteng,Jakarta Pusat,5,5,2,323.0,374.0
5159,5160,34000000000,Menteng,Jakarta Pusat,4,4,2,509.0,449.0
5160,5161,7000000000,Tanjung Barat,Jakarta Selatan,6,4,2,294.0,272.0
5161,5162,5500000000,Kelapa Gading,Jakarta Utara,4,3,2,210.0,180.0
5162,5163,8500000000,Kelapa Gading,Jakarta Utara,4,4,2,220.0,350.0
5163,5164,1450000000,Kelapa Gading,Jakarta Utara,3,2,1,57.0,90.0
5164,5165,7000000000,Kelapa Gading,Jakarta Utara,0,0,0,250.0,225.0
5165,5166,7500000000,Kelapa Gading,Jakarta Utara,6,4,2,180.0,425.0
5166,5167,3300000000,Kalibata,Jakarta Selatan,5,4,1,98.0,199.0
5167,5168,3500000000,Pejaten,Jakarta Selatan,5,4,2,170.0,300.0
5168,5169,23000000000,Duren Sawit,Jakarta Timur,7,7,0,750.0,900.0
5169,5170,10000000000,Lebak Bulus,Jakarta Selatan,6,5,1,452.0,800.0
5170,5171,5500000000,Pondok Kelapa,Jakarta Timur,5,5,2,250.0,409.0
5171,5172,12500000000,Jatiwaringin,Jakarta Timur,7,5,2,440.0,560.0
5172,5173,3500000000,Bambu Apus,Jakarta Timur,3,3,2,170.0,250.0
5173,5174,4200000000,Pondok Kelapa,Jakarta Timur,5,4,2,270.0,350.0
5174,5175,1140000000,Cijantung,Jakarta Timur,2,2,2,48.0,72.0
5175,5176,6000000000,Ciganjur,Jakarta Selatan,4,3,2,530.0,250.0
5176,5177,1100000000,Pondok Kelapa,Jakarta Timur,3,1,1,90.0,90.0
5177,5178,3400000000,Pancoran,Jakarta Selatan,3,3,0,84.0,200.0
5178,5179,2600000000,TB Simatupang,Jakarta Selatan,3,3,0,72.0,140.0
5179,5180,825000000,Cilangkap,Jakarta Timur,3,2,1,50.0,50.0
5180,5181,825000000,Cilangkap,Jakarta Timur,3,2,1,50.0,50.0
5181,5182,1180000000,Cipayung,Jakarta Timur,3,2,2,60.0,65.0
5182,5183,1790000000,Jelambar,Jakarta Barat,4,4,0,89.0,1.0
5183,5184,3500000000,Taman Kencana,Jakarta Barat,3,4,0,120.0,200.0
5184,5185,5500000000,Citra Garden,Jakarta Barat,4,3,1,240.0,270.0
5185,5186,11500000000,Duta Garden,Jakarta Barat,5,6,0,425.0,820.0
5186,5187,59000000000,Kuningan,Jakarta Selatan,13,15,0,990.0,1800.0
5187,5188,8000000000,Kemang,Jakarta Selatan,4,3,3,157.0,250.0
5188,5189,31000000000,Pejaten,Jakarta Selatan,5,4,5,1230.0,650.0
5189,5190,5600000000,Kemang,Jakarta Selatan,3,4,2,107.0,313.0
5190,5191,6100000000,Kemang,Jakarta Selatan,4,4,2,125.0,325.0
5191,5192,7500000000,Lebak Bulus,Jakarta Selatan,3,4,2,134.0,308.0
5192,5193,14500000000,Pondok Indah,Jakarta Selatan,4,4,2,200.0,600.0
5193,5194,25000000000,Pantai Mutiara,Jakarta Utara,4,4,2,500.0,800.0
5194,5195,780000000,Senen,Jakarta Pusat,3,3,1,19.0,60.0
5195,5196,4700000000,Green Lake City,Jakarta Barat,5,4,2,180.0,300.0
5196,5197,14000000000,Pantai Indah Kapuk,Jakarta Utara,5,5,2,600.0,1000.0
5197,5198,1400000000,Raffles Hills,Jakarta Timur,2,2,2,90.0,102.0
5198,5199,6200000000,Golf Island,Jakarta Utara,3,1,2,120.0,200.0
5199,5200,9000000000,Pluit,Jakarta Utara,5,6,2,200.0,660.0
5200,5201,1350000000,Raffles Hills,Jakarta Timur,2,2,2,98.0,120.0
5201,5202,25000000000,Pantai Indah Kapuk,Jakarta Utara,4,5,2,450.0,900.0
5202,5203,2350000000,Daan Mogot,Jakarta Barat,4,3,1,120.0,200.0
5203,5204,1800000000,Raffles Hills,Jakarta Timur,3,3,2,105.0,120.0
5204,5205,21000000000,Pantai Indah Kapuk,Jakarta Utara,4,4,2,350.0,900.0
5205,5206,4500000000,Kemanggisan,Jakarta Barat,5,3,2,204.0,322.0
5206,5207,2360000000,Condet,Jakarta Timur,9,8,5,178.0,360.0
5207,5208,1850000000,Kelapa Gading,Jakarta Utara,4,2,0,101.0,136.0
5208,5209,2900000000,Raffles Hills,Jakarta Timur,5,3,2,213.0,200.0
5209,5210,3200000000,Golf Island,Jakarta Utara,3,2,1,90.0,120.0
5210,5211,2500000000,Raffles Hills,Jakarta Timur,4,4,2,200.0,226.0
5211,5212,70000000000,Pantai Indah Kapuk,Jakarta Utara,11,9,6,1112.0,1900.0
5212,5213,1650000000,Citra Garden,Jakarta Barat,2,2,0,72.0,126.0
5213,5214,7000000000,Sunter,Jakarta Utara,15,15,3,362.0,420.0
5214,5215,7000000000,Sunter,Jakarta Utara,15,15,1,362.0,420.0
5215,5216,70000000000,Pantai Indah Kapuk,Jakarta Utara,9,9,10,1112.0,3000.0
5216,5217,16000000000,Kebayoran Baru,Jakarta Selatan,5,5,4,334.0,600.0
5217,5218,1820000000,Kelapa Gading,Jakarta Utara,3,1,2,90.0,90.0
5218,5219,1650000000,Kelapa Gading,Jakarta Utara,1,1,1,102.0,102.0
5219,5220,1650000000,Cilincing,Jakarta Utara,3,2,1,90.0,96.0
5220,5221,1770000000,Cilincing,Jakarta Utara,3,2,0,105.0,100.0
5221,5222,1390000000,Kelapa Gading,Jakarta Utara,4,2,1,75.0,120.0
5222,5223,1200000000,Kelapa Gading,Jakarta Utara,2,2,1,60.0,84.0
5223,5224,1600000000,Kelapa Gading,Jakarta Utara,3,2,0,60.0,60.0
5224,5225,77500000000,Slipi,Jakarta Barat,4,4,6,1292.0,600.0
5225,5226,2200000000,Muara Karang,Jakarta Utara,2,1,1,90.0,65.0
5226,5227,2500000000,Duri Kepa,Jakarta Barat,4,3,1,130.0,210.0
5227,5228,1700000000,Tanjung Duren,Jakarta Barat,2,2,0,78.0,120.0
5228,5229,4600000000,Pantai Indah Kapuk,Jakarta Utara,3,3,0,150.0,200.0
5229,5230,1300000000,Duri Kepa,Jakarta Barat,3,3,1,39.0,70.0
5230,5231,7000000000,Kemang,Jakarta Selatan,6,7,2,307.0,106.0
5231,5232,8000000000,Duren Sawit,Jakarta Timur,5,4,6,397.0,280.0
5232,5233,1100000000,Duren Sawit,Jakarta Timur,2,2,1,90.0,80.0
5233,5234,3600000000,Duren Sawit,Jakarta Timur,8,4,3,270.0,200.0
5234,5235,1800000000,Duren Sawit,Jakarta Timur,4,3,1,90.0,150.0
5235,5236,2900000000,Duren Sawit,Jakarta Timur,6,4,1,144.0,250.0
5236,5237,1500000000,Duren Sawit,Jakarta Timur,3,2,1,90.0,120.0
5237,5238,24600000000,Bintaro,Jakarta Selatan,6,9,3,960.0,1200.0
5238,5239,7800000000,Duren Sawit,Jakarta Timur,6,6,2,350.0,600.0
5239,5240,1270000000,Pondok Kelapa,Jakarta Timur,5,2,1,100.0,180.0
5240,5241,1600000000,Duren Sawit,Jakarta Timur,3,2,2,98.0,180.0
5241,5242,8000000000,Kemang,Jakarta Selatan,4,5,2,302.0,350.0
5242,5243,900000000,Duren Sawit,Jakarta Timur,2,1,1,51.0,60.0
5243,5244,2350000000,Kelapa Gading,Jakarta Utara,3,2,1,102.0,160.0
5244,5245,28500000000,Pondok Indah,Jakarta Selatan,4,4,1,750.0,630.0
5245,5246,11000000000,Cilandak,Jakarta Selatan,11,12,10,435.0,400.0
5246,5247,1700000000,Pademangan,Jakarta Utara,5,2,0,120.0,115.0
5247,5248,7500000000,Pondok Indah,Jakarta Selatan,4,4,1,154.0,200.0
5248,5249,6900000000,Pondok Indah,Jakarta Selatan,3,4,1,160.0,200.0
5249,5250,2200000000,Jelambar,Jakarta Barat,3,3,1,56.0,160.0
5250,5251,4000000000,Kemang,Jakarta Selatan,3,3,2,80.0,206.0
5251,5252,11000000000,Bendungan Hilir,Jakarta Pusat,12,10,2,379.0,200.0
5252,5253,31000000000,Kebayoran Baru,Jakarta Selatan,4,4,4,500.0,450.0
5253,5254,4200000000,Pantai Indah Kapuk,Jakarta Utara,3,0,0,120.0,168.0
5254,5255,23000000000,Pantai Indah Kapuk,Jakarta Utara,5,5,2,688.0,1100.0
5255,5256,21000000000,Pantai Indah Kapuk,Jakarta Utara,5,5,2,555.0,1000.0
5256,5257,2100000000,Pondok Bambu,Jakarta Timur,3,2,1,234.0,150.0
5257,5258,10500000000,Tebet,Jakarta Selatan,6,3,2,411.0,420.0
5258,5259,10000000000,Pondok Indah,Jakarta Selatan,4,5,1,250.0,438.0
5259,5260,14000000000,Pondok Indah,Jakarta Selatan,0,2,1,316.0,250.0
5260,5261,7500000000,Radio Dalam,Jakarta Selatan,6,4,0,301.0,400.0
5261,5262,19000000000,Kayu Putih,Jakarta Timur,5,4,0,699.0,450.0
5262,5263,1000000000,Cipete,Jakarta Selatan,7,7,0,105.0,200.0
5263,5264,2700000000,Kayu Putih,Jakarta Timur,4,2,0,110.0,200.0
5264,5265,5700000000,Kayu Putih,Jakarta Timur,6,4,0,502.0,450.0
5265,5266,3600000000,Cilincing,Jakarta Utara,4,2,3,229.0,300.0
5266,5267,3650000000,Kelapa Gading,Jakarta Utara,4,4,1,119.0,119.0
5267,5268,3600000000,Kelapa Gading,Jakarta Utara,3,3,2,102.0,180.0
5268,5269,7900000000,Duren Sawit,Jakarta Timur,6,4,6,620.0,450.0
5269,5270,7900000000,Bintaro,Jakarta Selatan,4,3,0,234.0,300.0
5270,5271,12000000000,Lebak Bulus,Jakarta Selatan,6,4,3,500.0,376.0
5271,5272,3750000000,Pulomas,Jakarta Timur,3,2,2,162.0,125.0
5272,5273,4250000000,Rawamangun,Jakarta Timur,0,0,1,207.0,180.0
5273,5274,13500000000,Radio Dalam,Jakarta Selatan,5,5,1,250.0,494.0
5274,5275,4000000000,Pulo Gadung,Jakarta Timur,6,5,2,141.0,100.0
5275,5276,13000000000,Kebon Jeruk,Jakarta Barat,52,25,5,410.0,1100.0
5276,5277,3700000000,Pondok Kelapa,Jakarta Timur,6,5,2,310.0,500.0
5277,5278,4700000000,Pulo Gadung,Jakarta Timur,4,3,2,200.0,200.0
5278,5279,1500000000,Cipayung,Jakarta Timur,3,2,1,105.0,105.0
5279,5280,3600000000,Pulo Gadung,Jakarta Timur,0,0,0,220.0,90.0
5280,5281,3600000000,Pulo Gadung,Jakarta Timur,0,0,0,220.0,90.0
5281,5282,3700000000,Pejaten,Jakarta Selatan,3,2,3,250.0,200.0
5282,5283,2650000000,Bintaro,Jakarta Selatan,5,4,0,150.0,180.0
5283,5284,4300000000,Kayu Putih,Jakarta Timur,4,2,2,150.0,80.0
5284,5285,7800000000,Pejaten,Jakarta Selatan,3,3,1,323.0,220.0
5285,5286,2500000000,Pulo Gadung,Jakarta Timur,1,1,1,90.0,60.0
5286,5287,3500000000,Kayu Putih,Jakarta Timur,4,2,0,150.0,200.0
5287,5288,3100000000,Pulo Gadung,Jakarta Timur,0,0,0,188.0,90.0
5288,5289,2500000000,Rawamangun,Jakarta Timur,3,3,1,90.0,140.0
5289,5290,5700000000,Citra Grand,Jakarta Timur,6,5,1,384.0,400.0
5290,5291,7500000000,Kayu Putih,Jakarta Timur,3,1,3,337.0,200.0
5291,5292,45000000000,Pondok Indah,Jakarta Selatan,7,6,6,914.0,700.0
5292,5293,5200000000,Rawamangun,Jakarta Timur,4,3,1,170.0,450.0
5293,5294,15000000000,Cipete,Jakarta Selatan,5,3,4,500.0,225.0
5294,5295,4950000000,Rawamangun,Jakarta Timur,4,3,1,184.0,220.0
5295,5296,3000000000,Rawamangun,Jakarta Timur,3,4,2,90.0,140.0
5296,5297,9250000000,Rawamangun,Jakarta Timur,5,5,2,480.0,385.0
5297,5298,3900000000,Rawamangun,Jakarta Timur,4,3,2,135.0,220.0
5298,5299,900000000,Jagakarsa,Jakarta Selatan,0,0,0,88.0,70.0
5299,5300,17500000000,Bintaro,Jakarta Selatan,1,1,5,1305.0,48.0
5300,5301,20000000000,Kelapa Gading,Jakarta Utara,6,7,2,300.0,1000.0
5301,5302,1800000000,Kebagusan,Jakarta Selatan,3,2,1,94.0,120.0
5302,5303,11500000000,Cempaka Putih,Jakarta Pusat,6,5,3,401.0,785.0
5303,5304,22000000000,Pluit,Jakarta Utara,1,1,0,525.0,600.0
5304,5305,4300000000,Lebak Bulus,Jakarta Selatan,3,2,2,177.0,160.0
5305,5306,3500000000,Cirendeu,Jakarta Selatan,4,3,1,330.0,296.0
5306,5307,1700000000,Kebagusan,Jakarta Selatan,1,1,0,115.0,98.0
5307,5308,35000000000,Blok M,Jakarta Selatan,7,7,3,350.0,500.0
5308,5309,995000000,Karang Anyar,Jakarta Pusat,3,1,0,61.0,56.0
5309,5310,12000000000,Duren Tiga,Jakarta Selatan,5,2,2,584.0,350.0
5310,5311,15400000000,Pondok Indah,Jakarta Selatan,7,5,1,235.0,200.0
5311,5312,13000000000,Gandaria,Jakarta Selatan,5,5,2,590.0,775.0
5312,5313,2250000000,Lebak Bulus,Jakarta Selatan,0,0,0,130.0,125.0
5313,5314,2150000000,Salemba,Jakarta Pusat,3,3,2,60.0,180.0
5314,5315,4200000000,Tomang,Jakarta Barat,9,4,1,141.0,207.0
5315,5316,6500000000,Kemanggisan,Jakarta Barat,4,2,1,263.0,200.0
5316,5317,16000000000,Kebon Jeruk,Jakarta Barat,4,3,6,925.0,400.0
5317,5318,6000000000,Meruya,Jakarta Barat,6,5,2,400.0,500.0
5318,5319,4000000000,Tomang,Jakarta Barat,3,3,1,166.0,200.0
5319,5320,3700000000,Srengseng,Jakarta Barat,4,2,2,209.0,160.0
5320,5321,9000000000,Tanah Abang,Jakarta Pusat,3,2,1,260.0,200.0
5321,5322,5300000000,Tomang,Jakarta Barat,4,2,1,139.0,250.0
5322,5323,6000000000,Tanjung Duren,Jakarta Barat,5,3,0,321.0,250.0
5323,5324,3700000000,Kebon Jeruk,Jakarta Barat,3,2,1,120.0,160.0
5324,5325,3500000000,Srengseng,Jakarta Barat,4,3,1,257.0,172.0
5325,5326,1600000000,Srengseng,Jakarta Barat,3,2,2,153.0,134.0
5326,5327,2000000000,Kelapa Dua,Jakarta Barat,4,2,1,118.0,200.0
5327,5328,4500000000,Bintaro,Jakarta Selatan,3,2,4,352.0,125.0
5328,5329,3300000000,Kebon Jeruk,Jakarta Barat,5,3,2,137.0,250.0
5329,5330,3500000000,Srengseng,Jakarta Barat,5,3,2,235.0,200.0
5330,5331,2520000000,Meruya,Jakarta Barat,3,3,2,125.0,165.0
5331,5332,7500000000,Tanjung Duren,Jakarta Barat,7,4,2,220.0,180.0
5332,5333,3600000000,Kebon Jeruk,Jakarta Barat,5,2,1,173.0,150.0
5333,5334,730000000,Marunda,Jakarta Utara,2,1,2,121.0,80.0
5334,5335,17500000000,Cipete,Jakarta Selatan,5,4,1,529.0,275.0
5335,5336,730000000,Pulogebang,Jakarta Timur,2,1,2,121.0,80.0
5336,5337,9500000000,Bintaro,Jakarta Selatan,5,3,2,863.0,600.0
5337,5338,1250000000,Pasar Minggu,Jakarta Selatan,2,1,1,130.0,100.0
5338,5339,6800000000,Cengkareng Barat,Jakarta Barat,4,3,2,325.0,450.0
5339,5340,730000000,Jakarta Garden City,Jakarta Timur,2,1,2,121.0,80.0
5340,5341,730000000,Jakarta Garden City,Jakarta Timur,2,1,2,121.0,80.0
5341,5342,730000000,Cilincing,Jakarta Utara,2,1,2,121.0,80.0
5342,5343,4800000000,Thamrin,Jakarta Pusat,3,2,2,144.0,196.0
5343,5344,730000000,Cakung,Jakarta Timur,2,1,2,121.0,80.0
5344,5345,20000000000,Ragunan,Jakarta Selatan,20,8,10,1098.0,900.0
5345,5346,3200000000,Jelambar,Jakarta Barat,3,3,1,102.0,252.0
5346,5347,2200000000,Jelambar,Jakarta Barat,3,3,1,70.0,175.0
5347,5348,1900000000,Jelambar,Jakarta Barat,3,3,1,68.0,205.0
5348,5349,2100000000,Jelambar,Jakarta Barat,3,3,1,60.0,175.0
5349,5350,3000000000,Jelambar,Jakarta Barat,3,3,1,82.0,225.0
5350,5351,9700000000,Pantai Indah Kapuk,Jakarta Utara,3,3,0,230.0,300.0
5351,5352,3800000000,Jelambar,Jakarta Barat,1,3,1,69.0,245.0
5352,5353,29000000000,Pantai Indah Kapuk,Jakarta Utara,6,6,4,459.0,1000.0
5353,5354,3500000000,Jelambar,Jakarta Barat,3,3,1,132.0,231.0
5354,5355,7000000000,Pantai Indah Kapuk,Jakarta Utara,0,3,0,225.0,360.0
5355,5356,3850000000,Jelambar,Jakarta Barat,5,3,1,116.0,205.0
5356,5357,8830000000,Pantai Indah Kapuk 2,Jakarta Utara,3,3,0,200.0,250.0
5357,5358,30000000000,Radio Dalam,Jakarta Selatan,6,6,5,500.0,200.0
5358,5359,3000000000,Jelambar,Jakarta Barat,3,3,1,100.0,225.0
5359,5360,11500000000,Pantai Indah Kapuk,Jakarta Utara,4,4,3,250.0,250.0
5360,5361,2700000000,Jelambar,Jakarta Barat,17,4,1,80.0,275.0
5361,5362,6500000000,Muara Karang,Jakarta Utara,3,4,1,200.0,250.0
5362,5363,3750000000,Jelambar,Jakarta Barat,8,8,1,135.0,155.0
5363,5364,9500000000,Muara Karang,Jakarta Utara,3,2,0,240.0,570.0
5364,5365,3650000000,Jelambar,Jakarta Barat,1,3,1,124.0,267.0
5365,5366,16500000000,Jagakarsa,Jakarta Selatan,6,10,8,1105.0,609.0
5366,5367,9500000000,Pluit,Jakarta Utara,8,7,0,235.0,610.0
5367,5368,5500000000,Cinere,Jakarta Selatan,4,3,0,502.0,300.0
5368,5369,3800000000,Kelapa Gading,Jakarta Utara,4,2,2,144.0,220.0
5369,5370,3300000000,Jelambar,Jakarta Barat,3,2,1,180.0,155.0
5370,5371,4000000000,Muara Karang,Jakarta Utara,3,2,0,120.0,150.0
5371,5372,5000000000,Pluit,Jakarta Utara,4,4,0,160.0,250.0
5372,5373,7000000000,Jelambar,Jakarta Barat,7,6,1,253.0,455.0
5373,5374,12000000000,Pluit,Jakarta Utara,4,3,2,427.0,450.0
5374,5375,2950000000,Joglo,Jakarta Barat,3,3,2,100.0,200.0
5375,5376,14900000000,Permata Buana,Jakarta Barat,4,4,0,180.0,500.0
5376,5377,8000000000,Cilandak,Jakarta Selatan,4,3,1,144.0,270.0
5377,5378,1890000000,Graha Bintaro,Jakarta Selatan,4,3,2,90.0,120.0
5378,5379,2500000000,Duri Kosambi,Jakarta Barat,3,2,2,150.0,150.0
5379,5380,1890000000,Bintaro,Jakarta Selatan,4,3,2,90.0,120.0
5380,5381,4470000000,Kebayoran Lama,Jakarta Selatan,1,1,1,179.0,150.0
5381,5382,1200000000,Pulo Gadung,Jakarta Timur,2,1,1,84.0,70.0
5382,5383,45000000000,Pondok Indah,Jakarta Selatan,6,4,4,900.0,500.0
5383,5384,20500000000,Cilandak,Jakarta Selatan,9,8,6,780.0,600.0
5384,5385,14000000000,Cilandak,Jakarta Selatan,4,5,2,515.0,400.0
5385,5386,6000000000,Bintaro,Jakarta Selatan,8,5,2,445.0,700.0
5386,5387,395000000,Kramat Jati,Jakarta Timur,2,1,0,20.0,40.0
5387,5388,21000000000,Golf Island,Jakarta Utara,5,5,2,350.0,900.0
5388,5389,1300000000,Pondok Kelapa,Jakarta Timur,4,2,2,81.0,105.0
5389,5390,9000000000,Duren Sawit,Jakarta Timur,5,4,0,377.0,450.0
5390,5391,8500000000,Pantai Indah Kapuk,Jakarta Utara,7,4,3,340.0,600.0
5391,5392,31000000000,Kebayoran Baru,Jakarta Selatan,4,4,4,500.0,450.0
5392,5393,5700000000,TB Simatupang,Jakarta Selatan,5,4,2,152.0,380.0
5393,5394,17800000000,Cipinang,Jakarta Timur,7,3,3,604.0,760.0
5394,5395,46000000000,Kebayoran Baru,Jakarta Selatan,5,2,4,506.0,474.0
5395,5396,4800000000,Tambora,Jakarta Barat,5,3,0,400.0,640.0
5396,5397,1300000000,Cipayung,Jakarta Timur,2,2,1,60.0,54.0
5397,5398,9000000000,Citra Grand,Jakarta Timur,4,3,2,788.0,450.0
5398,5399,7500000000,Pantai Indah Kapuk,Jakarta Utara,4,4,0,136.0,400.0
5399,5400,3500000000,Green Ville,Jakarta Barat,5,4,1,220.0,230.0
5400,5401,1250000000,Duri Kepa,Jakarta Barat,3,3,1,39.0,72.0
5401,5402,1900000000,Duri Kepa,Jakarta Barat,3,3,1,52.0,120.0
5402,5403,13000000000,Sunrise Garden,Jakarta Barat,7,8,4,266.0,550.0
5403,5404,9000000000,Permata Buana,Jakarta Barat,3,3,2,190.0,420.0
5404,5405,2800000000,Tanjung Duren,Jakarta Barat,5,3,1,71.0,150.0
5405,5406,2350000000,Cengkareng,Jakarta Barat,3,2,2,70.0,125.0
5406,5407,7300000000,Metro permata,Jakarta Barat,2,2,1,1025.0,132.0
5407,5408,3000000000,Intercon,Jakarta Barat,3,2,1,117.0,100.0
5408,5409,2600000000,Tomang,Jakarta Barat,5,4,1,85.0,167.0
5409,5410,1900000000,Tanjung Duren,Jakarta Barat,4,4,1,43.0,85.0
5410,5411,1550000000,Kedoya,Jakarta Barat,4,4,1,43.0,150.0
5411,5412,1700000000,Duri Kepa,Jakarta Barat,3,2,1,51.0,95.0
5412,5413,2800000000,Taman Kencana,Jakarta Barat,3,2,1,90.0,200.0
5413,5414,4200000000,Joglo,Jakarta Barat,4,4,2,120.0,306.0
5414,5415,8000000000,Pluit,Jakarta Utara,5,5,1,300.0,500.0
5415,5416,4300000000,Fatmawati,Jakarta Selatan,3,4,2,302.0,264.0
5416,5417,370000000000,TB Simatupang,Jakarta Selatan,30,45,5,16791.0,10000.0
5417,5418,14000000000,Kebayoran Baru,Jakarta Selatan,7,6,10,500.0,500.0
5418,5419,1750000000,Bambu Apus,Jakarta Timur,3,3,2,105.0,120.0
5419,5420,2500000000,Jakarta Garden City,Jakarta Timur,3,2,1,148.0,156.0
5420,5421,2500000000,Jakarta Garden City,Jakarta Timur,3,2,1,148.0,156.0
5421,5422,2000000000,Jakarta Garden City,Jakarta Timur,4,3,2,112.0,160.0
5422,5423,2550000000,Jakarta Garden City,Jakarta Timur,3,3,1,148.0,156.0
5423,5424,2600000000,Jakarta Garden City,Jakarta Timur,3,3,2,148.0,158.0
5424,5425,1900000000,Jakarta Garden City,Jakarta Timur,3,3,2,120.0,90.0
5425,5426,2600000000,Jakarta Garden City,Jakarta Timur,3,3,2,98.0,115.0
5426,5427,2900000000,Duren Sawit,Jakarta Timur,4,3,2,190.0,350.0
5427,5428,6000000000,Angke,Jakarta Barat,6,8,3,263.0,650.0
5428,5429,4500000000,Green Lake City,Jakarta Barat,0,0,0,198.0,130.0
5429,5430,8500000000,Lebak Bulus,Jakarta Selatan,4,3,2,335.0,320.0
5430,5431,2600000000,Kav DKI,Jakarta Barat,3,3,1,125.0,194.0
5431,5432,5600000000,Kayu Putih,Jakarta Timur,5,4,0,183.0,125.0
5432,5433,2700000000,Meruya,Jakarta Barat,3,3,1,90.0,120.0
5433,5434,3300000000,Rawamangun,Jakarta Timur,5,3,0,150.0,250.0
5434,5435,2800000000,Metland Puri,Jakarta Barat,3,3,1,102.0,120.0
5435,5436,16500000000,Rawamangun,Jakarta Timur,5,4,2,1260.0,600.0
5436,5437,3200000000,Pulomas,Jakarta Timur,2,2,0,150.0,125.0
5437,5438,4000000000,Kelapa Gading,Jakarta Utara,4,3,1,154.0,157.0
5438,5439,7800000000,Permata Buana,Jakarta Barat,4,3,2,250.0,400.0
5439,5440,7500000000,Cipete,Jakarta Selatan,22,22,1,104.0,416.0
5440,5441,7500000000,Cipete,Jakarta Selatan,22,22,1,104.0,416.0
5441,5442,4400000000,Pantai Indah Kapuk 2,Jakarta Utara,3,2,1,120.0,179.0
5442,5443,7600000000,Kayu Putih,Jakarta Timur,3,2,0,314.0,250.0
5443,5444,2500000000,Cilincing,Jakarta Utara,4,3,1,120.0,160.0
5444,5445,11000000000,Kayu Putih,Jakarta Timur,5,4,0,312.0,232.0
5445,5446,4600000000,Meruya,Jakarta Barat,4,4,2,250.0,290.0
5446,5447,4500000000,Jagakarsa,Jakarta Selatan,4,4,1,143.0,300.0
5447,5448,3500000000,Kayu Putih,Jakarta Timur,4,2,0,135.0,200.0
5448,5449,2700000000,Raffles Hills,Jakarta Timur,5,4,2,98.0,122.0
5449,5450,65000000000,Pantai Indah Kapuk,Jakarta Utara,7,7,6,800.0,2500.0
5450,5451,5500000000,Muara Karang,Jakarta Utara,4,4,0,120.0,300.0
5451,5452,3800000000,Kayu Putih,Jakarta Timur,3,1,0,200.0,125.0
5452,5453,1700000000,Jakarta Garden City,Jakarta Timur,3,2,2,90.0,90.0
5453,5454,1700000000,Jagakarsa,Jakarta Selatan,0,3,2,70.0,160.0
5454,5455,1400000000,Jakarta Garden City,Jakarta Timur,2,2,2,90.0,63.0
5455,5456,1600000000,Jakarta Garden City,Jakarta Timur,3,2,2,90.0,75.0
5456,5457,1400000000,Jakarta Garden City,Jakarta Timur,3,1,2,90.0,69.0
5457,5458,1890000000,Jakarta Garden City,Jakarta Timur,4,2,1,85.0,93.0
5458,5459,1700000000,Jakarta Garden City,Jakarta Timur,2,2,2,102.0,90.0
5459,5460,2650000000,Jakarta Garden City,Jakarta Timur,4,3,2,170.0,120.0
5460,5461,1400000000,Cakung,Jakarta Timur,2,1,1,120.0,80.0
5461,5462,6300000000,Kalimalang,Jakarta Timur,4,4,3,491.0,461.0
5462,5463,1500000000,Kembangan,Jakarta Barat,2,2,1,60.0,100.0
5463,5464,3650000000,Pulomas,Jakarta Timur,4,4,2,96.0,280.0
5464,5465,2150000000,Joglo,Jakarta Barat,4,4,2,100.0,135.0
5465,5466,3200000000,Pondok Kelapa,Jakarta Timur,3,3,2,180.0,159.0
5466,5467,14500000000,Permata Buana,Jakarta Barat,4,3,2,200.0,525.0
5467,5468,3600000000,Pulo Gadung,Jakarta Timur,4,2,2,80.0,100.0
5468,5469,5800000000,Permata Buana,Jakarta Barat,4,3,1,160.0,350.0
5469,5470,2000000000,Cengkareng,Jakarta Barat,4,2,1,68.0,195.0
5470,5471,1300000000,Pantai Indah Kapuk 2,Jakarta Utara,5,4,2,250.0,330.0
5471,5472,6500000000,Permata Buana,Jakarta Barat,3,3,1,144.0,250.0
5472,5473,13500000000,Bangka,Jakarta Selatan,3,3,4,696.0,325.0
5473,5474,1900000000,Cinere,Jakarta Selatan,3,4,2,100.0,130.0
5474,5475,3800000000,Tebet,Jakarta Selatan,15,8,2,161.0,272.0
5475,5476,2500000000,Buaran,Jakarta Timur,3,3,1,136.0,210.0
5476,5477,3200000000,Pondok Kelapa,Jakarta Timur,3,3,2,180.0,159.0
5477,5478,1350000000,Jakarta Garden City,Jakarta Timur,2,2,2,90.0,58.0
5478,5479,1400000000,Jakarta Garden City,Jakarta Timur,2,2,2,90.0,63.0
5479,5480,1420000000,Jakarta Garden City,Jakarta Timur,3,1,2,90.0,63.0
5480,5481,1420000000,Jakarta Garden City,Jakarta Timur,3,1,2,90.0,63.0
5481,5482,1500000000,Jakarta Garden City,Jakarta Timur,3,2,2,90.0,75.0
5482,5483,1600000000,Jakarta Garden City,Jakarta Timur,3,2,2,90.0,75.0
5483,5484,1700000000,Jakarta Garden City,Jakarta Timur,3,2,2,90.0,90.0
5484,5485,1900000000,Jakarta Garden City,Jakarta Timur,3,3,2,120.0,90.0
5485,5486,1900000000,Jakarta Garden City,Jakarta Timur,3,3,2,112.0,90.0
5486,5487,1900000000,Jakarta Garden City,Jakarta Timur,3,3,1,102.0,120.0
5487,5488,2000000000,Jakarta Garden City,Jakarta Timur,3,3,2,120.0,90.0
5488,5489,2000000000,Jakarta Garden City,Jakarta Timur,4,2,2,112.0,160.0
5489,5490,2250000000,Citra Garden,Jakarta Barat,3,3,1,90.0,120.0
5490,5491,3100000000,Green Lake City,Jakarta Barat,3,2,1,120.0,180.0
5491,5492,3410000000,Pantai Indah Kapuk 2,Jakarta Utara,3,2,1,90.0,110.0
5492,5493,2100000000,Jakarta Garden City,Jakarta Timur,3,3,1,120.0,168.0
5493,5494,2500000000,Jakarta Garden City,Jakarta Timur,3,2,1,148.0,156.0
5494,5495,2650000000,Jakarta Garden City,Jakarta Timur,4,3,2,170.0,127.0
5495,5496,2600000000,Jakarta Garden City,Jakarta Timur,3,3,2,98.0,90.0
5496,5497,2700000000,Jakarta Garden City,Jakarta Timur,3,4,2,98.0,115.0
5497,5498,4500000000,Jakarta Garden City,Jakarta Timur,4,4,2,244.0,256.0
5498,5499,1010000000,Cakung,Jakarta Timur,3,2,1,50.0,57.0
5499,5500,1400000000,Jakarta Garden City,Jakarta Timur,3,1,2,90.0,69.0
5500,5501,1890000000,Jakarta Garden City,Jakarta Timur,4,2,1,85.0,93.0
5501,5502,1100000000,Cakung,Jakarta Timur,3,2,1,104.0,143.0
5502,5503,1700000000,Jakarta Garden City,Jakarta Timur,2,2,2,102.0,90.0
5503,5504,1500000000,Jakarta Garden City,Jakarta Timur,2,2,1,85.0,60.0
5504,5505,1300000000,Raffles Hills,Jakarta Timur,4,3,1,90.0,110.0
5505,5506,5300000000,Kedoya,Jakarta Barat,4,2,1,280.0,350.0
5506,5507,1690000000,Citra Grand,Jakarta Timur,4,3,1,133.0,150.0
5507,5508,3950000000,Fatmawati,Jakarta Selatan,5,3,2,161.0,180.0
5508,5509,3950000000,Cipete,Jakarta Selatan,5,3,2,161.0,180.0
5509,5510,2270000000,Jagakarsa,Jakarta Selatan,4,3,2,75.0,190.0
5510,5511,3950000000,Graha Bintaro,Jakarta Selatan,5,3,2,161.0,180.0
5511,5512,10500000000,Jagakarsa,Jakarta Selatan,4,3,3,1450.0,1000.0
5512,5513,1100000000,Cibubur,Jakarta Timur,3,2,2,75.0,89.0
5513,5514,9500000000,Pondok Indah,Jakarta Selatan,3,2,1,200.0,180.0
5514,5515,1700000000,Cibubur,Jakarta Timur,5,5,2,108.0,130.0
5515,5516,1500000000,Cibubur,Jakarta Timur,3,2,2,181.0,70.0
5516,5517,1600000000,Ciracas,Jakarta Timur,3,2,1,92.0,96.0
5517,5518,5400000000,Bintaro,Jakarta Selatan,4,3,2,375.0,307.0
5518,5519,2300000000,Cipinang,Jakarta Timur,4,4,2,90.0,135.0
5519,5520,11600000000,Kebayoran Baru,Jakarta Selatan,6,2,2,249.0,300.0
5520,5521,1540000000,Graha Bintaro,Jakarta Selatan,3,3,2,65.0,117.0
5521,5522,3950000000,Pondok Pinang,Jakarta Selatan,5,3,2,162.0,180.0
5522,5523,9500000000,Kota Wisata,Jakarta Timur,4,4,4,630.0,400.0
5523,5524,5200000000,Sektor 1 - Bintaro,Jakarta Selatan,3,3,3,375.0,307.0
5524,5525,120000000000,Pondok Indah,Jakarta Selatan,7,7,6,1280.0,2100.0
5525,5526,6800000000,Joglo,Jakarta Barat,6,6,5,675.0,1000.0
5526,5527,15000000000,Lebak Bulus,Jakarta Selatan,4,3,4,797.0,327.0
5527,5528,1990000000,Cilandak,Jakarta Selatan,4,4,2,46.0,132.0
5528,5529,3100000000,Citra Garden,Jakarta Barat,3,3,1,310.0,201.0
5529,5530,3400000000,Kelapa Gading,Jakarta Utara,3,2,1,120.0,100.0
5530,5531,50000000000,Kuningan,Jakarta Selatan,6,4,2,865.0,365.0
5531,5532,11900000000,Jagakarsa,Jakarta Selatan,5,5,2,514.0,600.0
5532,5533,11000000000,Pantai Indah Kapuk,Jakarta Utara,4,4,2,300.0,350.0
5533,5534,25000000000,Pondok Indah,Jakarta Selatan,5,5,0,490.0,700.0
5534,5535,2680000000,Kelapa Gading,Jakarta Utara,6,4,2,102.0,150.0
5535,5536,8900000000,Cipete,Jakarta Selatan,4,3,2,385.0,305.0
5536,5537,9500000000,Pondok Indah,Jakarta Selatan,4,3,3,300.0,400.0
5537,5538,2300000000,Cibubur,Jakarta Timur,4,3,2,187.0,233.0
5538,5539,6500000000,Lebak Bulus,Jakarta Selatan,3,3,2,348.0,400.0
5539,5540,7500000000,Puri Indah,Jakarta Barat,4,4,1,255.0,350.0
5540,5541,13000000000,Puri Indah,Jakarta Barat,0,0,0,274.0,400.0
5541,5542,4000000000,Pondok Indah,Jakarta Selatan,4,3,1,116.0,250.0
5542,5543,600000000,Koja,Jakarta Utara,2,2,0,44.0,65.0
5543,5544,17000000000,Kebayoran Baru,Jakarta Selatan,5,5,2,655.0,600.0
5544,5545,9000000000,Kelapa Gading,Jakarta Utara,4,3,1,392.0,312.0
5545,5546,29000000000,Kebayoran Baru,Jakarta Selatan,9,4,9,469.0,301.0
5546,5547,4100000000,Lebak Bulus,Jakarta Selatan,4,3,2,250.0,150.0
5547,5548,560000000,Cilangkap,Jakarta Timur,2,2,1,34.0,38.0
5548,5549,11500000000,Pondok Indah,Jakarta Selatan,4,3,2,212.0,400.0
5549,5550,6950000000,Taman Kencana,Jakarta Barat,5,4,2,200.0,500.0
5550,5551,15000000000,Puri Indah,Jakarta Barat,4,4,2,300.0,450.0
5551,5552,25000000000,Pondok Indah,Jakarta Selatan,6,5,0,437.0,600.0
5552,5553,107000000000,Menteng,Jakarta Pusat,0,5,0,900.0,1500.0
5553,5554,7500000000,Pasar Minggu,Jakarta Selatan,4,4,0,590.0,400.0
5554,5555,10900000000,Bintaro,Jakarta Selatan,5,5,0,835.0,465.0
5555,5556,7600000000,Sunter,Jakarta Utara,3,2,0,300.0,250.0
5556,5557,55000000000,Menteng,Jakarta Pusat,5,5,0,640.0,600.0
5557,5558,18500000000,Kemang,Jakarta Selatan,4,4,0,1126.0,600.0
5558,5559,7700000000,Tebet,Jakarta Selatan,3,3,0,200.0,190.0
5559,5560,20000000000,Sunter,Jakarta Utara,1,0,0,500.0,450.0
5560,5561,20000000000,Sunter,Jakarta Utara,1,0,0,500.0,450.0
5561,5562,4100000000,Permata Buana,Jakarta Barat,4,2,1,144.0,180.0
5562,5563,52000000000,Menteng,Jakarta Pusat,3,3,0,664.0,664.0
5563,5564,28000000000,Cilandak,Jakarta Selatan,4,3,2,1052.0,373.0
5564,5565,18500000000,Mampang Prapatan,Jakarta Selatan,6,5,0,1013.0,650.0
5565,5566,3500000000,Green Lake City,Jakarta Barat,3,3,1,144.0,180.0
5566,5567,6500000000,Muara Karang,Jakarta Utara,3,3,1,200.0,300.0
5567,5568,900000000,Lenteng Agung,Jakarta Selatan,3,2,1,50.0,80.0
5568,5569,1650000000,Taman Ratu,Jakarta Barat,4,3,1,59.0,130.0
5569,5570,1800000000,Taman Ratu,Jakarta Barat,3,2,1,52.0,125.0
5570,5571,2890000000,Taman Ratu,Jakarta Barat,4,4,1,72.0,126.0
5571,5572,3350000000,Taman Ratu,Jakarta Barat,6,6,2,108.0,273.0
5572,5573,920000000,Kalibata,Jakarta Selatan,3,2,1,59.0,72.0
5573,5574,3500000000,Taman Ratu,Jakarta Barat,4,3,2,221.0,270.0
5574,5575,2900000000,Duri Kepa,Jakarta Barat,4,4,1,127.0,160.0
5575,5576,1400000000,Tanjung Duren,Jakarta Barat,3,2,1,60.0,120.0
5576,5577,4950000000,Taman Ratu,Jakarta Barat,5,4,2,200.0,293.0
5577,5578,2950000000,Duri Kepa,Jakarta Barat,4,4,2,165.0,270.0
5578,5579,7500000000,Taman Ratu,Jakarta Barat,5,4,2,270.0,350.0
5579,5580,1450000000,Tanjung Duren,Jakarta Barat,4,2,0,65.0,100.0
5580,5581,2500000000,Taman Ratu,Jakarta Barat,4,3,2,103.0,157.0
5581,5582,4500000000,Duri Kepa,Jakarta Barat,6,3,1,198.0,286.0
5582,5583,3950000000,Taman Ratu,Jakarta Barat,3,3,2,154.0,180.0
5583,5584,4500000000,Duri Kepa,Jakarta Barat,3,3,1,240.0,160.0
5584,5585,1550000000,Tanjung Duren,Jakarta Barat,2,2,0,121.0,66.0
5585,5586,3000000000,Taman Ratu,Jakarta Barat,3,3,1,96.0,180.0
5586,5587,2750000000,Tomang,Jakarta Barat,3,2,2,75.0,150.0
5587,5588,8800000000,Tanjung Duren,Jakarta Barat,3,3,2,190.0,250.0
5588,5589,2600000000,Taman Ratu,Jakarta Barat,4,2,2,150.0,200.0
5589,5590,5600000000,Taman Ratu,Jakarta Barat,5,5,2,132.0,276.0
5590,5591,3300000000,Daan Mogot,Jakarta Barat,5,4,2,120.0,160.0
5591,5592,3300000000,Tomang,Jakarta Barat,5,3,2,90.0,195.0
5592,5593,5200000000,Tomang,Jakarta Barat,5,3,1,139.0,220.0
5593,5594,1750000000,Taman Ratu,Jakarta Barat,3,2,1,108.0,90.0
5594,5595,4600000000,Tomang,Jakarta Barat,3,2,1,165.0,110.0
5595,5596,6700000000,Bintaro,Jakarta Selatan,7,8,2,310.0,380.0
5596,5597,3500000000,Daan Mogot,Jakarta Barat,3,2,2,105.0,140.0
5597,5598,3500000000,Taman Ratu,Jakarta Barat,3,3,2,126.0,182.0
5598,5599,2700000000,Tanjung Duren,Jakarta Barat,4,3,1,84.0,180.0
5599,5600,4550000000,Tomang,Jakarta Barat,8,5,2,315.0,500.0
5600,5601,4500000000,Tanjung Duren,Jakarta Barat,8,4,1,234.0,200.0
5601,5602,4250000000,Tomang,Jakarta Barat,4,2,1,198.0,143.0
5602,5603,12500000000,Tomang,Jakarta Barat,5,4,2,313.0,700.0
5603,5604,3600000000,Jelambar,Jakarta Barat,6,5,2,140.0,262.0
5604,5605,1950000000,Tanjung Duren,Jakarta Barat,6,3,1,56.0,75.0
5605,5606,13500000000,Tomang,Jakarta Barat,8,5,4,300.0,800.0
5606,5607,1650000000,Duri Kepa,Jakarta Barat,3,3,1,42.0,84.0
5607,5608,4400000000,Jelambar,Jakarta Barat,7,4,2,275.0,210.0
5608,5609,2500000000,Tanjung Duren,Jakarta Barat,6,3,1,66.0,108.0
5609,5610,2600000000,Tomang,Jakarta Barat,4,5,1,90.0,200.0
5610,5611,1300000000,Tanjung Duren,Jakarta Barat,4,3,1,39.0,90.0
5611,5612,7590000000,Taman Ratu,Jakarta Barat,5,4,5,423.0,260.0
5612,5613,4900000000,Jelambar,Jakarta Barat,5,3,2,224.0,300.0
5613,5614,2150000000,Duri Kepa,Jakarta Barat,4,3,1,65.0,165.0
5614,5615,2200000000,Tanjung Duren,Jakarta Barat,4,3,1,55.0,100.0
5615,5616,15000000000,Duri Kepa,Jakarta Barat,6,5,2,520.0,279.0
5616,5617,5000000000,Duri Kepa,Jakarta Barat,4,3,2,200.0,375.0
5617,5618,2300000000,Duri Kepa,Jakarta Barat,4,3,2,70.0,140.0
5618,5619,1700000000,Tanjung Duren,Jakarta Barat,4,4,1,121.0,132.0
5619,5620,2600000000,Duri Kepa,Jakarta Barat,3,3,1,61.0,130.0
5620,5621,3500000000,Tanjung Duren,Jakarta Barat,3,2,2,165.0,110.0
5621,5622,1750000000,Tanjung Duren,Jakarta Barat,4,3,1,52.0,138.0
5622,5623,1800000000,Tanjung Duren,Jakarta Barat,5,3,1,112.0,105.0
5623,5624,950000000,Tanjung Duren,Jakarta Barat,2,1,1,55.0,60.0
5624,5625,2900000000,Bojong Indah,Jakarta Barat,5,6,1,90.0,200.0
5625,5626,1750000000,Citra Garden,Jakarta Barat,3,3,1,54.0,150.0
5626,5627,3850000000,Muara Karang,Jakarta Utara,4,3,1,120.0,180.0
5627,5628,3600000000,Meruya,Jakarta Barat,4,3,2,144.0,250.0
5628,5629,790000000,Kalisari,Jakarta Timur,3,2,1,52.0,80.0
5629,5630,890000000,Pasar Rebo,Jakarta Timur,3,2,1,60.0,80.0
5630,5631,1900000000,Lebak Bulus,Jakarta Selatan,3,3,2,71.0,125.0
5631,5632,3800000000,Jakarta Garden City,Jakarta Timur,5,4,1,224.0,202.0
5632,5633,997000000,Jagakarsa,Jakarta Selatan,3,2,1,52.0,145.0
5633,5634,4500000000,Bintaro,Jakarta Selatan,3,2,2,262.0,270.0
5634,5635,775000000,Cibubur,Jakarta Timur,1,2,1,60.0,90.0
5635,5636,1200000000,Jagakarsa,Jakarta Selatan,3,2,1,69.0,102.0
5636,5637,950000000,Condet,Jakarta Timur,3,2,1,60.0,110.0
5637,5638,790000000,Jagakarsa,Jakarta Selatan,3,2,1,38.0,80.0
5638,5639,3100000000,Lebak Bulus,Jakarta Selatan,3,2,1,120.0,100.0
5639,5640,4250000000,Jagakarsa,Jakarta Selatan,4,7,2,116.0,350.0
5640,5641,4250000000,Jagakarsa,Jakarta Selatan,4,7,2,116.0,350.0
5641,5642,2500000000,Jagakarsa,Jakarta Selatan,3,3,1,86.0,200.0
5642,5643,5250000000,Jagakarsa,Jakarta Selatan,4,5,2,144.0,325.0
5643,5644,4600000000,Bintaro,Jakarta Selatan,4,4,2,180.0,285.0
5644,5645,4250000000,Muara Karang,Jakarta Utara,4,4,0,200.0,300.0
5645,5646,3800000000,Daan Mogot,Jakarta Barat,5,4,1,144.0,220.0
5646,5647,4700000000,Pantai Indah Kapuk,Jakarta Utara,3,3,0,160.0,160.0
5647,5648,2650000000,Pademangan,Jakarta Utara,3,4,0,85.0,210.0
5648,5649,2150000000,Metland Menteng,Jakarta Timur,4,3,1,90.0,129.0
5649,5650,5700000000,Green Lake City,Jakarta Barat,5,4,0,230.0,280.0
5650,5651,2750000000,Jagakarsa,Jakarta Selatan,5,4,2,95.0,200.0
5651,5652,500000000,Lenteng Agung,Jakarta Selatan,2,1,1,41.0,35.0
5652,5653,2600000000,Cibubur,Jakarta Timur,5,4,1,162.0,215.0
5653,5654,13000000000,Jagakarsa,Jakarta Selatan,6,5,6,2083.0,296.0
5654,5655,14000000000,Cempaka Putih,Jakarta Pusat,5,5,2,360.0,900.0
5655,5656,1670000000,Bambu Apus,Jakarta Timur,3,3,0,82.0,110.0
5656,5657,2250000000,Kayu Putih,Jakarta Timur,3,2,1,84.0,140.0
5657,5658,2100000000,Cibubur,Jakarta Timur,3,3,1,160.0,200.0
5658,5659,2100000000,Cakung,Jakarta Timur,3,2,1,102.0,69.0
5659,5660,2500000000,Cakung,Jakarta Timur,3,3,1,120.0,110.0
5660,5661,2300000000,Pejaten,Jakarta Selatan,4,3,1,164.0,175.0
5661,5662,1170000000,Kalideres,Jakarta Barat,2,2,1,50.0,70.0
5662,5663,1400000000,Pondok Kelapa,Jakarta Timur,3,3,1,91.0,175.0
5663,5664,4200000000,Cibubur,Jakarta Timur,5,4,2,296.0,400.0
5664,5665,2300000000,Cibubur,Jakarta Timur,3,2,0,148.0,67.0
5665,5666,12500000000,Pondok Indah,Jakarta Selatan,5,5,2,641.0,600.0
5666,5667,6450000000,Lebak Bulus,Jakarta Selatan,3,3,1,460.0,293.0
5667,5668,1900000000,Kemanggisan,Jakarta Barat,3,2,4,88.0,176.0
5668,5669,3600000000,Citra Garden,Jakarta Barat,4,4,2,105.0,200.0
5669,5670,3300000000,Cinere,Jakarta Selatan,4,3,1,240.0,260.0
5670,5671,2370000000,Cakung,Jakarta Timur,3,3,1,127.0,113.0
5671,5672,1900000000,Jakarta Garden City,Jakarta Timur,3,3,2,112.0,90.0
5672,5673,1700000000,Jakarta Garden City,Jakarta Timur,3,2,2,90.0,90.0
5673,5674,1400000000,Jakarta Garden City,Jakarta Timur,2,2,1,90.0,63.0
5674,5675,2500000000,Jakarta Garden City,Jakarta Timur,3,3,1,148.0,156.0
5675,5676,2050000000,Jakarta Garden City,Jakarta Timur,3,3,1,120.0,168.0
5676,5677,1900000000,Jakarta Garden City,Jakarta Timur,3,3,1,102.0,120.0
5677,5678,1900000000,Jakarta Garden City,Jakarta Timur,3,3,2,120.0,90.0
5678,5679,2000000000,Jakarta Garden City,Jakarta Timur,4,3,2,112.0,160.0
5679,5680,2550000000,Jakarta Garden City,Jakarta Timur,3,3,1,148.0,156.0
5680,5681,2550000000,Jakarta Garden City,Jakarta Timur,3,3,1,148.0,156.0
5681,5682,2650000000,Jakarta Garden City,Jakarta Timur,4,3,2,170.0,120.0
5682,5683,1600000000,Jakarta Garden City,Jakarta Timur,3,2,2,90.0,75.0
5683,5684,1350000000,Jakarta Garden City,Jakarta Timur,2,2,2,90.0,58.0
5684,5685,1550000000,Jakarta Garden City,Jakarta Timur,4,1,2,90.0,50.0
5685,5686,2930000000,Jakarta Garden City,Jakarta Timur,3,3,1,90.0,119.0
5686,5687,3110000000,Jakarta Garden City,Jakarta Timur,3,3,2,105.0,113.0
5687,5688,1010000000,Jakarta Garden City,Jakarta Timur,3,3,1,50.0,57.0
5688,5689,1950000000,Pegangsaan,Jakarta Utara,3,2,0,105.0,154.0
5689,5690,2000000000,Jakarta Garden City,Jakarta Timur,3,3,2,120.0,90.0
5690,5691,4500000000,Jakarta Garden City,Jakarta Timur,4,4,2,244.0,256.0
5691,5692,1010000000,Cakung,Jakarta Timur,3,3,1,50.0,57.0
5692,5693,2600000000,Jakarta Garden City,Jakarta Timur,3,3,2,148.0,156.0
5693,5694,2950000000,Cibubur,Jakarta Timur,4,3,3,203.0,300.0
5694,5695,1950000000,Cakung,Jakarta Timur,3,2,2,84.0,90.0
5695,5696,1400000000,Cakung,Jakarta Timur,2,1,1,120.0,80.0
5696,5697,2600000000,Jakarta Garden City,Jakarta Timur,3,3,2,98.0,115.0
5697,5698,3300000000,Kebon Jeruk,Jakarta Barat,4,2,1,177.0,150.0
5698,5699,4800000000,Jakarta Garden City,Jakarta Timur,4,3,2,240.0,240.0
5699,5700,2700000000,Cakung,Jakarta Timur,3,4,2,98.0,115.0
5700,5701,2600000000,Jakarta Garden City,Jakarta Timur,3,3,2,98.0,91.0
5701,5702,3700000000,Cakung,Jakarta Timur,4,3,2,144.0,143.0
5702,5703,1700000000,Jakarta Garden City,Jakarta Timur,2,2,2,102.0,90.0
5703,5704,1500000000,Jakarta Garden City,Jakarta Timur,2,2,1,85.0,60.0
5704,5705,1800000000,Jakarta Garden City,Jakarta Timur,3,3,0,90.0,200.0
5705,5706,3900000000,Cakung,Jakarta Timur,4,3,2,200.0,220.0
5706,5707,1400000000,Jakarta Garden City,Jakarta Timur,3,1,2,90.0,69.0
5707,5708,1890000000,Jakarta Garden City,Jakarta Timur,4,2,1,85.0,93.0
5708,5709,3300000000,Jakarta Garden City,Jakarta Timur,5,3,2,198.0,215.0
5709,5710,2100000000,Buaran,Jakarta Timur,4,4,2,92.0,120.0
5710,5711,1280000000,Pondok Kelapa,Jakarta Timur,3,3,1,48.0,80.0
5711,5712,4700000000,Lebak Bulus,Jakarta Selatan,6,4,1,225.0,350.0
5712,5713,2100000000,Duren Sawit,Jakarta Timur,4,4,0,92.0,120.0
5713,5714,2900000000,Rawamangun,Jakarta Timur,4,4,2,92.0,140.0
5714,5715,7800000000,Cilandak,Jakarta Selatan,4,5,5,348.0,325.0
5715,5716,2100000000,Duren Sawit,Jakarta Timur,3,3,2,90.0,110.0
5716,5717,2900000000,Jatiwaringin,Jakarta Timur,5,3,1,290.0,244.0
5717,5718,2000000000,Jagakarsa,Jakarta Selatan,7,4,2,158.0,280.0
5718,5719,4400000000,Pesanggrahan,Jakarta Selatan,4,4,2,288.0,228.0
5719,5720,8500000000,Kemang,Jakarta Selatan,3,2,1,247.0,385.0
5720,5721,2500000000,Cilandak,Jakarta Selatan,3,3,1,60.0,110.0
5721,5722,19500000000,Jembatan Besi,Jakarta Barat,5,3,0,937.0,150.0
5722,5723,4600000000,Sunter,Jakarta Utara,3,2,1,240.0,300.0
5723,5724,9000000000,Pejaten,Jakarta Selatan,7,5,0,260.0,300.0
5724,5725,12000000000,Bendungan Hilir,Jakarta Pusat,4,4,0,200.0,200.0
5725,5726,6000000000,Kelapa Gading,Jakarta Utara,3,3,0,162.0,350.0
5726,5727,4800000000,Kelapa Gading,Jakarta Utara,3,2,0,162.0,250.0
5727,5728,3250000000,Kelapa Gading,Jakarta Utara,5,4,0,120.0,250.0
5728,5729,2100000000,Pondok Kelapa,Jakarta Timur,4,2,2,114.0,140.0
5729,5730,6000000000,Kelapa Gading,Jakarta Utara,3,2,0,162.0,290.0
5730,5731,1550000000,Pejaten Timur,Jakarta Selatan,3,3,1,64.0,112.0
5731,5732,4500000000,Metland Puri,Jakarta Barat,3,4,3,144.0,165.0
5732,5733,4200000000,Tomang,Jakarta Barat,4,3,1,150.0,200.0
5733,5734,2330000000,Green Lake City,Jakarta Barat,3,3,2,90.0,126.0
5734,5735,19700000000,Permata Buana,Jakarta Barat,4,6,2,470.0,600.0
5735,5736,3150000000,Taman Ratu,Jakarta Barat,5,3,1,126.0,295.0
5736,5737,3700000000,Semanan,Jakarta Barat,7,7,3,178.0,228.0
5737,5738,14800000000,Golf Island,Jakarta Utara,4,4,0,428.0,447.0
5738,5739,10000000000,Puri Indah,Jakarta Barat,4,4,0,225.0,500.0
5739,5740,2850000000,Citra Garden,Jakarta Barat,5,4,1,161.0,179.0
5740,5741,4100000000,Metland Puri,Jakarta Barat,4,5,1,135.0,252.0
5741,5742,3750000000,Metland Puri,Jakarta Barat,4,3,2,135.0,189.0
5742,5743,2500000000,Jelambar,Jakarta Barat,3,3,1,80.0,155.0
5743,5744,11500000000,Kalideres,Jakarta Barat,5,5,0,323.0,750.0
5744,5745,26000000000,Kebayoran Baru,Jakarta Selatan,5,5,1,350.0,600.0
5745,5746,4500000000,Metland Puri,Jakarta Barat,3,3,2,120.0,131.0
5746,5747,2350000000,Duri Kosambi,Jakarta Barat,4,3,2,160.0,190.0
5747,5748,5000000000,Green Lake City,Jakarta Barat,3,3,1,228.0,169.0
5748,5749,7200000000,Cideng,Jakarta Pusat,6,6,1,180.0,325.0
5749,5750,1900000000,Muara Karang,Jakarta Utara,3,4,1,60.0,180.0
5750,5751,1550000000,Cilincing,Jakarta Utara,4,4,2,187.0,214.0
5751,5752,9000000000,Kebayoran Baru,Jakarta Selatan,5,2,0,145.0,200.0
5752,5753,1300000000,Klender,Jakarta Timur,3,2,1,105.0,85.0
5753,5754,3200000000,Jakarta Garden City,Jakarta Timur,6,4,2,198.0,215.0
5754,5755,40000000000,Menteng,Jakarta Pusat,10,9,2,733.0,548.0
5755,5756,1800000000,Pulogebang,Jakarta Timur,4,3,1,150.0,100.0
5756,5757,4300000000,Kelapa Gading,Jakarta Utara,4,3,2,200.0,250.0
5757,5758,48000000000,Kelapa Gading,Jakarta Utara,7,6,8,1117.0,1200.0
5758,5759,2470000000,Meruya,Jakarta Barat,3,3,1,125.0,168.0
5759,5760,4100000000,Green Lake City,Jakarta Barat,6,5,0,144.0,270.0
5760,5761,4100000000,Green Lake City,Jakarta Barat,6,5,0,144.0,270.0
5761,5762,7000000000,Pluit,Jakarta Utara,4,4,0,325.0,400.0
5762,5763,315000000,Jagakarsa,Jakarta Selatan,3,2,1,26.0,52.0
5763,5764,4500000000,Citra Garden,Jakarta Barat,4,4,2,210.0,225.0
5764,5765,9250000000,Pantai Indah Kapuk,Jakarta Utara,3,3,2,250.0,350.0
5765,5766,2600000000,Kalideres,Jakarta Barat,4,4,0,60.0,104.0
5766,5767,24000000000,Pantai Indah Kapuk,Jakarta Utara,5,5,0,560.0,700.0
5767,5768,25000000000,Pantai Indah Kapuk,Jakarta Utara,5,5,0,450.0,1000.0
5768,5769,4200000000,Muara Karang,Jakarta Utara,3,3,0,200.0,300.0
5769,5770,2500000000,Metland Puri,Jakarta Barat,4,4,1,102.0,102.0
5770,5771,1400000000,Pondok Kelapa,Jakarta Timur,2,2,1,90.0,150.0
5771,5772,25000000000,Kemang,Jakarta Selatan,4,3,1,1006.0,450.0
5772,5773,32000000000,Kebayoran Baru,Jakarta Selatan,5,4,2,530.0,700.0
5773,5774,30000000000,Senopati,Jakarta Selatan,4,4,2,558.0,300.0
5774,5775,14500000000,Kelapa Gading,Jakarta Utara,3,5,1,300.0,523.0
5775,5776,1100000000,Pondok Bambu,Jakarta Timur,4,1,1,98.0,134.0
5776,5777,780000000,Ciracas,Jakarta Timur,3,2,2,97.0,67.0
5777,5778,5200000000,Pantai Indah Kapuk,Jakarta Utara,4,3,2,120.0,160.0
5778,5779,2900000000,Kelapa Gading,Jakarta Utara,3,3,1,90.0,120.0
5779,5780,3750000000,Pantai Indah Kapuk,Jakarta Utara,4,3,1,90.0,103.0
5780,5781,12000000000,Pantai Indah Kapuk,Jakarta Utara,5,4,0,220.0,496.0
5781,5782,12500000000,Pantai Indah Kapuk,Jakarta Utara,4,0,0,290.0,400.0
5782,5783,5500000000,Sunter,Jakarta Utara,5,3,4,202.0,157.0
5783,5784,6500000000,Kembangan,Jakarta Barat,4,3,2,280.0,400.0
5784,5785,6700000000,Kelapa Gading,Jakarta Utara,6,3,1,200.0,300.0
5785,5786,12800000000,Pantai Indah Kapuk,Jakarta Utara,5,6,4,300.0,550.0
5786,5787,12500000000,Kemang,Jakarta Selatan,4,3,0,224.0,425.0
5787,5788,1600000000,Raffles Hills,Jakarta Timur,3,2,1,120.0,100.0
5788,5789,26000000000,Kebayoran Baru,Jakarta Selatan,4,3,2,362.0,450.0
5789,5790,1500000000,Raffles Hills,Jakarta Timur,4,3,1,112.0,200.0
5790,5791,17500000000,Kebayoran Baru,Jakarta Selatan,4,2,2,400.0,300.0
5791,5792,3000000000,Metland Puri,Jakarta Barat,5,3,1,160.0,240.0
5792,5793,5400000000,Pesanggrahan,Jakarta Selatan,4,3,2,375.0,307.0
5793,5794,1450000000,Duren Sawit,Jakarta Timur,3,2,2,55.0,70.0
5794,5795,48000000000,Kebayoran Baru,Jakarta Selatan,5,4,2,960.0,450.0
5795,5796,1500000000,Grogol,Jakarta Barat,4,3,0,74.0,180.0
5796,5797,1400000000,Pantai Indah Kapuk 2,Jakarta Utara,3,2,1,45.0,65.0
5797,5798,4200000000,Sunter,Jakarta Utara,4,3,1,144.0,250.0
5798,5799,6500000000,Muara Karang,Jakarta Utara,3,3,0,150.0,350.0
5799,5800,17000000000,Pantai Mutiara,Jakarta Utara,4,6,4,576.0,800.0
5800,5801,2500000000,Kebon Jeruk,Jakarta Barat,5,2,1,90.0,150.0
5801,5802,20000000000,Meruya,Jakarta Barat,7,4,3,630.0,800.0
5802,5803,2400000000,Kembangan,Jakarta Barat,6,5,1,96.0,190.0
5803,5804,2700000000,Kav DKI,Jakarta Barat,5,3,1,203.0,204.0
5804,5805,4500000000,Kav DKI,Jakarta Barat,5,4,0,250.0,250.0
5805,5806,2400000000,Kembangan,Jakarta Barat,6,5,2,96.0,190.0
5806,5807,2500000000,Green Lake City,Jakarta Barat,4,3,0,90.0,156.0
5807,5808,1800000000,Kembangan,Jakarta Barat,3,3,2,60.0,99.0
5808,5809,21000000000,Pondok Indah,Jakarta Selatan,5,5,2,543.0,400.0
5809,5810,3800000000,Lebak Bulus,Jakarta Selatan,5,3,3,225.0,300.0
5810,5811,8900000000,Lebak Bulus,Jakarta Selatan,4,2,5,366.0,200.0
5811,5812,5900000000,Pondok Indah,Jakarta Selatan,4,3,1,120.0,200.0
5812,5813,12000000000,Cipete,Jakarta Selatan,3,3,2,380.0,295.0
5813,5814,16000000000,Cipete,Jakarta Selatan,7,4,4,655.0,600.0
5814,5815,25000000000,Permata Hijau,Jakarta Selatan,6,4,2,1562.0,620.0
5815,5816,6980000000,Pondok Indah,Jakarta Selatan,5,3,1,195.0,250.0
5816,5817,5520000000,Pondok Indah,Jakarta Selatan,0,0,0,184.0,150.0
5817,5818,900000000,Jagakarsa,Jakarta Selatan,4,2,1,150.0,90.0
5818,5819,2700000000,Kembangan,Jakarta Barat,5,5,2,66.0,123.0
5819,5820,1400000000,Pademangan,Jakarta Utara,3,2,0,58.0,116.0
5820,5821,1000000000,Pademangan,Jakarta Utara,4,4,0,72.0,144.0
5821,5822,5950000000,Veteran,Jakarta Selatan,5,4,1,240.0,200.0
5822,5823,2400000000,Duren Sawit,Jakarta Timur,4,4,2,90.0,110.0
5823,5824,1300000000,Duren Sawit,Jakarta Timur,3,2,1,95.0,65.0
5824,5825,3750000000,Kedoya Baru,Jakarta Barat,2,2,1,200.0,200.0
5825,5826,12000000000,Pluit,Jakarta Utara,4,4,2,360.0,700.0
5826,5827,6500000000,Pondok Kelapa,Jakarta Timur,6,5,0,280.0,400.0
5827,5828,1550000000,Pondok Kelapa,Jakarta Timur,4,4,1,90.0,156.0
5828,5829,2390000000,Pondok Kelapa,Jakarta Timur,4,4,2,89.0,156.0
5829,5830,2500000000,Pondok Kelapa,Jakarta Timur,5,4,2,113.0,160.0
5830,5831,6200000000,Pluit,Jakarta Utara,3,3,2,325.0,250.0
5831,5832,4250000000,Pondok Kelapa,Jakarta Timur,6,6,2,250.0,409.0
5832,5833,4500000000,Pondok Kelapa,Jakarta Timur,8,6,2,252.0,350.0
5833,5834,4400000000,Kebon Jeruk,Jakarta Barat,3,2,2,258.0,150.0
5834,5835,1950000000,Pondok Kelapa,Jakarta Timur,4,2,1,70.0,105.0
5835,5836,9000000000,Citra Garden,Jakarta Barat,5,6,2,300.0,600.0
5836,5837,1850000000,Pondok Kelapa,Jakarta Timur,4,3,2,90.0,120.0
5837,5838,1450000000,Tanjung Duren,Jakarta Barat,3,2,1,65.0,80.0
5838,5839,5980000000,Duri Kepa,Jakarta Barat,4,4,1,216.0,312.0
5839,5840,15900000000,Kemanggisan,Jakarta Barat,6,4,2,685.0,360.0
5840,5841,1450000000,Cakung,Jakarta Timur,3,1,1,90.0,63.0
5841,5842,7000000000,Tanjung Duren,Jakarta Barat,10,5,2,240.0,350.0
5842,5843,7800000000,Duri Kepa,Jakarta Barat,5,5,2,322.0,360.0
5843,5844,7500000000,Permata Buana,Jakarta Barat,5,3,1,200.0,300.0
5844,5845,4500000000,Sunrise Garden,Jakarta Barat,5,5,1,130.0,195.0
5845,5846,9200000000,Kebayoran Lama,Jakarta Selatan,6,6,2,423.0,510.0
5846,5847,3700000000,Kemanggisan,Jakarta Barat,4,2,2,120.0,160.0
5847,5848,5500000000,Tomang,Jakarta Barat,6,5,1,137.0,231.0
5848,5849,3100000000,Pondok Kelapa,Jakarta Timur,5,4,1,138.0,144.0
5849,5850,2680000000,Meruya,Jakarta Barat,3,3,2,150.0,120.0
5850,5851,2350000000,Pondok Kelapa,Jakarta Timur,5,4,2,129.0,180.0
5851,5852,4600000000,Pondok Kelapa,Jakarta Timur,5,5,4,215.0,290.0
5852,5853,2000000000,Duri Kosambi,Jakarta Barat,4,3,2,120.0,150.0
5853,5854,1580000000,Duri Kosambi,Jakarta Barat,3,2,2,108.0,85.0
5854,5855,2300000000,Green Lake City,Jakarta Barat,3,2,2,96.0,100.0
5855,5856,3000000000,Rawamangun,Jakarta Timur,4,4,2,89.0,150.0
5856,5857,1950000000,Kalideres,Jakarta Barat,2,2,2,90.0,150.0
5857,5858,3500000000,Rawamangun,Jakarta Timur,5,5,0,75.0,260.0
5858,5859,2580000000,Green Lake City,Jakarta Barat,3,3,2,90.0,130.0
5859,5860,2800000000,Rawamangun,Jakarta Timur,5,5,0,75.0,260.0
5860,5861,3540000000,Kemang,Jakarta Selatan,3,3,0,66.0,147.0
5861,5862,3500000000,Rawamangun,Jakarta Timur,4,4,2,90.0,200.0
5862,5863,2200000000,Duren Sawit,Jakarta Timur,4,3,2,95.0,120.0
5863,5864,3500000000,Green Lake City,Jakarta Barat,3,3,2,120.0,180.0
5864,5865,3950000000,Pantai Indah Kapuk,Jakarta Utara,3,3,0,120.0,160.0
5865,5866,21500000000,Pantai Indah Kapuk,Jakarta Utara,4,4,0,405.0,1000.0
5866,5867,7600000000,Pantai Indah Kapuk,Jakarta Utara,3,3,0,250.0,350.0
5867,5868,6500000000,Permata Buana,Jakarta Barat,4,3,2,200.0,400.0
5868,5869,25000000000,Pantai Indah Kapuk,Jakarta Utara,5,5,0,525.0,1000.0
5869,5870,5600000000,Green Lake City,Jakarta Barat,4,4,2,180.0,225.0
5870,5871,3300000000,Rawamangun,Jakarta Timur,5,3,2,90.0,195.0
5871,5872,1450000000,Green Lake City,Jakarta Barat,2,2,1,60.0,87.0
5872,5873,3450000000,Green Lake City,Jakarta Barat,3,3,2,144.0,140.0
5873,5874,2850000000,Kalideres,Jakarta Barat,4,3,2,120.0,165.0
5874,5875,3990000000,Metland Puri,Jakarta Barat,3,4,2,135.0,252.0
5875,5876,3000000000,Metland Puri,Jakarta Barat,4,3,2,120.0,180.0
5876,5877,3800000000,Kayu Putih,Jakarta Timur,3,1,0,200.0,125.0
5877,5878,26500000000,Menteng,Jakarta Pusat,4,2,0,650.0,400.0
5878,5879,7500000000,Kayu Putih,Jakarta Timur,4,3,0,328.0,400.0
5879,5880,2500000000,Kampung Ambon,Jakarta Timur,4,2,0,128.0,125.0
5880,5881,25000000000,Gondangdia,Jakarta Pusat,4,2,0,572.0,600.0
5881,5882,28000000000,Kayu Putih,Jakarta Timur,5,3,0,626.0,500.0
5882,5883,8000000000,Kayu Putih,Jakarta Timur,3,2,0,315.0,200.0
5883,5884,10500000000,Pulomas,Jakarta Timur,4,2,0,488.0,240.0
5884,5885,2800000000,Rawamangun,Jakarta Timur,5,3,0,145.0,100.0
5885,5886,12500000000,Rawamangun,Jakarta Timur,5,3,0,260.0,450.0
5886,5887,25000000000,Lebak Bulus,Jakarta Selatan,5,3,0,980.0,600.0
5887,5888,3600000000,Kayu Putih,Jakarta Timur,4,2,2,168.0,168.0
5888,5889,16000000000,Kayu Putih,Jakarta Timur,5,4,4,520.0,450.0
5889,5890,25000000000,Lebak Bulus,Jakarta Selatan,5,3,4,980.0,600.0
5890,5891,22000000000,Kayu Putih,Jakarta Timur,7,5,4,758.0,648.0
5891,5892,18000000000,Kayu Putih,Jakarta Timur,5,4,2,628.0,460.0
5892,5893,2400000000,Kayu Putih,Jakarta Timur,3,3,0,154.0,100.0
5893,5894,545000000,Cipayung,Jakarta Timur,2,1,1,56.0,45.0
5894,5895,550000000,Cipayung,Jakarta Timur,2,2,1,42.0,55.0
5895,5896,499000000,Ciracas,Jakarta Timur,2,1,1,50.0,40.0
5896,5897,3500000000,Kayu Putih,Jakarta Timur,3,2,2,162.0,200.0
5897,5898,6000000000,Kayu Putih,Jakarta Timur,4,3,2,200.0,160.0
5898,5899,2900000000,Pesanggrahan,Jakarta Selatan,3,3,0,200.0,300.0
5899,5900,750000000,Marunda,Jakarta Utara,3,2,1,60.0,68.0
5900,5901,2200000000,Duren Sawit,Jakarta Timur,5,5,2,126.0,127.0
5901,5902,520000000,Marunda,Jakarta Utara,2,1,1,60.0,36.0
5902,5903,1370000000,Tebet,Jakarta Selatan,8,4,0,85.0,160.0
5903,5904,3200000000,Kelapa Gading,Jakarta Utara,4,2,1,180.0,250.0
5904,5905,8500000000,Bintaro,Jakarta Selatan,4,4,2,190.0,285.0
5905,5906,560000000,Lubang Buaya,Jakarta Timur,3,2,1,36.0,72.0
5906,5907,555000000,Lubang Buaya,Jakarta Timur,3,2,1,36.0,72.0
5907,5908,550000000,Lubang Buaya,Jakarta Timur,3,2,1,36.0,72.0
5908,5909,799000000,Cilangkap,Jakarta Timur,3,2,1,50.0,50.0
5909,5910,17500000000,Cipete,Jakarta Selatan,8,6,2,685.0,481.0
5910,5911,21500000000,Pondok Indah,Jakarta Selatan,5,5,2,470.0,930.0
5911,5912,6800000000,Kebon Jeruk,Jakarta Barat,4,3,4,390.0,150.0
5912,5913,4250000000,Pondok Kelapa,Jakarta Timur,7,3,2,612.0,311.0
5913,5914,5300000000,Utan Kayu,Jakarta Timur,2,2,4,348.0,348.0
5914,5915,2400000000,Pasar Minggu,Jakarta Selatan,3,1,0,120.0,80.0
5915,5916,35000000000,Pondok Indah,Jakarta Selatan,6,6,4,551.0,600.0
5916,5917,13500000000,Kemang,Jakarta Selatan,3,3,4,696.0,325.0
5917,5918,4200000000,Rawamangun,Jakarta Timur,11,6,3,297.0,451.0
5918,5919,8800000000,Muara Karang,Jakarta Utara,6,6,2,200.0,400.0
5919,5920,15000000000,Tanah Abang,Jakarta Pusat,0,0,3,870.0,300.0
5920,5921,3500000000,Bintaro,Jakarta Selatan,4,4,2,250.0,280.0
5921,5922,1700000000,Jagakarsa,Jakarta Selatan,4,4,2,126.0,160.0
5922,5923,19000000000,Pantai Indah Kapuk,Jakarta Utara,6,5,0,644.0,416.0
5923,5924,6600000000,Pantai Indah Kapuk,Jakarta Utara,4,3,2,144.0,250.0
5924,5925,6500000000,Pantai Indah Kapuk,Jakarta Utara,4,4,0,200.0,400.0
5925,5926,2600000000,Kalideres,Jakarta Barat,4,4,0,60.0,104.0
5926,5927,8800000000,Pantai Indah Kapuk,Jakarta Utara,4,4,0,225.0,350.0
5927,5928,1800000000,Pantai Indah Kapuk 2,Jakarta Utara,2,2,1,75.0,62.0
5928,5929,1300000000,Jatiwaringin,Jakarta Timur,2,2,1,60.0,54.0
5929,5930,16000000000,Pantai Indah Kapuk,Jakarta Utara,5,4,0,450.0,600.0
5930,5931,5020000000,Kalideres,Jakarta Barat,5,4,0,120.0,196.0
5931,5932,12000000000,Cilandak,Jakarta Selatan,6,6,2,516.0,500.0
5932,5933,3000000000,Cipete,Jakarta Selatan,3,2,1,129.0,100.0
5933,5934,7000000000,Tanjung Duren Utara,Jakarta Barat,4,2,1,264.0,246.0
5934,5935,6000000000,Cengkareng,Jakarta Barat,4,3,1,120.0,240.0
5935,5936,122000000000,Sultan Agung,Jakarta Selatan,2,2,1,32.0,62.0
5936,5937,5000000000,Sunrise Garden,Jakarta Barat,3,3,0,180.0,350.0
5937,5938,25000000000,Senopati,Jakarta Selatan,4,5,2,200.0,389.0
5938,5939,35000000000,Cempaka Putih,Jakarta Pusat,5,5,5,981.0,500.0
5939,5940,17500000000,Pondok Indah,Jakarta Selatan,4,4,2,264.0,603.0
5940,5941,17500000000,Pondok Indah,Jakarta Selatan,4,4,2,264.0,603.0
5941,5942,7600000000,Citra Garden,Jakarta Barat,5,5,5,483.0,500.0
5942,5943,6500000000,Pondok Labu,Jakarta Selatan,3,3,2,200.0,230.0
5943,5944,2900000000,Rawamangun,Jakarta Timur,5,5,2,75.0,260.0
5944,5945,1600000000,Ciracas,Jakarta Timur,3,2,2,92.0,90.0
5945,5946,32000000000,Kemang,Jakarta Selatan,1,3,0,1095.0,1500.0
5946,5947,8900000000,Duren Sawit,Jakarta Timur,6,6,2,564.0,400.0
5947,5948,2500000000,Kebon Jeruk,Jakarta Barat,2,1,1,195.0,110.0
5948,5949,1800000000,Semanan,Jakarta Barat,2,2,1,84.0,69.0
5949,5950,14500000000,Kemang,Jakarta Selatan,5,2,2,925.0,800.0
5950,5951,19800000000,Veteran,Jakarta Selatan,6,6,3,960.0,1000.0
5951,5952,5500000000,Bintaro,Jakarta Selatan,4,4,3,233.0,177.0
5952,5953,1200000000,Duri Kosambi,Jakarta Barat,3,4,0,83.0,81.0
5953,5954,18000000000,Pasar Minggu,Jakarta Selatan,8,7,0,673.0,520.0
5954,5955,185000000,Cilincing,Jakarta Utara,2,1,1,27.0,60.0
5955,5956,12500000000,Mampang,Jakarta Selatan,3,1,0,370.0,370.0
5956,5957,4000000000,Kebon Jeruk,Jakarta Barat,4,4,1,226.0,360.0
5957,5958,1400000000,Kembangan,Jakarta Barat,3,1,0,120.0,90.0
5958,5959,3500000000,Jagakarsa,Jakarta Selatan,3,3,2,171.0,209.0
5959,5960,4300000000,Cinere,Jakarta Selatan,4,3,2,350.0,300.0
5960,5961,7300000000,Sunter,Jakarta Utara,3,3,2,144.0,432.0
5961,5962,4800000000,Meruya,Jakarta Barat,5,5,1,126.0,300.0
5962,5963,1550000000,Cempaka Putih,Jakarta Pusat,3,2,0,39.0,80.0
5963,5964,27000000000,Puri Indah,Jakarta Barat,4,1,10,752.0,600.0
5964,5965,20000000000,Cempaka Putih,Jakarta Pusat,61,61,10,695.0,2000.0
5965,5966,3500000000,Teluk Gong,Jakarta Utara,1,1,1,64.0,255.0
5966,5967,2600000000,Taman Ratu,Jakarta Barat,5,4,1,75.0,170.0
5967,5968,2500000000,Klender,Jakarta Timur,1,2,1,60.0,180.0
5968,5969,7500000000,Tambora,Jakarta Barat,7,7,1,555.0,200.0
5969,5970,20000000000,Cempaka Putih,Jakarta Pusat,61,61,26,695.0,2000.0
5970,5971,2400000000,Teluk Gong,Jakarta Utara,4,3,1,75.0,225.0
5971,5972,1700000000,Angke,Jakarta Barat,2,2,1,69.0,95.0
5972,5973,1400000000,Kartini,Jakarta Pusat,3,2,1,94.0,126.0
5973,5974,1680000000,Taman Ratu,Jakarta Barat,4,4,1,59.0,135.0
5974,5975,1980000000,Penjaringan,Jakarta Utara,3,3,1,76.0,180.0
5975,5976,3600000000,Meruya,Jakarta Barat,14,14,10,75.0,130.0
5976,5977,13500000000,Teluk Gong,Jakarta Utara,42,42,1,323.0,1250.0
5977,5978,3500000000,Karang Anyar,Jakarta Pusat,7,4,1,96.0,255.0
5978,5979,3200000000,Tanjung Duren,Jakarta Barat,13,13,1,45.0,225.0
5979,5980,3000000000,Pluit,Jakarta Utara,3,3,1,119.0,185.0
5980,5981,35000000000,Kebayoran Baru,Jakarta Selatan,6,2,3,656.0,464.0
5981,5982,7500000000,Grogol,Jakarta Barat,23,10,1,410.0,455.0
5982,5983,1750000000,Cibubur,Jakarta Timur,3,2,1,90.0,67.0
5983,5984,2000000000,Kelapa Gading,Jakarta Utara,3,2,1,77.0,120.0
5984,5985,2300000000,Cilincing,Jakarta Utara,2,1,1,180.0,216.0
5985,5986,7000000000,Sunter,Jakarta Utara,6,4,2,194.0,400.0
5986,5987,4150000000,Kelapa Gading,Jakarta Utara,4,5,3,245.0,260.0
5987,5988,1650000000,Cilincing,Jakarta Utara,3,2,0,70.0,100.0
5988,5989,6600000000,Pademangan,Jakarta Utara,36,36,1,224.0,616.0
5989,5990,5000000000,Grogol,Jakarta Barat,10,7,1,262.0,325.0
5990,5991,2000000000,Cilincing,Jakarta Utara,5,4,0,119.0,175.0
5991,5992,1590000000,Kelapa Gading,Jakarta Utara,3,3,0,67.0,100.0
5992,5993,3200000000,Semper,Jakarta Utara,2,2,1,351.0,351.0
5993,5994,1850000000,Cakung,Jakarta Timur,3,3,1,45.0,87.0
5994,5995,2800000000,Kelapa Gading,Jakarta Utara,4,3,2,129.0,129.0
5995,5996,12000000000,Cilandak,Jakarta Selatan,5,3,2,550.0,500.0
5996,5997,2250000000,Ciganjur,Jakarta Selatan,4,4,0,108.0,135.0
5997,5998,49000000000,Kebayoran Baru,Jakarta Selatan,3,3,1,990.0,500.0
5998,5999,1800000000,Sunter,Jakarta Utara,2,1,1,90.0,70.0
5999,6000,21000000000,Sunter,Jakarta Utara,5,4,3,630.0,945.0
6000,6001,2250000000,Jagakarsa,Jakarta Selatan,3,3,0,108.0,135.0
6001,6002,3800000000,Sunter,Jakarta Utara,4,3,2,144.0,208.0
6002,6003,3900000000,Sunter,Jakarta Utara,4,5,1,96.0,210.0
6003,6004,5100000000,Sunter,Jakarta Utara,3,2,1,160.0,240.0
6004,6005,8000000000,Sunter,Jakarta Utara,3,2,2,300.0,250.0
6005,6006,9700000000,Tomang,Jakarta Barat,4,4,0,278.0,400.0
6006,6007,16000000000,Kemayoran,Jakarta Pusat,3,2,4,594.0,441.0
6007,6008,2100000000,Kelapa Gading,Jakarta Utara,4,3,3,102.0,120.0
6008,6009,1900000000,Taman Ratu,Jakarta Barat,3,1,1,141.0,200.0
6009,6010,1890000000,Taman Ratu,Jakarta Barat,4,2,1,132.0,90.0
6010,6011,1850000000,Taman Ratu,Jakarta Barat,4,3,2,120.0,180.0
6011,6012,2500000000,Taman Ratu,Jakarta Barat,5,4,0,102.0,210.0
6012,6013,2500000000,Otista,Jakarta Timur,3,4,2,100.0,175.0
6013,6014,3500000000,Rawamangun,Jakarta Timur,4,5,2,75.0,260.0
6014,6015,35000000000,Menteng,Jakarta Pusat,5,2,2,689.0,312.0
6015,6016,7900000000,Pondok Pinang,Jakarta Selatan,4,4,1,146.0,293.0
6016,6017,6700000000,Pondok Indah,Jakarta Selatan,3,3,1,160.0,200.0
6017,6018,4000000000,Pancoran,Jakarta Selatan,4,3,2,168.0,180.0
6018,6019,11000000000,Cipete,Jakarta Selatan,5,3,1,325.0,350.0
6019,6020,7200000000,Pondok Indah,Jakarta Selatan,4,4,2,200.0,240.0
6020,6021,1430000000,Fatmawati,Jakarta Selatan,3,2,1,32.0,105.0
6021,6022,998000000,Pondok Labu,Jakarta Selatan,2,2,1,32.0,64.0
6022,6023,1430000000,Cilandak,Jakarta Selatan,3,2,1,32.0,105.0
6023,6024,1250000000,Jakarta Garden City,Jakarta Timur,2,1,1,75.0,58.0
6024,6025,1250000000,Jakarta Garden City,Jakarta Timur,2,1,1,104.0,100.0
6025,6026,1250000000,Metland Menteng,Jakarta Timur,2,1,1,75.0,58.0
6026,6027,1250000000,Pulogebang,Jakarta Timur,2,1,1,75.0,58.0
6027,6028,1200000000,Jakarta Garden City,Jakarta Timur,2,2,1,75.0,58.0
6028,6029,1200000000,Jakarta Garden City,Jakarta Timur,2,1,1,104.0,100.0
6029,6030,1850000000,Taman Palem,Jakarta Barat,2,2,2,75.0,120.0
6030,6031,6500000000,Jakarta Garden City,Jakarta Timur,4,3,2,244.0,260.0
6031,6032,11500000000,Mampang,Jakarta Selatan,17,10,0,400.0,350.0
6032,6033,2250000000,Metland Menteng,Jakarta Timur,3,3,2,150.0,150.0
6033,6034,1400000000,Jakarta Garden City,Jakarta Timur,3,2,1,90.0,69.0
6034,6035,2700000000,Pegadungan,Jakarta Barat,4,2,2,144.0,250.0
6035,6036,2900000000,Taman Surya,Jakarta Barat,3,3,2,136.0,200.0
6036,6037,5500000000,Jakarta Garden City,Jakarta Timur,4,4,2,168.0,259.0
6037,6038,30000000000,Pesanggrahan,Jakarta Selatan,5,3,5,2337.0,1000.0
6038,6039,2700000000,Taman Surya,Jakarta Barat,3,2,3,207.0,100.0
6039,6040,30000000000,Ulujami,Jakarta Selatan,4,4,6,1900.0,400.0
6040,6041,2700000000,Citra Garden,Jakarta Barat,4,5,2,102.0,180.0
6041,6042,2400000000,Duri Pulo,Jakarta Barat,4,2,0,115.0,115.0
6042,6043,3470000000,Jakarta Garden City,Jakarta Timur,3,2,2,212.0,156.0
6043,6044,5900000000,Pengadegan,Jakarta Selatan,4,4,0,145.0,220.0
6044,6045,2000000000,Pondok Kelapa,Jakarta Timur,3,3,2,195.0,150.0
6045,6046,2200000000,Metland Menteng,Jakarta Timur,3,3,0,160.0,240.0
6046,6047,2300000000,Taman Surya,Jakarta Barat,2,2,4,156.0,168.0
6047,6048,9500000000,Pantai Mutiara,Jakarta Utara,5,4,2,312.0,456.0
6048,6049,1650000000,Jakarta Garden City,Jakarta Timur,3,1,0,90.0,70.0
6049,6050,1800000000,Taman Surya,Jakarta Barat,3,2,1,108.0,100.0
6050,6051,6000000000,Kemayoran,Jakarta Pusat,10,9,5,477.0,700.0
6051,6052,3300000000,Jakarta Garden City,Jakarta Timur,3,3,3,148.0,225.0
6052,6053,3650000000,Citra Garden,Jakarta Barat,2,2,2,100.0,180.0
6053,6054,7000000000,Cipete,Jakarta Selatan,3,3,2,150.0,280.0
6054,6055,2500000000,Jakarta Garden City,Jakarta Timur,4,4,0,120.0,100.0
6055,6056,1800000000,Cakung,Jakarta Timur,4,3,1,120.0,140.0
6056,6057,5800000000,Kalideres,Jakarta Barat,3,3,2,200.0,250.0
6057,6058,2300000000,Citra Garden,Jakarta Barat,4,3,1,60.0,104.0
6058,6059,12500000000,Citra Garden,Jakarta Barat,3,4,2,135.0,337.0
6059,6060,4700000000,Jakarta Garden City,Jakarta Timur,4,2,2,244.0,252.0
6060,6061,4600000000,Citra Garden,Jakarta Barat,4,3,2,120.0,200.0
6061,6062,6700000000,Pantai Mutiara,Jakarta Utara,3,3,2,129.0,240.0
6062,6063,2300000000,Citra Garden,Jakarta Barat,4,2,2,120.0,150.0
6063,6064,5000000000,Citra Garden,Jakarta Barat,4,5,2,96.0,154.0
6064,6065,1800000000,Kota Bambu Selatan,Jakarta Barat,5,5,0,108.0,121.0
6065,6066,2800000000,Ciganjur,Jakarta Selatan,3,3,1,91.0,250.0
6066,6067,7900000000,Kemang,Jakarta Selatan,3,3,4,535.0,300.0
6067,6068,5700000000,Pondok Kelapa,Jakarta Timur,18,18,0,700.0,500.0
6068,6069,13900000000,Kemanggisan,Jakarta Barat,46,46,1,268.0,1000.0
6069,6070,8500000000,Tomang,Jakarta Barat,34,34,1,180.0,400.0
6070,6071,2800000000,Teluk Gong,Jakarta Utara,4,3,1,75.0,185.0
6071,6072,3300000000,Duri Kepa,Jakarta Barat,5,5,1,82.0,205.0
6072,6073,4600000000,Meruya,Jakarta Barat,6,4,1,250.0,375.0
6073,6074,1800000000,Semanan,Jakarta Barat,4,2,1,90.0,120.0
6074,6075,2390000000,Duri Kepa,Jakarta Barat,4,4,1,57.0,145.0
6075,6076,2600000000,Penjaringan,Jakarta Utara,3,3,1,76.0,180.0
6076,6077,2500000000,Tambora,Jakarta Barat,1,3,1,88.0,245.0
6077,6078,1800000000,Penjaringan,Jakarta Utara,4,3,1,89.0,215.0
6078,6079,23000000000,Puri Indah,Jakarta Barat,5,5,1,495.0,575.0
6079,6080,2700000000,Tambora,Jakarta Barat,4,3,1,150.0,150.0
6080,6081,2700000000,Tambora,Jakarta Barat,4,3,1,150.0,150.0
6081,6082,4900000000,Mangga Besar,Jakarta Barat,31,31,1,80.0,320.0
6082,6083,8500000000,Green Ville,Jakarta Barat,3,4,1,319.0,500.0
6083,6084,14000000000,Setiabudi,Jakarta Selatan,42,10,0,398.0,796.0
6084,6085,4400000000,Rawamangun,Jakarta Timur,5,3,2,180.0,240.0
6085,6086,2390000000,Taman Ratu,Jakarta Barat,4,4,1,64.0,155.0
6086,6087,8000000000,Grogol,Jakarta Barat,35,12,1,215.0,567.0
6087,6088,3600000000,Tanjung Duren,Jakarta Barat,18,18,0,60.0,291.0
6088,6089,7000000000,Kemang,Jakarta Selatan,12,12,1,172.0,395.0
6089,6090,2900000000,Citra Garden,Jakarta Barat,3,2,2,238.0,150.0
6090,6091,14000000000,Tanjung Duren,Jakarta Barat,63,63,1,284.0,1000.0
6091,6092,7000000000,Kemang,Jakarta Selatan,12,12,1,172.0,395.0
6092,6093,1100000000,Tanjung Duren,Jakarta Barat,3,3,1,33.0,85.0
6093,6094,9000000000,Grogol,Jakarta Barat,31,31,1,243.0,600.0
6094,6095,3000000000,Citra Garden,Jakarta Barat,5,3,1,132.0,300.0
6095,6096,6500000000,Pademangan,Jakarta Utara,36,36,1,244.0,616.0
6096,6097,170000000000,Pondok Indah,Jakarta Selatan,6,5,10,2800.0,1450.0
6097,6098,8500000000,Ciracas,Jakarta Timur,63,60,0,427.0,1350.0
6098,6099,27000000000,Kuningan,Jakarta Selatan,3,3,10,794.0,334.0
6099,6100,5100000000,Lebak Bulus,Jakarta Selatan,3,3,2,171.0,180.0
6100,6101,2600000000,Citra Garden,Jakarta Barat,3,3,2,105.0,140.0
6101,6102,11500000000,Radio Dalam,Jakarta Selatan,5,4,9,580.0,220.0
6102,6103,10500000000,Tanah Kusir,Jakarta Selatan,8,4,4,637.0,400.0
6103,6104,5750000000,Taman Surya,Jakarta Barat,4,4,3,173.0,309.0
6104,6105,5500000000,Kemang,Jakarta Selatan,4,3,4,189.0,320.0
6105,6106,7490000000,Duren Sawit,Jakarta Timur,6,3,6,481.0,290.0
6106,6107,5200000000,Citra Garden,Jakarta Barat,3,3,2,180.0,160.0
6107,6108,5800000000,Tanjung Duren,Jakarta Barat,4,2,1,195.0,300.0
6108,6109,20000000000,Kemang,Jakarta Selatan,1,1,0,1070.0,700.0
6109,6110,1000000000,Citra Garden,Jakarta Barat,2,1,2,60.0,75.0
6110,6111,6000000000,Citra Garden,Jakarta Barat,4,4,2,280.0,205.0
6111,6112,4900000000,Citra Garden,Jakarta Barat,4,3,2,255.0,150.0
6112,6113,2550000000,Citra Garden,Jakarta Barat,3,2,1,180.0,140.0
6113,6114,1500000000,Citra Garden,Jakarta Barat,3,2,1,72.0,84.0
6114,6115,3100000000,Citra Garden,Jakarta Barat,3,2,1,160.0,180.0
6115,6116,6300000000,Taman Surya,Jakarta Barat,4,3,2,192.0,500.0
6116,6117,2700000000,Citra Garden,Jakarta Barat,3,3,1,210.0,122.0
6117,6118,4790000000,Citra Garden,Jakarta Barat,4,3,0,120.0,264.0
6118,6119,1970000000,Citra Garden,Jakarta Barat,3,2,0,72.0,92.0
6119,6120,2900000000,Citra Garden,Jakarta Barat,3,3,1,150.0,180.0
6120,6121,14300000000,Pasar Minggu,Jakarta Selatan,5,5,10,1450.0,781.0
6121,6122,5170000000,Pejaten,Jakarta Selatan,4,3,2,467.0,494.0
6122,6123,10400000000,Pondok Pinang,Jakarta Selatan,3,3,2,453.0,372.0
6123,6124,3700000000,Sawah Besar,Jakarta Pusat,3,2,1,134.0,371.0
6124,6125,3060000000,Sawah Besar,Jakarta Pusat,3,2,1,132.0,311.0
6125,6126,6700000000,Citra Garden,Jakarta Barat,4,4,3,184.0,302.0
6126,6127,13700000000,Kemang,Jakarta Selatan,4,3,3,765.0,650.0
6127,6128,1700000000,Kalideres,Jakarta Barat,4,2,0,93.0,93.0
6128,6129,3400000000,Green Ville,Jakarta Barat,3,3,1,121.0,220.0
6129,6130,1000000000,Kalideres,Jakarta Barat,2,2,0,46.0,100.0
6130,6131,5200000000,Citra Garden,Jakarta Barat,3,3,1,180.0,160.0
6131,6132,6500000000,Citra Garden,Jakarta Barat,5,4,4,184.0,350.0
6132,6133,4900000000,Bintaro,Jakarta Selatan,3,3,2,189.0,125.0
6133,6134,12500000000,Bintaro,Jakarta Selatan,5,5,3,823.0,500.0
6134,6135,2500000000,Kalideres,Jakarta Barat,3,2,2,120.0,185.0
6135,6136,3600000000,Kalideres,Jakarta Barat,3,2,0,47.0,170.0
6136,6137,21000000000,Veteran,Jakarta Selatan,6,9,3,960.0,1200.0
6137,6138,5200000000,Kalideres,Jakarta Barat,5,5,1,200.0,465.0
6138,6139,2600000000,Citra Garden,Jakarta Barat,3,2,1,150.0,115.0
6139,6140,3000000000,Cengkareng,Jakarta Barat,4,4,1,150.0,150.0
6140,6141,5200000000,Citra Garden,Jakarta Barat,3,3,1,180.0,160.0
6141,6142,6500000000,Citra Garden,Jakarta Barat,5,4,4,184.0,350.0
6142,6143,4900000000,Bintaro,Jakarta Selatan,3,3,2,189.0,125.0
6143,6144,12500000000,Bintaro,Jakarta Selatan,5,5,3,823.0,500.0
6144,6145,2500000000,Kalideres,Jakarta Barat,3,2,2,120.0,185.0
6145,6146,3600000000,Kalideres,Jakarta Barat,3,2,0,47.0,170.0
6146,6147,21000000000,Veteran,Jakarta Selatan,6,9,3,960.0,1200.0
6147,6148,5200000000,Kalideres,Jakarta Barat,5,5,1,200.0,465.0
6148,6149,2600000000,Citra Garden,Jakarta Barat,3,2,1,150.0,115.0
6149,6150,3000000000,Cengkareng,Jakarta Barat,4,4,1,150.0,150.0
6150,6151,2750000000,Cibubur,Jakarta Timur,5,3,1,170.0,208.0
6151,6152,1090000000,Cibubur,Jakarta Timur,2,1,1,102.0,70.0
6152,6153,2400000000,Kalideres,Jakarta Barat,3,3,1,62.0,73.0
6153,6154,6500000000,Green garden,Jakarta Barat,4,3,0,340.0,458.0
6154,6155,7200000000,Cideng,Jakarta Pusat,5,5,2,225.0,390.0
6155,6156,5800000000,Cinere,Jakarta Selatan,4,3,0,500.0,350.0
6156,6157,3350000000,Cilandak,Jakarta Selatan,4,3,2,200.0,230.0
6157,6158,9750000000,Sunter,Jakarta Utara,5,5,0,271.0,1000.0
6158,6159,2400000000,Gunung Sahari,Jakarta Pusat,5,4,1,117.0,409.0
6159,6160,13000000000,Kelapa Gading,Jakarta Utara,6,7,0,318.0,750.0
6160,6161,1090000000,Cibubur,Jakarta Timur,2,1,1,102.0,70.0
6161,6162,2400000000,Kalideres,Jakarta Barat,3,3,1,62.0,73.0
6162,6163,6500000000,Green garden,Jakarta Barat,4,3,0,340.0,458.0
6163,6164,7200000000,Cideng,Jakarta Pusat,5,5,2,225.0,390.0
6164,6165,5800000000,Cinere,Jakarta Selatan,4,3,0,500.0,350.0
6165,6166,3350000000,Cilandak,Jakarta Selatan,4,3,2,200.0,230.0
6166,6167,9750000000,Sunter,Jakarta Utara,5,5,0,271.0,1000.0
6167,6168,2400000000,Gunung Sahari,Jakarta Pusat,5,4,1,117.0,409.0
6168,6169,13000000000,Kelapa Gading,Jakarta Utara,6,7,0,318.0,750.0
6169,6170,2100000000,Cirendeu,Jakarta Selatan,3,2,2,105.0,155.0
6170,6171,1300000000,Pademangan,Jakarta Utara,3,3,0,49.0,147.0
6171,6172,2300000000,Sunter,Jakarta Utara,4,3,1,67.0,120.0
6172,6173,5700000000,Cinere,Jakarta Selatan,4,3,1,446.0,300.0
6173,6174,9000000000,Pluit,Jakarta Utara,7,5,0,230.0,600.0
6174,6175,5600000000,Lebak Bulus,Jakarta Selatan,4,3,1,230.0,360.0
6175,6176,5500000000,Sunter,Jakarta Utara,5,4,0,200.0,210.0
6176,6177,800000000,Bintaro,Jakarta Selatan,2,1,1,67.0,40.0
6177,6178,8500000000,Pantai Indah Kapuk,Jakarta Utara,3,3,0,136.0,300.0
6178,6179,14500000000,Kebayoran Baru,Jakarta Selatan,3,3,4,240.0,300.0
6179,6180,5600000000,Cengkareng,Jakarta Barat,4,5,2,180.0,450.0
6180,6181,16800000000,Pantai Indah Kapuk,Jakarta Utara,6,6,0,350.0,800.0
6181,6182,12000000000,Pantai Indah Kapuk,Jakarta Utara,3,3,4,311.0,423.0
6182,6183,79000000000,Kebayoran Baru,Jakarta Selatan,9,6,10,1026.0,750.0
6183,6184,8600000000,Pluit,Jakarta Utara,3,3,2,338.0,400.0
6184,6185,4000000000,Daan Mogot,Jakarta Barat,4,3,2,144.0,208.0
6185,6186,4500000000,Sunter,Jakarta Utara,4,3,1,148.0,280.0
6186,6187,1250000000,Taman Kencana,Jakarta Barat,3,2,1,90.0,90.0
6187,6188,29000000000,Kemang,Jakarta Selatan,0,4,4,1674.0,1007.0
6188,6189,5500000000,Rawa Buaya,Jakarta Barat,4,3,2,400.0,400.0
6189,6190,2290000000,Cijantung,Jakarta Timur,3,2,2,98.0,72.0
6190,6191,3250000000,Duri Kosambi,Jakarta Barat,4,3,0,230.0,259.0
6191,6192,1400000000,Joglo,Jakarta Barat,2,2,1,200.0,150.0
6192,6193,2150000000,Kav DKI,Jakarta Barat,3,3,2,100.0,135.0
6193,6194,5000000000,Pancoran,Jakarta Selatan,5,0,0,250.0,200.0
6194,6195,4800000000,Rawamangun,Jakarta Timur,4,3,2,113.0,300.0
6195,6196,4000000000,Pancoran,Jakarta Selatan,0,0,0,159.0,159.0
6196,6197,13800000000,Golf Island,Jakarta Utara,5,5,2,260.0,450.0
6197,6198,8000000000,Cempaka Putih,Jakarta Pusat,0,0,0,496.0,275.0
6198,6199,75000000000,Menteng,Jakarta Pusat,5,4,7,687.0,390.0
6199,6200,3500000000,Kalideres,Jakarta Barat,4,3,0,120.0,177.0
6200,6201,1250000000,Duta Garden,Jakarta Barat,2,1,0,90.0,43.0
6201,6202,8750000000,Rawamangun,Jakarta Timur,5,3,2,375.0,500.0
6202,6203,8200000000,Kembangan,Jakarta Barat,5,4,2,130.0,380.0
6203,6204,3500000000,Grogol,Jakarta Barat,3,2,1,205.0,120.0
6204,6205,40000000000,Pondok Indah,Jakarta Selatan,3,5,0,1000.0,900.0
6205,6206,27000000000,Menteng,Jakarta Pusat,4,3,2,285.0,500.0
6206,6207,2800000000,Metland Puri,Jakarta Barat,3,3,1,160.0,95.0
6207,6208,2700000000,Ciracas,Jakarta Timur,3,3,2,91.0,135.0
6208,6209,2750000000,Cakung,Jakarta Timur,5,4,0,126.0,230.0
6209,6210,17500000000,Pondok Indah,Jakarta Selatan,4,4,2,264.0,603.0
6210,6211,1900000000,Cirendeu,Jakarta Selatan,3,3,2,72.0,94.0
6211,6212,2750000000,Cipinang,Jakarta Timur,2,4,2,125.0,250.0
6212,6213,4000000000,Sunter,Jakarta Utara,4,3,0,153.0,212.0
6213,6214,8900000000,Jatiwaringin,Jakarta Timur,7,3,2,484.0,200.0
6214,6215,5200000000,Kemayoran,Jakarta Pusat,5,4,0,153.0,500.0
6215,6216,11000000000,Kelapa Gading,Jakarta Utara,4,2,2,311.0,300.0
6216,6217,17000000000,Kemanggisan,Jakarta Barat,7,4,10,818.0,342.0
6217,6218,4000000000,Sunter,Jakarta Utara,3,3,0,144.0,535.0
6218,6219,1320000000,Tanjung Barat,Jakarta Selatan,3,3,1,54.0,81.0
6219,6220,2200000000,Sunter,Jakarta Utara,0,3,0,132.0,132.0
6220,6221,2200000000,Sunter,Jakarta Utara,0,3,0,132.0,132.0
6221,6222,1260000000,Menteng Dalam,Jakarta Selatan,2,2,1,32.0,62.0
6222,6223,4900000000,Kemayoran,Jakarta Pusat,6,4,1,153.0,369.0
6223,6224,4700000000,Kemayoran,Jakarta Pusat,5,5,1,153.0,363.0
6224,6225,455000000,Sunter,Jakarta Utara,2,2,0,21.0,41.0
6225,6226,1140000000,Gunung Sahari,Jakarta Pusat,3,3,1,49.0,82.0
6226,6227,5200000000,Ancol,Jakarta Utara,3,3,1,200.0,400.0
6227,6228,4700000000,Lebak Bulus,Jakarta Selatan,4,3,2,186.0,200.0
6228,6229,4300000000,Lebak Bulus,Jakarta Selatan,3,2,1,225.0,200.0
6229,6230,1500000000,Pondok Kelapa,Jakarta Timur,4,2,1,180.0,250.0
6230,6231,5850000000,Lebak Bulus,Jakarta Selatan,3,2,2,300.0,150.0
6231,6232,4200000000,Penjaringan,Jakarta Utara,3,3,1,161.0,210.0
6232,6233,3300000000,Rawamangun,Jakarta Timur,5,3,2,185.0,200.0
6233,6234,6500000000,Bendungan Hilir,Jakarta Pusat,4,10,3,232.0,242.0
6234,6235,27000000000,Cipete,Jakarta Selatan,5,3,0,1270.0,400.0
6235,6236,32000000000,Cilandak,Jakarta Selatan,6,5,4,902.0,800.0
6236,6237,18000000000,Cipete,Jakarta Selatan,4,4,8,899.0,467.0
6237,6238,20500000000,Kemang,Jakarta Selatan,5,5,4,1029.0,500.0
6238,6239,22500000000,Menteng,Jakarta Pusat,4,3,2,363.0,500.0
6239,6240,2500000000,Green Ville,Jakarta Barat,4,4,1,90.0,225.0
6240,6241,7600000000,Pluit,Jakarta Utara,5,3,1,270.0,304.0
6241,6242,14000000000,Muara Karang,Jakarta Utara,1,1,0,560.0,560.0
6242,6243,8500000000,Pluit,Jakarta Utara,5,6,0,350.0,1008.0
6243,6244,5800000000,Pluit,Jakarta Utara,2,2,1,180.0,180.0
6244,6245,1900000000,Citra Garden,Jakarta Barat,3,2,1,75.0,75.0
6245,6246,3800000000,Citra Garden,Jakarta Barat,4,3,0,150.0,280.0
6246,6247,2850000000,Citra Garden,Jakarta Barat,3,2,1,115.0,120.0
6247,6248,22000000000,Pantai Indah Kapuk,Jakarta Utara,5,4,1,420.0,1260.0
6248,6249,2100000000,Taman Surya,Jakarta Barat,3,2,0,92.0,175.0
6249,6250,3950000000,Kemayoran,Jakarta Pusat,4,3,1,121.0,242.0
6250,6251,10500000000,Kapuk Muara,Jakarta Utara,7,5,0,360.0,600.0
6251,6252,2600000000,Muara Karang,Jakarta Utara,3,3,0,60.0,200.0
6252,6253,7500000000,Muara Karang,Jakarta Utara,3,2,1,200.0,350.0
6253,6254,5500000000,Pluit,Jakarta Utara,4,3,1,250.0,250.0
6254,6255,1870000000,Citra Garden,Jakarta Barat,4,3,0,84.0,195.0
6255,6256,7500000000,Permata Buana,Jakarta Barat,4,2,2,200.0,300.0
6256,6257,6800000000,Muara Karang,Jakarta Utara,5,3,1,200.0,400.0
6257,6258,4500000000,Pantai Indah Kapuk,Jakarta Utara,2,2,1,84.0,248.0
6258,6259,2650000000,Pantai Indah Kapuk 2,Jakarta Utara,4,4,2,75.0,138.0
6259,6260,7000000000,Muara Karang,Jakarta Utara,3,3,1,160.0,320.0
6260,6261,1200000000,Kebagusan,Jakarta Selatan,3,3,1,56.0,100.0
6261,6262,10000000000,Cipete,Jakarta Selatan,7,5,2,425.0,350.0
6262,6263,1600000000,Tanjung Duren Utara,Jakarta Barat,3,3,1,110.0,100.0
6263,6264,1450000000,Condet,Jakarta Timur,3,3,1,56.0,96.0
6264,6265,1100000000,Condet,Jakarta Timur,3,2,1,54.0,75.0
6265,6266,3500000000,Citra Garden,Jakarta Barat,4,4,2,120.0,240.0
6266,6267,6700000000,Citra Garden,Jakarta Barat,4,3,2,285.0,420.0
6267,6268,7000000000,Kemanggisan,Jakarta Barat,7,2,1,258.0,240.0
6268,6269,2900000000,Meruya,Jakarta Barat,4,4,2,240.0,480.0
6269,6270,3800000000,Cibubur,Jakarta Timur,6,4,2,260.0,320.0
6270,6271,12000000000,Citra Garden,Jakarta Barat,4,3,1,320.0,283.0
6271,6272,3300000000,Kalibata,Jakarta Selatan,4,4,0,217.0,320.0
6272,6273,800000000,Rorotan,Jakarta Utara,3,2,1,91.0,180.0
6273,6274,2700000000,Citra Garden,Jakarta Barat,4,3,2,136.0,204.0
6274,6275,3550000000,Jagakarsa,Jakarta Selatan,3,3,1,154.0,170.0
6275,6276,780000000,Klender,Jakarta Timur,3,1,0,80.0,110.0
6276,6277,1150000000,Cengkareng Barat,Jakarta Barat,2,2,1,50.0,70.0
6277,6278,2750000000,Ciganjur,Jakarta Selatan,6,4,2,95.0,200.0
6278,6279,9800000000,Kebayoran Baru,Jakarta Selatan,4,3,1,247.0,300.0
6279,6280,5700000000,Kebayoran Baru,Jakarta Selatan,4,2,2,131.0,160.0
6280,6281,3700000000,Kebayoran Lama,Jakarta Selatan,4,3,1,346.0,233.0
6281,6282,23500000000,Pondok Indah,Jakarta Selatan,3,2,2,627.0,450.0
6282,6283,1250000000,Cibubur,Jakarta Timur,3,3,1,60.0,80.0
6283,6284,15500000000,Pondok Indah,Jakarta Selatan,4,3,2,408.0,400.0
6284,6285,1250000000,Ciracas,Jakarta Timur,3,3,1,60.0,80.0
6285,6286,13000000000,Rawamangun,Jakarta Timur,5,3,2,600.0,625.0
6286,6287,13500000000,Lebak Bulus,Jakarta Selatan,4,3,4,797.0,327.0
6287,6288,9000000000,Pondok Indah,Jakarta Selatan,4,2,1,219.0,200.0
6288,6289,825000000,Cilangkap,Jakarta Timur,3,2,1,52.0,85.0
6289,6290,265000000000,Pondok Indah,Jakarta Selatan,6,5,10,4260.0,2500.0
6290,6291,850000000,Cipayung,Jakarta Timur,3,2,1,55.0,80.0
6291,6292,8900000000,Pondok Indah,Jakarta Selatan,4,3,2,300.0,400.0
6292,6293,850000000,Cilangkap,Jakarta Timur,3,2,1,55.0,80.0
6293,6294,990000000,Jagakarsa,Jakarta Selatan,3,2,1,60.0,110.0
6294,6295,13900000000,Pondok Indah,Jakarta Selatan,4,3,2,332.0,290.0
6295,6296,6950000000,Pondok Indah,Jakarta Selatan,4,3,1,200.0,250.0
6296,6297,7700000000,Pejaten,Jakarta Selatan,6,3,3,386.0,260.0
6297,6298,3600000000,Taman Palem,Jakarta Barat,4,4,0,180.0,450.0
6298,6299,4600000000,Taman Palem,Jakarta Barat,4,3,0,200.0,395.0
6299,6300,5100000000,Taman Palem,Jakarta Barat,3,3,0,180.0,240.0
6300,6301,5490000000,Taman Palem,Jakarta Barat,4,6,0,172.0,440.0
6301,6302,1300000000,Taman Palem,Jakarta Barat,2,2,1,60.0,110.0
6302,6303,1670000000,Taman Palem,Jakarta Barat,3,2,1,56.0,100.0
6303,6304,4500000000,Taman Palem,Jakarta Barat,5,3,0,200.0,200.0
6304,6305,1800000000,Taman Palem,Jakarta Barat,3,2,1,58.0,90.0
6305,6306,2600000000,Taman Palem,Jakarta Barat,3,3,1,120.0,160.0
6306,6307,3150000000,Taman Palem,Jakarta Barat,3,3,0,120.0,266.0
6307,6308,13500000000,Taman Palem,Jakarta Barat,5,5,0,441.0,441.0
6308,6309,2200000000,Taman Palem,Jakarta Barat,2,3,1,90.0,160.0
6309,6310,10000000000,Taman Palem,Jakarta Barat,4,5,0,400.0,400.0
6310,6311,2500000000,Taman Palem,Jakarta Barat,3,2,2,120.0,220.0
6311,6312,12000000000,Lebak Bulus,Jakarta Selatan,5,4,3,600.0,450.0
6312,6313,2500000000,Taman Palem,Jakarta Barat,6,3,1,90.0,90.0
6313,6314,2700000000,Taman Palem,Jakarta Barat,4,3,1,90.0,250.0
6314,6315,2500000000,Taman Palem,Jakarta Barat,4,2,1,120.0,90.0
6315,6316,1900000000,Taman Palem,Jakarta Barat,3,2,1,90.0,150.0
6316,6317,2500000000,Taman Palem,Jakarta Barat,4,3,1,75.0,250.0
6317,6318,2000000000,Taman Palem,Jakarta Barat,2,2,1,50.0,100.0
6318,6319,1400000000,Taman Palem,Jakarta Barat,2,2,1,60.0,80.0
6319,6320,3100000000,Taman Palem,Jakarta Barat,8,6,0,133.0,221.0
6320,6321,1300000000,Taman Palem,Jakarta Barat,2,2,1,56.0,80.0
6321,6322,1600000000,Taman Palem,Jakarta Barat,2,2,1,60.0,110.0
6322,6323,2650000000,Taman Palem,Jakarta Barat,3,3,0,108.0,125.0
6323,6324,1800000000,Taman Palem,Jakarta Barat,3,2,0,90.0,120.0
6324,6325,1700000000,Taman Palem,Jakarta Barat,3,2,1,90.0,120.0
6325,6326,2300000000,Taman Palem,Jakarta Barat,3,2,0,120.0,120.0
6326,6327,2800000000,Taman Palem,Jakarta Barat,5,4,0,90.0,180.0
6327,6328,3100000000,Taman Palem,Jakarta Barat,4,3,0,136.0,350.0
6328,6329,2100000000,Taman Palem,Jakarta Barat,4,3,1,120.0,180.0
6329,6330,2990000000,Taman Palem,Jakarta Barat,3,3,1,136.0,190.0
6330,6331,1150000000,Taman Palem,Jakarta Barat,2,2,0,50.0,75.0
6331,6332,4500000000,Taman Palem,Jakarta Barat,4,3,2,185.0,325.0
6332,6333,10200000000,Kemang,Jakarta Selatan,7,7,2,449.0,649.0
6333,6334,8900000000,Cilandak,Jakarta Selatan,5,3,3,295.0,200.0
6334,6335,8500000000,Citra Garden,Jakarta Barat,4,3,2,240.0,386.0
6335,6336,1550000000,Pejaten Timur,Jakarta Selatan,3,3,0,65.0,114.0
6336,6337,2600000000,Kalideres,Jakarta Barat,4,3,1,140.0,170.0
6337,6338,1400000000,Kalideres,Jakarta Barat,3,2,1,50.0,55.0
6338,6339,2500000000,Kalideres,Jakarta Barat,2,4,2,120.0,240.0
6339,6340,4500000000,Kalideres,Jakarta Barat,4,5,1,262.0,350.0
6340,6341,4500000000,Kalideres,Jakarta Barat,3,2,0,214.0,160.0
6341,6342,2600000000,Kalideres,Jakarta Barat,4,3,1,125.0,200.0
6342,6343,2800000000,Kalideres,Jakarta Barat,5,4,1,140.0,210.0
6343,6344,1950000000,Kalideres,Jakarta Barat,4,4,1,90.0,162.0
6344,6345,1600000000,Kalideres,Jakarta Barat,4,2,0,120.0,180.0
6345,6346,2700000000,Kalideres,Jakarta Barat,4,3,1,130.0,250.0
6346,6347,3900000000,Kalideres,Jakarta Barat,4,3,1,195.0,370.0
6347,6348,3800000000,Kalideres,Jakarta Barat,5,3,1,133.0,95.0
6348,6349,2550000000,Kalideres,Jakarta Barat,3,3,0,96.0,130.0
6349,6350,4500000000,Kalideres,Jakarta Barat,6,5,2,226.0,264.0
6350,6351,2850000000,Kalideres,Jakarta Barat,4,3,0,144.0,144.0
6351,6352,89000000000,Kebayoran Baru,Jakarta Selatan,10,8,12,1026.0,800.0
6352,6353,1550000000,Pejaten Timur,Jakarta Selatan,3,3,1,64.0,112.0
6353,6354,8000000000,Jati Padang,Jakarta Selatan,4,3,1,418.0,350.0
6354,6355,7690000000,Cilandak,Jakarta Selatan,3,4,0,142.0,398.0
6355,6356,2850000000,Pasar Minggu,Jakarta Selatan,4,3,2,125.0,162.0
6356,6357,8000000000,Tebet,Jakarta Selatan,5,3,2,248.0,300.0
6357,6358,1480000000,Duri Kosambi,Jakarta Barat,0,3,1,72.0,90.0
6358,6359,70000000000,Pantai Indah Kapuk,Jakarta Utara,8,8,8,1100.0,1900.0
6359,6360,12000000000,Tebet,Jakarta Selatan,4,3,2,375.0,300.0
6360,6361,19300000000,Gandaria,Jakarta Selatan,5,5,2,930.0,453.0
6361,6362,4000000000,Tebet,Jakarta Selatan,3,2,1,140.0,140.0
6362,6363,31000000000,Kemang,Jakarta Selatan,3,3,2,945.0,475.0
6363,6364,7500000000,Jati Padang,Jakarta Selatan,5,3,2,346.0,500.0
6364,6365,1550000000,Pejaten Timur,Jakarta Selatan,3,3,1,65.0,112.0
6365,6366,10000000000,Gandaria,Jakarta Selatan,4,2,6,459.0,600.0
6366,6367,46000000000,Panglima Polim,Jakarta Selatan,4,3,2,317.0,871.0
6367,6368,30000000000,Permata Hijau,Jakarta Selatan,5,2,3,716.0,400.0
6368,6369,14300000000,Kemang,Jakarta Selatan,4,2,0,348.0,703.0
6369,6370,20500000000,Kebayoran Baru,Jakarta Selatan,7,6,4,574.0,800.0
6370,6371,2100000000,Tebet,Jakarta Selatan,4,4,1,96.0,140.0
6371,6372,29000000000,Kebayoran Baru,Jakarta Selatan,3,2,9,469.0,301.0
6372,6373,8000000000,Lebak Bulus,Jakarta Selatan,4,3,1,350.0,300.0
6373,6374,42000000000,Pantai Indah Kapuk,Jakarta Utara,5,6,2,450.0,1000.0
6374,6375,5500000000,Petojo,Jakarta Pusat,4,2,1,200.0,200.0
6375,6376,1290000000,Cempaka Putih,Jakarta Pusat,2,2,1,38.0,69.0
6376,6377,1010000000,Sawah Besar,Jakarta Pusat,0,2,1,35.0,60.0
6377,6378,3500000000,Cengkareng,Jakarta Barat,2,3,0,120.0,115.0
6378,6379,3500000000,Cengkareng,Jakarta Barat,4,6,0,160.0,297.0
6379,6380,1600000000,Cengkareng,Jakarta Barat,4,3,1,62.0,105.0
6380,6381,1400000000,Cengkareng,Jakarta Barat,5,2,1,70.0,155.0
6381,6382,3800000000,Cengkareng,Jakarta Barat,5,4,0,150.0,300.0
6382,6383,7500000000,Cengkareng,Jakarta Barat,6,5,0,200.0,450.0
6383,6384,48000000000,Kelapa Gading,Jakarta Utara,5,5,8,1100.0,1200.0
6384,6385,2070000000,Kelapa Gading,Jakarta Utara,3,1,1,90.0,70.0
6385,6386,1600000000,Kelapa Gading,Jakarta Utara,3,2,1,60.0,70.0
6386,6387,7500000000,Kelapa Gading,Jakarta Utara,4,3,1,160.0,225.0
6387,6388,3300000000,Kelapa Gading,Jakarta Utara,3,2,1,136.0,125.0
6388,6389,1900000000,Kelapa Gading,Jakarta Utara,3,2,1,90.0,110.0
6389,6390,5100000000,Kelapa Gading,Jakarta Utara,4,3,1,136.0,200.0
6390,6391,4800000000,Kelapa Gading,Jakarta Utara,4,3,2,136.0,150.0
6391,6392,5750000000,Kelapa Gading,Jakarta Utara,4,4,2,200.0,350.0
6392,6393,28000000000,Pejaten,Jakarta Selatan,4,3,4,1295.0,520.0
6393,6394,6200000000,Kelapa Gading,Jakarta Utara,4,3,1,240.0,200.0
6394,6395,7000000000,Kelapa Gading,Jakarta Utara,3,3,1,310.0,200.0
6395,6396,15000000000,Kelapa Gading,Jakarta Utara,6,2,3,436.0,400.0
6396,6397,5900000000,Rawa Buaya,Jakarta Barat,4,3,3,400.0,400.0
6397,6398,2000000000,Cilincing,Jakarta Utara,4,3,1,90.0,135.0
6398,6399,3400000000,Kelapa Gading,Jakarta Utara,4,3,2,102.0,180.0
6399,6400,3500000000,Kelapa Gading,Jakarta Utara,4,3,1,160.0,150.0
6400,6401,3500000000,Tomang,Jakarta Barat,4,4,2,135.0,175.0
6401,6402,2100000000,Kelapa Gading,Jakarta Utara,3,3,1,75.0,150.0
6402,6403,11000000000,Kelapa Gading,Jakarta Utara,4,3,1,360.0,450.0
6403,6404,4300000000,Sunter,Jakarta Utara,4,4,4,85.0,160.0
6404,6405,5200000000,Kelapa Gading,Jakarta Utara,4,3,1,144.0,185.0
6405,6406,8500000000,Kelapa Gading,Jakarta Utara,4,4,2,234.0,490.0
6406,6407,3150000000,Duri Kepa,Jakarta Barat,5,3,2,126.0,295.0
6407,6408,4200000000,Kelapa Gading,Jakarta Utara,4,3,1,108.0,240.0
6408,6409,2100000000,Cengkareng,Jakarta Barat,3,2,1,120.0,144.0
6409,6410,5000000000,Kelapa Gading,Jakarta Utara,5,3,4,221.0,265.0
6410,6411,1400000000,Cilincing,Jakarta Utara,2,1,1,60.0,90.0
6411,6412,4500000000,Kelapa Gading,Jakarta Utara,5,6,1,120.0,350.0
6412,6413,1800000000,Kelapa Gading,Jakarta Utara,3,2,2,90.0,75.0
6413,6414,3050000000,Kapuk Muara,Jakarta Utara,2,1,1,75.0,90.0
6414,6415,6000000000,Cilincing,Jakarta Utara,4,3,2,217.0,270.0
6415,6416,8200000000,Kedoya Selatan,Jakarta Barat,4,3,2,350.0,204.0
6416,6417,5700000000,Kelapa Gading,Jakarta Utara,4,3,1,180.0,200.0
6417,6418,3800000000,Green Lake City,Jakarta Barat,3,3,1,135.0,128.0
6418,6419,3790000000,Green Lake City,Jakarta Barat,3,3,1,132.0,180.0
6419,6420,17500000000,Cipete,Jakarta Selatan,6,3,1,627.0,400.0
6420,6421,4800000000,Cakung,Jakarta Timur,4,4,2,240.0,235.0
6421,6422,2900000000,Jakarta Garden City,Jakarta Timur,4,3,2,105.0,140.0
6422,6423,3800000000,Jakarta Garden City,Jakarta Timur,3,3,2,236.0,220.0
6423,6424,1150000000,Graha Bintaro,Jakarta Selatan,2,1,1,84.0,60.0
6424,6425,3500000000,Metro permata,Jakarta Barat,5,2,2,202.0,182.0
6425,6426,3300000000,Cakung,Jakarta Timur,3,2,2,105.0,108.0
6426,6427,1300000000,Cakung,Jakarta Timur,2,2,1,90.0,65.0
6427,6428,985000000,Graha Bintaro,Jakarta Selatan,3,2,1,72.0,80.0
6428,6429,999000000,Graha Bintaro,Jakarta Selatan,2,1,1,72.0,45.0
6429,6430,8900000000,Pulo Gadung,Jakarta Timur,7,4,2,375.0,500.0
6430,6431,1980000000,Graha Bintaro,Jakarta Selatan,4,4,1,90.0,120.0
6431,6432,15700000000,Kebayoran Baru,Jakarta Selatan,4,3,1,334.0,365.0
6432,6433,27000000000,Senopati,Jakarta Selatan,4,4,2,264.0,650.0
6433,6434,5000000000,Kelapa Gading,Jakarta Utara,3,3,1,209.0,150.0
6434,6435,3600000000,Kelapa Gading,Jakarta Utara,3,3,2,102.0,160.0
6435,6436,5300000000,Kelapa Gading,Jakarta Utara,4,2,1,153.0,252.0
6436,6437,35000000000,Pondok Indah,Jakarta Selatan,5,4,6,810.0,772.0
6437,6438,4900000000,Kelapa Gading,Jakarta Utara,3,3,1,209.0,180.0
6438,6439,3300000000,Sunter,Jakarta Utara,3,3,2,84.0,140.0
6439,6440,5500000000,Kelapa Gading,Jakarta Utara,5,3,1,187.0,250.0
6440,6441,2500000000,Rawa Buaya,Jakarta Barat,5,6,2,90.0,200.0
6441,6442,4900000000,Kelapa Gading,Jakarta Utara,4,3,1,160.0,180.0
6442,6443,10000000000,Duri Kosambi,Jakarta Barat,5,4,2,540.0,570.0
6443,6444,5600000000,Kelapa Gading,Jakarta Utara,3,4,1,153.0,210.0
6444,6445,3400000000,Cengkareng,Jakarta Barat,3,3,0,105.0,108.0
6445,6446,15000000000,Sunter,Jakarta Utara,6,8,2,338.0,1000.0
6446,6447,2630000000,Joglo,Jakarta Barat,3,3,1,60.0,102.0
6447,6448,5300000000,Kelapa Gading,Jakarta Utara,3,2,1,200.0,240.0
6448,6449,10000000000,Sunter,Jakarta Utara,4,3,2,500.0,345.0
6449,6450,2600000000,Kelapa Gading,Jakarta Utara,3,2,2,102.0,160.0
6450,6451,7500000000,Sunter,Jakarta Utara,5,4,1,313.0,456.0
6451,6452,17000000000,Kemang,Jakarta Selatan,5,5,1,500.0,536.0
6452,6453,600000000,Cakung,Jakarta Timur,2,1,0,78.0,38.0
6453,6454,7000000000,Duren Sawit,Jakarta Timur,6,4,2,400.0,400.0
6454,6455,21000000000,Menteng,Jakarta Pusat,2,1,1,529.0,300.0
6455,6456,8000000000,Muara Karang,Jakarta Utara,4,3,2,380.0,250.0
6456,6457,2500000000,Kebon Jeruk,Jakarta Barat,4,3,1,225.0,180.0
6457,6458,3900000000,Metland Puri,Jakarta Barat,3,4,2,108.0,140.0
6458,6459,19600000000,Pantai Indah Kapuk,Jakarta Utara,4,4,2,450.0,721.0
6459,6460,4600000000,Tebet,Jakarta Selatan,4,4,0,150.0,250.0
6460,6461,19600000000,Pantai Indah Kapuk,Jakarta Utara,4,4,2,450.0,721.0
6461,6462,4600000000,Tebet,Jakarta Selatan,4,4,0,150.0,250.0
6462,6463,8000000000,Pantai Indah Kapuk 2,Jakarta Utara,4,3,2,200.0,274.0
6463,6464,3300000000,Tebet,Jakarta Selatan,3,2,0,137.0,120.0
6464,6465,2600000000,Kelapa Gading,Jakarta Utara,4,3,2,108.0,149.0
6465,6466,8800000000,Tebet,Jakarta Selatan,5,4,2,248.0,327.0
6466,6467,6250000000,Cempaka Putih,Jakarta Pusat,4,4,0,205.0,320.0
6467,6468,2100000000,Cakung,Jakarta Timur,3,3,1,90.0,225.0
6468,6469,6000000000,Pancoran,Jakarta Selatan,3,2,2,191.0,140.0
6469,6470,5000000000,Cibubur,Jakarta Timur,4,6,1,350.0,460.0
6470,6471,8750000000,Duren Tiga,Jakarta Selatan,5,4,3,241.0,350.0
6471,6472,2000000000,Tebet,Jakarta Selatan,3,2,0,80.0,90.0
6472,6473,2900000000,Tebet,Jakarta Selatan,4,3,2,86.0,120.0
6473,6474,6250000000,Cipinang,Jakarta Timur,5,4,4,498.0,350.0
6474,6475,42000000000,Pondok Indah,Jakarta Selatan,5,4,6,914.0,700.0
6475,6476,22000000000,Kebayoran Baru,Jakarta Selatan,2,1,3,200.0,100.0
6476,6477,1600000000,Sunter,Jakarta Utara,3,1,1,78.0,100.0
6477,6478,19000000000,Kelapa Gading,Jakarta Utara,5,5,2,312.0,550.0
6478,6479,2150000000,Senen,Jakarta Pusat,0,0,0,210.0,150.0
6479,6480,5950000000,Tambora,Jakarta Barat,7,3,1,304.0,250.0
6480,6481,4000000000,Kelapa Gading,Jakarta Utara,5,4,1,120.0,168.0
6481,6482,2800000000,Sunter,Jakarta Utara,0,4,1,119.0,200.0
6482,6483,23000000000,Sunter,Jakarta Utara,5,4,6,1188.0,750.0
6483,6484,2500000000,Pantai Indah Kapuk 2,Jakarta Utara,4,4,1,75.0,107.0
6484,6485,15400000000,Pondok Indah,Jakarta Selatan,4,4,2,234.0,350.0
6485,6486,3980000000,Pondok Indah,Jakarta Selatan,3,1,1,120.0,83.0
6486,6487,93000000000,Pondok Indah,Jakarta Selatan,5,5,6,1450.0,825.0
6487,6488,13000000000,Pondok Indah,Jakarta Selatan,2,2,1,300.0,200.0
6488,6489,4200000000,Rawamangun,Jakarta Timur,10,8,2,297.0,451.0
6489,6490,1500000000,Cibubur,Jakarta Timur,3,2,1,181.0,70.0
6490,6491,8700000000,Mampang,Jakarta Selatan,3,2,0,398.0,250.0
6491,6492,2950000000,Cirendeu,Jakarta Selatan,3,3,0,352.0,180.0
6492,6493,2100000000,Lebak Bulus,Jakarta Selatan,3,3,1,93.0,135.0
6493,6494,2950000000,Cibubur,Jakarta Timur,6,6,0,320.0,400.0
6494,6495,2500000000,Kota Wisata,Jakarta Timur,4,3,1,180.0,175.0
6495,6496,2000000000,Lebak Bulus,Jakarta Selatan,4,3,2,120.0,129.0
6496,6497,4400000000,Kelapa Gading,Jakarta Utara,3,2,2,144.0,145.0
6497,6498,27000000000,Kebayoran Lama,Jakarta Selatan,3,2,2,534.0,375.0
6498,6499,2490000000,Kelapa Gading,Jakarta Utara,3,2,0,102.0,160.0
6499,6500,3250000000,Kelapa Gading,Jakarta Utara,5,4,2,120.0,180.0
6500,6501,5500000000,Kelapa Gading,Jakarta Utara,3,3,1,163.0,185.0
6501,6502,4500000000,Citra Garden,Jakarta Barat,3,2,1,120.0,200.0
6502,6503,3600000000,Sunter,Jakarta Utara,4,5,0,102.0,214.0
6503,6504,18000000000,Kebayoran Baru,Jakarta Selatan,3,3,1,344.0,315.0
6504,6505,5750000000,Lebak Bulus,Jakarta Selatan,5,4,0,247.0,270.0
6505,6506,2650000000,Lebak Bulus,Jakarta Selatan,2,2,1,114.0,80.0
6506,6507,10900000000,Lebak Bulus,Jakarta Selatan,4,3,2,446.0,500.0
6507,6508,19000000000,Kemanggisan,Jakarta Barat,10,9,2,1011.0,462.0
6508,6509,12700000000,Kebayoran Baru,Jakarta Selatan,4,3,2,260.0,330.0
6509,6510,2800000000,Duren Sawit,Jakarta Timur,3,4,1,252.0,320.0
6510,6511,6900000000,Pejompongan,Jakarta Pusat,7,3,2,201.0,250.0
6511,6512,2900000000,Jatiwaringin,Jakarta Timur,4,3,2,137.0,202.0
6512,6513,3900000000,Jagakarsa,Jakarta Selatan,4,4,1,108.0,237.0
6513,6514,3640000000,Jagakarsa,Jakarta Selatan,5,4,0,105.0,220.0
6514,6515,895000000,Cipayung,Jakarta Timur,3,2,1,50.0,54.0
6515,6516,3900000000,Pondok Labu,Jakarta Selatan,3,3,2,119.0,250.0
6516,6517,7600000000,Tebet,Jakarta Selatan,7,4,0,380.0,200.0
6517,6518,15400000000,Pondok Indah,Jakarta Selatan,5,5,2,235.0,400.0
6518,6519,2400000000,Sunter,Jakarta Utara,3,2,2,84.0,150.0
6519,6520,7000000000,Cipete,Jakarta Selatan,3,3,2,216.0,375.0
6520,6521,27500000000,Puri Indah,Jakarta Barat,4,4,2,407.0,1000.0
6521,6522,23500000000,Simprug,Jakarta Selatan,4,5,2,242.0,422.0
6522,6523,2650000000,Tanjung Duren,Jakarta Barat,5,4,0,67.0,185.0
6523,6524,2650000000,Tanjung Duren,Jakarta Barat,5,4,0,67.0,183.0
6524,6525,3400000000,Rawamangun,Jakarta Timur,4,4,2,130.0,200.0
6525,6526,16500000000,Lebak Bulus,Jakarta Selatan,3,3,0,705.0,375.0
6526,6527,2150000000,Penjaringan,Jakarta Utara,3,2,1,48.0,78.0
6527,6528,22000000000,Gandaria,Jakarta Selatan,14,7,0,328.0,600.0
6528,6529,8000000000,Kalibata,Jakarta Selatan,4,3,0,409.0,220.0
6529,6530,1400000000,Jagakarsa,Jakarta Selatan,3,3,1,68.0,110.0
6530,6531,10000000000,Kalibata,Jakarta Selatan,15,15,0,651.0,487.0
6531,6532,18000000000,Cilandak,Jakarta Selatan,6,5,0,655.0,600.0
6532,6533,2400000000,Cakung,Jakarta Timur,4,3,0,239.0,209.0
6533,6534,5750000000,Cipinang,Jakarta Timur,5,3,3,278.0,340.0
6534,6535,1900000000,Pegangsaan,Jakarta Utara,3,2,0,110.0,118.0
6535,6536,3000000000,Kelapa Gading,Jakarta Utara,4,2,0,180.0,1.0
6536,6537,2400000000,Pantai Indah Kapuk,Jakarta Utara,1,1,0,90.0,128.0
6537,6538,8400000000,Kebayoran Baru,Jakarta Selatan,0,0,0,1020.0,1774.0
6538,6539,19600000000,Pondok Indah,Jakarta Selatan,1,1,0,296.0,400.0
6539,6540,2000000000,Jagakarsa,Jakarta Selatan,1,1,0,409.0,110.0
6540,6541,30000000000,Cipete,Jakarta Selatan,9,8,0,862.0,703.0
6541,6542,62500000000,Kebayoran Baru,Jakarta Selatan,6,5,0,1017.0,452.0
6542,6543,17000000000,Golf Island,Jakarta Utara,4,4,2,428.0,447.0
6543,6544,2600000000,Joglo,Jakarta Barat,4,4,0,176.0,280.0
6544,6545,1400000000,Duren Sawit,Jakarta Timur,3,2,0,201.0,190.0
6545,6546,7600000000,Cipete,Jakarta Selatan,0,0,0,754.0,426.0
6546,6547,2300000000,Kalideres,Jakarta Barat,3,2,1,150.0,120.0
6547,6548,13000000000,Kemang,Jakarta Selatan,5,0,4,705.0,500.0
6548,6549,6000000000,Lebak Bulus,Jakarta Selatan,3,3,2,279.0,160.0
6549,6550,32500000000,Tebet,Jakarta Selatan,4,4,1,657.0,500.0
6550,6551,8000000000,Kebon Jeruk,Jakarta Barat,3,3,0,806.0,500.0
6551,6552,1350000000,Pondok Kelapa,Jakarta Timur,3,2,2,60.0,67.0
6552,6553,20000000000,Pondok Indah,Jakarta Selatan,5,5,7,500.0,263.0
6553,6554,34500000000,Senopati,Jakarta Selatan,4,3,2,351.0,351.0
6554,6555,9000000000,Pondok Labu,Jakarta Selatan,20,20,5,201.0,500.0
6555,6556,2800000000,Kebayoran Lama,Jakarta Selatan,3,3,1,105.0,200.0
6556,6557,4500000000,Meruya,Jakarta Barat,5,3,0,353.0,110.0
6557,6558,3500000000,Cinere,Jakarta Selatan,5,3,0,410.0,200.0
6558,6559,3500000000,Tomang,Jakarta Barat,9,4,0,120.0,200.0
6559,6560,29000000000,Setiabudi,Jakarta Selatan,3,4,0,540.0,412.0
6560,6561,11800000000,Cirendeu,Jakarta Selatan,4,4,0,756.0,330.0
6561,6562,4000000000,Sunter,Jakarta Utara,5,3,1,175.0,250.0
6562,6563,7500000000,Cempaka Putih,Jakarta Pusat,8,7,0,378.0,600.0
6563,6564,1800000000,Kampung Ambon,Jakarta Timur,5,2,0,200.0,200.0
6564,6565,3950000000,Pesanggrahan,Jakarta Selatan,3,3,0,200.0,250.0
6565,6566,2700000000,Cempaka Putih,Jakarta Pusat,3,1,0,198.0,100.0
6566,6567,3300000000,Sunter,Jakarta Utara,4,3,0,144.0,160.0
6567,6568,2500000000,Rawamangun,Jakarta Timur,3,3,0,128.0,157.0
6568,6569,2800000000,Cempaka Putih,Jakarta Pusat,3,3,0,150.0,300.0
6569,6570,6200000000,Sunter,Jakarta Utara,3,3,2,293.0,400.0
6570,6571,5000000000,Meruya,Jakarta Barat,6,4,0,309.0,220.0
6571,6572,5000000000,Jagakarsa,Jakarta Selatan,6,4,2,153.0,400.0
6572,6573,2900000000,Bintaro,Jakarta Selatan,4,2,0,182.0,210.0
6573,6574,3990000000,Veteran,Jakarta Selatan,4,3,1,120.0,246.0
6574,6575,2490000000,Cakung,Jakarta Timur,4,3,1,200.0,345.0
6575,6576,5900000000,Puri Indah,Jakarta Barat,2,3,1,162.0,195.0
6576,6577,5900000000,Pesanggrahan,Jakarta Selatan,4,3,0,400.0,500.0
6577,6578,4800000000,Pademangan,Jakarta Utara,3,3,2,144.0,400.0
6578,6579,5500000000,Fatmawati,Jakarta Selatan,3,2,0,60.0,140.0
6579,6580,40000000000,Kemang,Jakarta Selatan,4,4,2,2055.0,1000.0
6580,6581,1700000000,Cirendeu,Jakarta Selatan,3,2,0,107.0,116.0
6581,6582,19500000000,Kemang,Jakarta Selatan,3,3,2,702.0,388.0
6582,6583,6900000000,Tamansari,Jakarta Barat,5,3,0,203.0,408.0
6583,6584,545000000,Semanan,Jakarta Barat,2,1,2,47.0,47.0
6584,6585,3000000000,Koja,Jakarta Utara,3,3,1,170.0,140.0
6585,6586,3500000000,Tebet,Jakarta Selatan,5,4,0,135.0,235.0
6586,6587,10000000000,Kalibata,Jakarta Selatan,5,3,5,350.0,300.0
6587,6588,90000000000,Kebayoran Baru,Jakarta Selatan,9,6,0,1026.0,750.0
6588,6589,1800000000,Pesanggrahan,Jakarta Selatan,3,2,0,120.0,100.0
6589,6590,686000000,Cipayung,Jakarta Timur,3,2,1,62.0,58.0
6590,6591,5500000000,Kota Wisata,Jakarta Timur,6,6,2,375.0,550.0
6591,6592,3600000000,Kota Wisata,Jakarta Timur,3,3,2,200.0,250.0
6592,6593,8000000000,Cipete,Jakarta Selatan,3,3,0,216.0,375.0
6593,6594,2890000000,Kota Wisata,Jakarta Timur,4,4,2,180.0,250.0
6594,6595,625000000,Cibubur,Jakarta Timur,2,1,1,73.0,40.0
6595,6596,4200000000,Kemanggisan,Jakarta Barat,5,2,0,118.0,200.0
6596,6597,15000000000,Rawamangun,Jakarta Timur,6,6,2,557.0,420.0
6597,6598,12000000000,Bendungan Hilir,Jakarta Pusat,4,2,2,281.0,180.0
6598,6599,63000000000,patra kuningan,Jakarta Selatan,4,3,2,1019.0,600.0
6599,6600,980000000,Ciracas,Jakarta Timur,2,3,2,60.0,70.0
6600,6601,22000000000,Kemang,Jakarta Selatan,5,5,2,674.0,450.0
6601,6602,19000000000,Cilandak,Jakarta Selatan,5,3,2,1155.0,705.0
6602,6603,39000000000,Kebayoran Baru,Jakarta Selatan,13,6,2,1110.0,900.0
6603,6604,1950000000,Jelambar,Jakarta Barat,2,3,1,90.0,90.0
6604,6605,7900000000,Kota Wisata,Jakarta Timur,8,5,2,334.0,512.0
6605,6606,2700000000,Kota Wisata,Jakarta Timur,4,4,2,200.0,180.0
6606,6607,3500000000,Tebet,Jakarta Selatan,4,4,2,90.0,240.0
6607,6608,8500000000,Cipete,Jakarta Selatan,4,4,0,303.0,268.0
6608,6609,2700000000,Kalideres,Jakarta Barat,5,3,2,200.0,225.0
6609,6610,9900000000,Kebayoran Baru,Jakarta Selatan,4,4,0,201.0,400.0
6610,6611,12500000000,Lebak Bulus,Jakarta Selatan,5,3,0,752.0,353.0
6611,6612,22800000000,Pondok Indah,Jakarta Selatan,10,11,0,562.0,324.0
6612,6613,1200000000,Kebayoran Baru,Jakarta Selatan,5,4,0,648.0,700.0
6613,6614,12000000000,Kebayoran Baru,Jakarta Selatan,3,1,0,233.0,180.0
6614,6615,30000000000,Kemang,Jakarta Selatan,7,5,0,1146.0,600.0
6615,6616,25500000000,Kebayoran Baru,Jakarta Selatan,7,5,0,338.0,600.0
6616,6617,35000000000,Menteng,Jakarta Pusat,5,4,0,676.0,340.0
6617,6618,30000000000,Menteng,Jakarta Pusat,4,3,0,301.0,500.0
6618,6619,52000000000,Menteng,Jakarta Pusat,4,3,0,664.0,300.0
6619,6620,11000000000,Setiabudi,Jakarta Selatan,6,6,0,280.0,250.0
6620,6621,1950000000,Kota Wisata,Jakarta Timur,3,3,2,128.0,185.0
6621,6622,425000000,Citra Grand,Jakarta Timur,3,2,0,72.0,60.0
6622,6623,3950000000,Kedoya Selatan,Jakarta Barat,5,3,0,152.0,200.0
6623,6624,25000000000,Puri Indah,Jakarta Barat,4,4,2,490.0,900.0
6624,6625,4500000000,Cinere,Jakarta Selatan,5,4,2,500.0,400.0
6625,6626,950000000,Cipayung,Jakarta Timur,2,2,1,61.0,84.0
6626,6627,14900000000,Lebak Bulus,Jakarta Selatan,4,3,10,700.0,250.0
6627,6628,33500000000,Pondok Indah,Jakarta Selatan,5,4,5,810.0,772.0
6628,6629,2700000000,Citra Grand,Jakarta Timur,5,4,2,98.0,122.0
6629,6630,15000000000,Jagakarsa,Jakarta Selatan,5,3,7,1040.0,450.0
6630,6631,11000000000,Lebak Bulus,Jakarta Selatan,3,3,0,498.0,350.0
6631,6632,1380000000,Cengkareng,Jakarta Barat,3,2,1,50.0,56.0
6632,6633,47000000000,Kebayoran Baru,Jakarta Selatan,4,4,0,984.0,400.0
6633,6634,34500000000,Kebayoran Baru,Jakarta Selatan,4,3,1,351.0,500.0
6634,6635,2290000000,Meruya,Jakarta Barat,4,3,2,98.0,150.0
6635,6636,12500000000,Ciganjur,Jakarta Selatan,5,4,10,750.0,520.0
6636,6637,1300000000,Duri Kepa,Jakarta Barat,3,2,1,42.0,126.0
6637,6638,1690000000,Petukangan,Jakarta Selatan,4,3,2,102.0,83.0
6638,6639,2200000000,Joglo,Jakarta Barat,3,1,1,144.0,102.0
6639,6640,1500000000,Kalideres,Jakarta Barat,3,2,1,72.0,117.0
6640,6641,4000000000,Duri Kepa,Jakarta Barat,5,3,1,259.0,225.0
6641,6642,1300000000,Citra Garden,Jakarta Barat,3,2,1,45.0,100.0
6642,6643,11000000000,Veteran,Jakarta Selatan,4,3,4,433.0,260.0
6643,6644,31000000000,Cipete,Jakarta Selatan,5,5,5,1320.0,600.0
6644,6645,80000000000,Menteng,Jakarta Pusat,4,5,4,980.0,550.0
6645,6646,8500000000,Otista,Jakarta Timur,5,4,2,295.0,400.0
6646,6647,2350000000,Bintaro,Jakarta Selatan,3,2,0,84.0,100.0
6647,6648,65000000000,Kebayoran Baru,Jakarta Selatan,4,3,2,626.0,400.0
6648,6649,40000000000,Pondok Indah,Jakarta Selatan,4,4,3,703.0,1100.0
6649,6650,600000000,Cinere,Jakarta Selatan,3,2,1,50.0,60.0
6650,6651,2100000000,Kelapa Gading,Jakarta Utara,2,1,1,90.0,66.0
6651,6652,22500000000,Kebayoran Baru,Jakarta Selatan,3,5,2,218.0,500.0
6652,6653,11000000000,Kebayoran Baru,Jakarta Selatan,4,4,1,219.0,500.0
6653,6654,1500000000,Ciracas,Jakarta Timur,3,2,1,64.0,75.0
6654,6655,850000000,Jagakarsa,Jakarta Selatan,3,2,1,38.0,80.0
6655,6656,7200000000,Cilandak,Jakarta Selatan,6,6,1,339.0,240.0
6656,6657,2100000000,Ciracas,Jakarta Timur,0,0,0,60.0,104.0
6657,6658,5900000000,Cilandak,Jakarta Selatan,5,4,1,267.0,400.0
6658,6659,25000000000,Kemang,Jakarta Selatan,7,7,4,848.0,716.0
6659,6660,15700000000,Kebayoran Lama,Jakarta Selatan,7,2,1,400.0,300.0
6660,6661,15700000000,Kebayoran Lama,Jakarta Selatan,7,2,1,400.0,300.0
6661,6662,1950000000,Kelapa Gading,Jakarta Utara,3,3,1,60.0,84.0
6662,6663,16000000000,Cipete,Jakarta Selatan,6,6,3,370.0,500.0
6663,6664,3500000000,Jagakarsa,Jakarta Selatan,5,5,1,87.0,248.0
6664,6665,10500000000,Permata Buana,Jakarta Barat,5,5,2,200.0,500.0
6665,6666,22000000000,Pondok Indah,Jakarta Selatan,4,4,2,400.0,1000.0
6666,6667,10500000000,Pondok Indah,Jakarta Selatan,4,3,0,267.0,208.0
6667,6668,3700000000,Jagakarsa,Jakarta Selatan,4,4,0,102.0,325.0
6668,6669,2000000000,Green Lake City,Jakarta Barat,4,2,2,90.0,120.0
6669,6670,7000000000,Kebayoran Baru,Jakarta Selatan,4,3,1,315.0,290.0
6670,6671,1200000000,Cibubur,Jakarta Timur,4,2,0,93.0,36.0
6671,6672,250000000000,Pondok Indah,Jakarta Selatan,6,6,10,4189.0,1841.0
6672,6673,3000000000,Raffles Hills,Jakarta Timur,0,0,0,160.0,270.0
6673,6674,28500000000,Menteng,Jakarta Pusat,4,4,3,520.0,620.0
6674,6675,1900000000,Ciracas,Jakarta Timur,3,3,2,90.0,130.0
6675,6676,1500000000,Raffles Hills,Jakarta Timur,4,2,2,90.0,100.0
6676,6677,19900000000,Cipete,Jakarta Selatan,4,3,2,786.0,500.0
6677,6678,9000000000,Cibubur,Jakarta Timur,3,3,10,1113.0,202.0
6678,6679,2650000000,Citra Grand,Jakarta Timur,0,0,0,120.0,90.0
6679,6680,11000000000,Pancoran,Jakarta Selatan,4,3,2,331.0,200.0
6680,6681,1800000000,Jelambar,Jakarta Barat,2,3,1,80.0,205.0
6681,6682,1200000000,Jelambar,Jakarta Barat,3,2,1,70.0,95.0
6682,6683,1300000000,Cilangkap,Jakarta Timur,2,1,2,60.0,75.0
6683,6684,2950000000,Jelambar,Jakarta Barat,1,3,1,90.0,225.0
6684,6685,7500000000,Jelambar,Jakarta Barat,7,5,1,258.0,240.0
6685,6686,4400000000,Jelambar,Jakarta Barat,3,5,1,140.0,165.0
6686,6687,1950000000,Jelambar,Jakarta Barat,3,3,1,56.0,135.0
6687,6688,6950000000,Jelambar,Jakarta Barat,5,5,1,297.0,375.0
6688,6689,1950000000,Jelambar,Jakarta Barat,4,3,1,55.0,121.0
6689,6690,3200000000,Jelambar,Jakarta Barat,4,3,1,102.0,395.0
6690,6691,1820000000,Jelambar,Jakarta Barat,3,3,1,52.0,135.0
6691,6692,2500000000,Jelambar,Jakarta Barat,4,4,1,79.0,239.0
6692,6693,2900000000,Jelambar,Jakarta Barat,5,3,1,84.0,255.0
6693,6694,4900000000,Jelambar,Jakarta Barat,5,3,1,224.0,318.0
6694,6695,3100000000,Jelambar,Jakarta Barat,4,4,1,81.0,195.0
6695,6696,1850000000,Jelambar,Jakarta Barat,1,2,1,80.0,175.0
6696,6697,1950000000,Jelambar,Jakarta Barat,4,3,1,53.0,200.0
6697,6698,2250000000,Jelambar,Jakarta Barat,3,3,1,56.0,165.0
6698,6699,6800000000,Jelambar,Jakarta Barat,6,4,1,260.0,388.0
6699,6700,5000000000,Jelambar,Jakarta Barat,3,6,1,126.0,384.0
6700,6701,9500000000,Jelambar,Jakarta Barat,7,6,1,315.0,938.0
6701,6702,2900000000,Jelambar,Jakarta Barat,4,4,1,105.0,125.0
6702,6703,3000000000,Jelambar,Jakarta Barat,2,3,1,126.0,330.0
6703,6704,3500000000,Cipete,Jakarta Selatan,3,2,1,129.0,100.0
6704,6705,2500000000,Jelambar,Jakarta Barat,5,2,1,129.0,135.0
6705,6706,3100000000,Duri Kepa,Jakarta Barat,5,4,1,104.0,225.0
6706,6707,2000000000,Tambora,Jakarta Barat,3,1,1,88.0,80.0
6707,6708,3950000000,Jelambar,Jakarta Barat,5,4,1,154.0,275.0
6708,6709,1630000000,Duri Kepa,Jakarta Barat,2,3,1,45.0,95.0
6709,6710,2000000000,Tambora,Jakarta Barat,3,1,1,88.0,80.0
6710,6711,15000000000,Pulo Gadung,Jakarta Timur,7,4,2,527.0,800.0
6711,6712,62000000000,Kemang,Jakarta Selatan,6,8,8,1066.0,881.0
6712,6713,1500000000,Jelambar,Jakarta Barat,1,1,1,158.0,90.0
6713,6714,25000000000,Cipete,Jakarta Selatan,8,5,1,921.0,615.0
6714,6715,1500000000,Kalideres,Jakarta Barat,3,2,1,108.0,84.0
6715,6716,7800000000,Bandengan,Jakarta Utara,5,5,1,110.0,266.0
6716,6717,2470000000,Meruya,Jakarta Barat,4,4,1,125.0,168.0
6717,6718,2600000000,Citra Grand,Jakarta Timur,5,4,3,170.0,280.0
6718,6719,16000000000,Cilandak,Jakarta Selatan,4,4,8,420.0,500.0
6719,6720,1150000000,Raffles Hills,Jakarta Timur,2,1,2,96.0,96.0
6720,6721,4800000000,Pejaten,Jakarta Selatan,5,4,2,340.0,325.0
6721,6722,599000000,Jagakarsa,Jakarta Selatan,2,2,1,30.0,55.0
6722,6723,985000000,Ciracas,Jakarta Timur,3,2,1,49.0,93.0
6723,6724,592000000,Ciracas,Jakarta Timur,2,2,1,27.0,38.0
6724,6725,3100000000,Kalibata,Jakarta Selatan,4,2,0,103.0,140.0
6725,6726,3400000000,Cilandak,Jakarta Selatan,3,3,0,101.0,120.0
6726,6727,1420000000,Jagakarsa,Jakarta Selatan,3,2,1,66.0,100.0
6727,6728,6200000000,Casablanca,Jakarta Selatan,4,4,0,200.0,300.0
6728,6729,1220000000,Lubang Buaya,Jakarta Timur,3,2,1,70.0,105.0
6729,6730,13000000000,Johar Baru,Jakarta Pusat,7,4,0,883.0,880.0
6730,6731,7000000000,Tebet,Jakarta Selatan,6,3,0,360.0,360.0
6731,6732,3670000000,Rawamangun,Jakarta Timur,5,7,2,142.0,300.0
6732,6733,16000000000,Kemang,Jakarta Selatan,5,4,0,666.0,450.0
6733,6734,19300000000,Cilandak,Jakarta Selatan,4,4,2,833.0,428.0
6734,6735,6500000000,Bintaro,Jakarta Selatan,7,5,0,416.0,550.0
6735,6736,1450000000,Bintaro,Jakarta Selatan,4,3,0,126.0,200.0
6736,6737,3800000000,Pejaten,Jakarta Selatan,3,3,0,221.0,260.0
6737,6738,1100000000,Ciracas,Jakarta Timur,3,2,0,60.0,80.0
6738,6739,8000000000,Tebet,Jakarta Selatan,4,4,0,300.0,225.0
6739,6740,11000000000,Pulo Gadung,Jakarta Timur,4,4,0,350.0,700.0
6740,6741,11000000000,Pulo Gadung,Jakarta Timur,4,4,0,350.0,700.0
6741,6742,2100000000,Semanan,Jakarta Barat,3,3,2,104.0,135.0
6742,6743,170000000000,Menteng,Jakarta Pusat,4,4,0,1382.0,800.0
6743,6744,2500000000,Rawamangun,Jakarta Timur,3,2,0,138.0,180.0
6744,6745,1900000000,Duri Kepa,Jakarta Barat,3,1,2,90.0,150.0
6745,6746,3800000000,Kalibata,Jakarta Selatan,4,2,0,263.0,215.0
6746,6747,3400000000,Kembangan,Jakarta Barat,3,2,2,192.0,138.0
6747,6748,1800000000,Duri Kepa,Jakarta Barat,2,1,0,108.0,140.0
6748,6749,7500000000,Tebet,Jakarta Selatan,6,6,3,400.0,500.0
6749,6750,4250000000,Pondok Kelapa,Jakarta Timur,5,2,2,612.0,311.0
6750,6751,3050000000,Meruya,Jakarta Barat,3,2,1,245.0,380.0
6751,6752,4300000000,Tanah Abang,Jakarta Pusat,8,8,0,233.0,160.0
6752,6753,3750000000,Pondok Kelapa,Jakarta Timur,0,5,4,250.0,160.0
6753,6754,3750000000,Pondok Kelapa,Jakarta Timur,5,4,3,250.0,160.0
6754,6755,2990000000,Menteng,Jakarta Pusat,4,4,2,101.0,230.0
6755,6756,8100000000,Lebak Bulus,Jakarta Selatan,4,4,0,500.0,600.0
6756,6757,2750000000,Pesanggrahan,Jakarta Selatan,3,3,1,120.0,160.0
6757,6758,15500000000,Setiabudi,Jakarta Selatan,36,35,2,238.0,700.0
6758,6759,13500000000,Kemang,Jakarta Selatan,3,3,6,694.0,325.0
6759,6760,2900000000,Cibubur,Jakarta Timur,4,5,2,180.0,450.0
6760,6761,2500000000,Pondok Bambu,Jakarta Timur,4,5,1,108.0,230.0
6761,6762,14500000000,Duren Sawit,Jakarta Timur,6,6,3,807.0,600.0
6762,6763,5000000000,Johar Baru,Jakarta Pusat,10,10,1,248.0,248.0
6763,6764,2300000000,Cipinang,Jakarta Timur,4,4,2,90.0,135.0
6764,6765,20300000000,Cilandak,Jakarta Selatan,6,5,2,930.0,453.0
6765,6766,10500000000,Pesanggrahan,Jakarta Selatan,3,2,4,994.0,200.0
6766,6767,1880000000,Kelapa Gading,Jakarta Utara,3,3,1,54.0,108.0
6767,6768,15900000000,Pondok Indah,Jakarta Selatan,5,5,0,240.0,400.0
6768,6769,5500000000,Kelapa Gading,Jakarta Utara,4,3,0,162.0,169.0
6769,6770,3000000000,Kelapa Gading,Jakarta Utara,4,3,0,120.0,200.0
6770,6771,17500000000,Cilandak,Jakarta Selatan,6,5,2,685.0,257.0
6771,6772,25000000000,Cipete,Jakarta Selatan,6,5,0,834.0,351.0
6772,6773,6500000000,Pesanggrahan,Jakarta Selatan,7,5,0,416.0,550.0
6773,6774,499000000,Cempaka Putih,Jakarta Pusat,1,1,1,21.0,36.0
6774,6775,25000000000,Kelapa Gading,Jakarta Utara,7,4,0,504.0,750.0
6775,6776,5000000000,Sunter,Jakarta Utara,4,3,0,255.0,226.0
6776,6777,9500000000,Puri Indah,Jakarta Barat,3,2,2,336.0,600.0
6777,6778,18000000000,Mampang Prapatan,Jakarta Selatan,14,4,1,923.0,429.0
6778,6779,3500000000,Sunter,Jakarta Utara,3,3,0,90.0,200.0
6779,6780,7000000000,Pasar Baru,Jakarta Pusat,3,3,0,160.0,544.0
6780,6781,3950000000,Setu,Jakarta Timur,10,8,3,496.0,743.0
6781,6782,1600000000,Jakarta Garden City,Jakarta Timur,4,2,2,102.0,76.0
6782,6783,3960000000,Cipayung,Jakarta Timur,10,8,4,496.0,743.0
6783,6784,3500000000,Kebayoran Lama,Jakarta Selatan,4,2,2,280.0,247.0
6784,6785,2200000000,Rawamangun,Jakarta Timur,4,2,1,143.0,180.0
6785,6786,3250000000,Rawamangun,Jakarta Timur,3,4,2,100.0,160.0
6786,6787,2600000000,Rawamangun,Jakarta Timur,4,3,1,84.0,132.0
6787,6788,3300000000,Rawamangun,Jakarta Timur,4,3,2,90.0,234.0
6788,6789,3500000000,Rawamangun,Jakarta Timur,5,4,2,146.0,200.0
6789,6790,2900000000,Rawamangun,Jakarta Timur,3,4,2,92.0,140.0
6790,6791,3500000000,Rawamangun,Jakarta Timur,3,3,2,90.0,220.0
6791,6792,2650000000,Kayu Putih,Jakarta Timur,2,3,1,90.0,110.0
6792,6793,2870000000,Meruya,Jakarta Barat,4,3,2,250.0,160.0
6793,6794,785000000,Matraman,Jakarta Timur,3,2,1,22.0,50.0
6794,6795,785000000,Matraman,Jakarta Timur,2,2,1,22.0,50.0
6795,6796,845000000,Ciracas,Jakarta Timur,2,2,1,41.0,55.0
6796,6797,6000000000,Pasar Minggu,Jakarta Selatan,6,4,2,460.0,300.0
6797,6798,14000000000,Kalimalang,Jakarta Timur,4,4,2,400.0,800.0
6798,6799,5100000000,Kebon Jeruk,Jakarta Barat,4,3,3,275.0,200.0
6799,6800,8500000000,Tanah Abang,Jakarta Pusat,5,3,2,265.0,200.0
6800,6801,17000000000,Bendungan Hilir,Jakarta Pusat,5,5,1,355.0,240.0
6801,6802,3500000000,Meruya,Jakarta Barat,5,3,1,126.0,200.0
6802,6803,8250000000,Duri Kepa,Jakarta Barat,5,5,1,404.0,700.0
6803,6804,16500000000,Pesanggrahan,Jakarta Selatan,6,4,6,700.0,400.0
6804,6805,14500000000,Kapuk Muara,Jakarta Utara,4,4,2,240.0,600.0
6805,6806,1300000000,Duren Sawit,Jakarta Timur,3,2,1,97.0,65.0
6806,6807,4800000000,Pancoran,Jakarta Selatan,7,4,1,210.0,200.0
6807,6808,33700000000,Duri Kepa,Jakarta Barat,5,4,3,2812.0,1000.0
6808,6809,2200000000,Tanjung Duren,Jakarta Barat,11,4,1,77.0,157.0
6809,6810,8150000000,Duri Kepa,Jakarta Barat,3,2,2,678.0,256.0
6810,6811,1690000000,Joglo,Jakarta Barat,3,2,1,102.0,82.0
6811,6812,2200000000,Semanan,Jakarta Barat,3,2,1,90.0,130.0
6812,6813,6000000000,Pejaten,Jakarta Selatan,4,2,2,290.0,350.0
6813,6814,14700000000,Kramat,Jakarta Pusat,4,4,1,294.0,482.0
6814,6815,6500000000,Cilandak,Jakarta Selatan,4,3,2,263.0,350.0
6815,6816,25000000000,Tebet,Jakarta Selatan,3,2,2,523.0,296.0
6816,6817,5500000000,Tanah Abang,Jakarta Pusat,4,3,1,126.0,136.0
6817,6818,16000000000,Palmerah,Jakarta Barat,7,3,2,685.0,360.0
6818,6819,15800000000,Mampang Prapatan,Jakarta Selatan,4,4,2,704.0,950.0
6819,6820,18000000000,Kebon Jeruk,Jakarta Barat,3,3,6,942.0,412.0
6820,6821,1600000000,Duri Kepa,Jakarta Barat,3,3,1,41.0,115.0
6821,6822,6500000000,Tomang,Jakarta Barat,4,4,1,306.0,460.0
6822,6823,3100000000,Kebayoran Lama,Jakarta Selatan,4,3,1,300.0,170.0
6823,6824,15500000000,Cilandak,Jakarta Selatan,4,5,2,1200.0,450.0
6824,6825,9850000000,Kebayoran Baru,Jakarta Selatan,5,3,1,261.0,300.0
6825,6826,18700000000,Pondok Indah,Jakarta Selatan,5,4,2,410.0,500.0
6826,6827,3100000000,Semanan,Jakarta Barat,5,4,1,161.0,180.0
6827,6828,4500000000,Palmerah,Jakarta Barat,5,3,1,204.0,322.0
6828,6829,60000000000,Cilandak,Jakarta Selatan,4,3,11,1700.0,1000.0
6829,6830,2900000000,Duri Kepa,Jakarta Barat,3,2,1,90.0,189.0
6830,6831,5500000000,Mampang Prapatan,Jakarta Selatan,12,4,1,245.0,300.0
6831,6832,2500000000,Mampang Prapatan,Jakarta Selatan,6,3,0,93.0,150.0
6832,6833,5900000000,Pasar Minggu,Jakarta Selatan,5,5,1,250.0,250.0
6833,6834,8500000000,Cipinang Melayu,Jakarta Timur,6,5,0,280.0,395.0
6834,6835,3200000000,Pondok Kelapa,Jakarta Timur,4,2,1,469.0,300.0
6835,6836,3300000000,Pondok Kelapa,Jakarta Timur,6,4,0,120.0,270.0
6836,6837,130000000000,Senayan,Jakarta Selatan,5,5,0,1633.0,1200.0
6837,6838,15800000000,Bangka,Jakarta Selatan,4,4,0,702.0,950.0
6838,6839,2350000000,Pondok Labu,Jakarta Selatan,3,3,2,50.0,109.0
6839,6840,5600000000,Fatmawati,Jakarta Selatan,3,3,0,112.0,230.0
6840,6841,35000000000,Pejaten,Jakarta Selatan,8,7,0,1477.0,1000.0
6841,6842,3000000000,Duren Sawit,Jakarta Timur,5,5,2,140.0,350.0
6842,6843,2400000000,Pondok Labu,Jakarta Selatan,3,3,2,50.0,109.0
6843,6844,2300000000,Duren Sawit,Jakarta Timur,4,4,0,129.0,180.0
6844,6845,12000000000,Lebak Bulus,Jakarta Selatan,4,3,0,610.0,400.0
6845,6846,5500000000,Citra Garden,Jakarta Barat,5,4,1,355.0,380.0
6846,6847,4600000000,Citra Garden,Jakarta Barat,4,3,1,300.0,350.0
6847,6848,2250000000,Citra Garden,Jakarta Barat,3,3,1,90.0,120.0
6848,6849,2300000000,Citra Garden,Jakarta Barat,3,2,1,81.0,100.0
6849,6850,2900000000,Rawamangun,Jakarta Timur,4,4,2,95.0,150.0
6850,6851,825000000,Cilangkap,Jakarta Timur,3,2,1,50.0,50.0
6851,6852,12500000000,Jagakarsa,Jakarta Selatan,5,4,10,750.0,520.0
6852,6853,4370000000,Kebagusan,Jakarta Selatan,5,5,2,169.0,230.0
6853,6854,13200000000,Kemang,Jakarta Selatan,5,5,6,696.0,325.0
6854,6855,45000000000,Kebayoran Baru,Jakarta Selatan,4,4,2,865.0,450.0
6855,6856,8900000000,Tebet,Jakarta Selatan,4,4,3,322.0,650.0
6856,6857,2550000000,Rawamangun,Jakarta Timur,4,2,1,142.0,150.0
6857,6858,3500000000,Pondok Kelapa,Jakarta Timur,4,3,1,206.0,180.0
6858,6859,7900000000,Rawamangun,Jakarta Timur,3,3,2,210.0,320.0
6859,6860,2550000000,Pondok Kelapa,Jakarta Timur,3,3,1,102.0,125.0
6860,6861,1450000000,Cakung,Jakarta Timur,3,2,1,105.0,110.0
6861,6862,3500000000,Jagakarsa,Jakarta Selatan,4,5,2,102.0,230.0
6862,6863,4200000000,Pondok Kelapa,Jakarta Timur,4,2,1,304.0,131.0
6863,6864,3900000000,Rawamangun,Jakarta Timur,1,1,2,190.0,100.0
6864,6865,3300000000,Rawamangun,Jakarta Timur,5,3,2,90.0,195.0
6865,6866,6250000000,Tebet,Jakarta Selatan,4,4,2,145.0,262.0
6866,6867,3900000000,Jagakarsa,Jakarta Selatan,4,5,1,116.0,260.0
6867,6868,1950000000,Pondok Kelapa,Jakarta Timur,4,2,1,70.0,105.0
6868,6869,3700000000,Jagakarsa,Jakarta Selatan,4,4,2,102.0,250.0
6869,6870,6900000000,Kelapa Gading,Jakarta Utara,4,3,1,181.0,320.0
6870,6871,2900000000,Rawamangun,Jakarta Timur,3,3,2,92.0,150.0
6871,6872,3700000000,Jagakarsa,Jakarta Selatan,4,3,2,96.0,280.0
6872,6873,33000000000,Pondok Indah,Jakarta Selatan,5,6,2,607.0,750.0
6873,6874,985000000,Cakung,Jakarta Timur,3,3,1,80.0,80.0
6874,6875,9500000000,Pesanggrahan,Jakarta Selatan,3,3,5,1225.0,454.0
6875,6876,16700000000,Pondok Indah,Jakarta Selatan,5,5,1,302.0,343.0
6876,6877,18000000000,Lebak Bulus,Jakarta Selatan,6,7,4,600.0,1280.0
6877,6878,2950000000,Cinere,Jakarta Selatan,4,3,1,150.0,230.0
6878,6879,1850000000,Jagakarsa,Jakarta Selatan,4,3,2,205.0,200.0
6879,6880,12500000000,Rawamangun,Jakarta Timur,9,10,3,376.0,620.0
6880,6881,8500000000,Lebak Bulus,Jakarta Selatan,6,4,2,579.0,400.0
6881,6882,85000000000,Menteng,Jakarta Pusat,8,5,6,732.0,448.0
6882,6883,2200000000,Bintaro,Jakarta Selatan,5,5,1,200.0,190.0
6883,6884,3400000000,Kemanggisan,Jakarta Barat,4,4,1,105.0,147.0
6884,6885,3100000000,Cipinang,Jakarta Timur,4,4,1,228.0,297.0
6885,6886,12500000000,Rawamangun,Jakarta Timur,9,10,3,376.0,620.0
6886,6887,3300000000,Pondok Labu,Jakarta Selatan,4,5,4,174.0,250.0
6887,6888,12500000000,Rawamangun,Jakarta Timur,9,10,3,376.0,620.0
6888,6889,5500000000,Jagakarsa,Jakarta Selatan,4,4,1,219.0,200.0
6889,6890,20000000000,Bangka,Jakarta Selatan,5,4,8,1127.0,450.0
6890,6891,4900000000,Tanah Abang,Jakarta Pusat,5,2,1,109.0,218.0
6891,6892,5500000000,Lebak Bulus,Jakarta Selatan,4,4,1,173.0,420.0
6892,6893,1800000000,Kav DKI,Jakarta Barat,3,3,2,60.0,99.0
6893,6894,2180000000,Cirendeu,Jakarta Selatan,3,3,2,72.0,94.0
6894,6895,2300000000,Cirendeu,Jakarta Selatan,3,3,2,90.0,98.0
6895,6896,25000000000,Wijaya,Jakarta Selatan,2,2,4,270.0,100.0
6896,6897,9500000000,Bangka,Jakarta Selatan,4,3,2,447.0,380.0
6897,6898,6000000000,Pantai Indah Kapuk,Jakarta Utara,3,3,0,136.0,208.0
6898,6899,2070000000,Pantai Indah Kapuk,Jakarta Utara,3,2,0,50.0,150.0
6899,6900,12000000000,Pantai Indah Kapuk,Jakarta Utara,3,3,0,250.0,750.0
6900,6901,1750000000,Kartini,Jakarta Pusat,9,6,0,48.0,168.0
6901,6902,6500000000,Tanjung Duren,Jakarta Barat,13,9,1,300.0,230.0
6902,6903,1400000000,Karet,Jakarta Selatan,2,1,0,63.0,60.0
6903,6904,3000000000,Meruya,Jakarta Barat,3,3,1,120.0,150.0
6904,6905,18000000000,Kemang,Jakarta Selatan,4,3,2,563.0,500.0
6905,6906,4300000000,Metland Puri,Jakarta Barat,3,3,2,105.0,156.0
6906,6907,9970000000,Permata Buana,Jakarta Barat,5,4,0,188.0,460.0
6907,6908,6000000000,Meruya,Jakarta Barat,5,3,0,300.0,300.0
6908,6909,3000000000,Metland Puri,Jakarta Barat,3,3,2,111.0,160.0
6909,6910,6300000000,Pantai Indah Kapuk,Jakarta Utara,5,4,2,160.0,300.0
6910,6911,4000000000,Metland Puri,Jakarta Barat,3,4,2,135.0,250.0
6911,6912,4700000000,Green Lake City,Jakarta Barat,3,3,2,197.0,250.0
6912,6913,45000000000,Pondok Indah,Jakarta Selatan,5,5,2,627.0,1050.0
6913,6914,4000000000,Metland Puri,Jakarta Barat,3,3,2,127.0,330.0
6914,6915,3000000000,Metland Puri,Jakarta Barat,4,3,2,120.0,180.0
6915,6916,5200000000,Meruya,Jakarta Barat,6,6,2,349.0,600.0
6916,6917,8500000000,Sunter,Jakarta Utara,6,4,2,400.0,350.0
6917,6918,944000000,Rorotan,Jakarta Utara,4,3,2,124.0,97.0
6918,6919,4250000000,Duri Kepa,Jakarta Barat,4,3,1,218.0,300.0
6919,6920,55000000000,Menteng,Jakarta Pusat,7,8,0,733.0,548.0
6920,6921,55000000000,Menteng,Jakarta Pusat,7,8,0,733.0,548.0
6921,6922,3050000000,Cengkareng,Jakarta Barat,4,4,1,108.0,260.0
6922,6923,2400000000,Cengkareng,Jakarta Barat,5,2,2,107.0,125.0
6923,6924,3850000000,Ragunan,Jakarta Selatan,4,3,1,133.0,180.0
6924,6925,33000000000,Cilandak,Jakarta Selatan,13,9,9,2000.0,1700.0
6925,6926,5500000000,Lebak Bulus,Jakarta Selatan,6,5,1,235.0,350.0
6926,6927,1650000000,Jati Padang,Jakarta Selatan,3,3,1,50.0,90.0
6927,6928,2900000000,Lenteng Agung,Jakarta Selatan,5,5,2,152.0,215.0
6928,6929,1550000000,Pasar Minggu,Jakarta Selatan,3,3,1,62.0,100.0
6929,6930,2200000000,Pasar Minggu,Jakarta Selatan,3,3,2,79.0,127.0
6930,6931,5500000000,Lenteng Agung,Jakarta Selatan,6,5,4,147.0,300.0
6931,6932,12500000000,Sunter,Jakarta Utara,3,3,10,640.0,218.0
6932,6933,1850000000,Tebet,Jakarta Selatan,3,3,1,45.0,78.0
6933,6934,1900000000,Metland Menteng,Jakarta Timur,3,2,1,84.0,79.0
6934,6935,1900000000,Kalideres,Jakarta Barat,5,4,0,120.0,126.0
6935,6936,2290000000,Green Ville,Jakarta Barat,4,3,2,100.0,150.0
6936,6937,2800000000,Kelapa Gading,Jakarta Utara,3,3,2,105.0,210.0
6937,6938,5500000000,Lebak Bulus,Jakarta Selatan,3,2,2,208.0,262.0
6938,6939,936000000,Ciracas,Jakarta Timur,3,2,1,62.0,70.0
6939,6940,1080000000,Condet,Jakarta Timur,3,2,1,30.0,100.0
6940,6941,2400000000,Bintaro,Jakarta Selatan,3,3,2,183.0,122.0
6941,6942,9000000000,Cirendeu,Jakarta Selatan,4,5,7,1225.0,450.0
6942,6943,2600000000,Citra Garden,Jakarta Barat,5,5,0,125.0,250.0
6943,6944,885000000,Cipayung,Jakarta Timur,3,2,1,44.0,80.0
6944,6945,1200000000,Cibubur,Jakarta Timur,3,2,1,60.0,100.0
6945,6946,1200000000,Cibubur,Jakarta Timur,3,2,1,60.0,80.0
6946,6947,885000000,Cipayung,Jakarta Timur,3,2,1,44.0,80.0
6947,6948,1350000000,Kalisari,Jakarta Timur,3,2,1,78.0,100.0
6948,6949,1200000000,Cibubur,Jakarta Timur,3,2,2,60.0,100.0
6949,6950,885000000,Bambu Apus,Jakarta Timur,3,2,1,44.0,80.0
6950,6951,885000000,Bambu Apus,Jakarta Timur,3,2,1,44.0,80.0
6951,6952,800000000,Cilangkap,Jakarta Timur,3,2,1,60.0,72.0
6952,6953,950000000,Ciracas,Jakarta Timur,3,2,0,105.0,80.0
6953,6954,1700000000,Semanan,Jakarta Barat,2,2,1,75.0,69.0
6954,6955,5500000000,Taman Surya,Jakarta Barat,6,5,1,239.0,277.0
6955,6956,2200000000,Kalideres,Jakarta Barat,3,2,1,160.0,160.0
6956,6957,2500000000,Kalideres,Jakarta Barat,3,3,3,160.0,175.0
6957,6958,2900000000,Duri Kepa,Jakarta Barat,4,2,0,117.0,150.0
6958,6959,1900000000,Citra Garden,Jakarta Barat,3,2,1,63.0,70.0
6959,6960,2300000000,Cengkareng,Jakarta Barat,3,3,1,120.0,95.0
6960,6961,3150000000,Mampang Prapatan,Jakarta Selatan,4,3,1,160.0,200.0
6961,6962,3250000000,Pulomas,Jakarta Timur,3,3,2,100.0,150.0
6962,6963,2900000000,Pulomas,Jakarta Timur,4,5,0,75.0,260.0
6963,6964,1400000000,Cengkareng,Jakarta Barat,3,2,1,93.0,140.0
6964,6965,3850000000,Pondok Labu,Jakarta Selatan,5,4,1,365.0,280.0
6965,6966,17400000000,Ciracas,Jakarta Timur,4,4,0,2600.0,500.0
6966,6967,25000000000,Cinere,Jakarta Selatan,5,5,2,490.0,640.0
6967,6968,4900000000,Gudang Peluru,Jakarta Selatan,5,4,1,211.0,230.0
6968,6969,22000000000,Panglima Polim,Jakarta Selatan,5,2,0,409.0,375.0
6969,6970,29000000000,Pantai Indah Kapuk,Jakarta Utara,5,7,0,330.0,960.0
6970,6971,6500000000,Mampang,Jakarta Selatan,5,3,0,235.0,250.0
6971,6972,3250000000,Kalideres,Jakarta Barat,7,5,0,1346.0,650.0
6972,6973,3950000000,Jelambar,Jakarta Barat,5,3,1,174.0,200.0
6973,6974,9500000000,Pondok Labu,Jakarta Selatan,1,5,2,412.0,350.0
6974,6975,4500000000,Cinere,Jakarta Selatan,5,5,0,380.0,500.0
6975,6976,7000000000,Tebet,Jakarta Selatan,6,3,0,360.0,500.0
6976,6977,70000000000,Pondok Labu,Jakarta Selatan,0,0,0,5961.0,1115.0
6977,6978,6500000000,Kalibata,Jakarta Selatan,5,6,1,239.0,400.0
6978,6979,13500000000,Gandaria,Jakarta Selatan,5,3,0,714.0,550.0
6979,6980,2800000000,Pegadungan,Jakarta Barat,5,3,2,112.0,185.0
6980,6981,4500000000,Pasar Minggu,Jakarta Selatan,5,3,0,1000.0,350.0
6981,6982,24900000000,Kebayoran Baru,Jakarta Selatan,4,5,4,690.0,350.0
6982,6983,4340000000,Cilandak,Jakarta Selatan,5,4,1,419.0,380.0
6983,6984,12700000000,Cipete,Jakarta Selatan,8,8,1,1020.0,1200.0
6984,6985,34500000000,patra kuningan,Jakarta Selatan,4,5,4,731.0,241.0
6985,6986,10500000000,Cipete,Jakarta Selatan,6,4,0,754.0,550.0
6986,6987,9500000000,Bendungan Hilir,Jakarta Pusat,4,2,1,261.0,200.0
6987,6988,9600000000,Bangka,Jakarta Selatan,6,3,0,361.0,550.0
6988,6989,4250000000,Cipinang,Jakarta Timur,5,2,2,612.0,311.0
6989,6990,3500000000,Tebet,Jakarta Selatan,3,2,0,120.0,100.0
6990,6991,8500000000,Tomang,Jakarta Barat,1,1,0,450.0,1.0
6991,6992,3000000000,Jelambar,Jakarta Barat,0,0,0,143.0,143.0
6992,6993,2900000000,Tebet,Jakarta Selatan,5,3,1,172.0,150.0
6993,6994,12500000000,Tomang,Jakarta Barat,5,4,0,313.0,700.0
6994,6995,3500000000,Tomang,Jakarta Barat,4,3,0,114.0,108.0
6995,6996,3700000000,Jelambar,Jakarta Barat,0,0,2,176.0,176.0
6996,6997,1250000000,Taman Palem,Jakarta Barat,2,2,1,55.0,75.0
6997,6998,2300000000,Tomang,Jakarta Barat,0,0,0,62.0,62.0
6998,6999,3600000000,Grogol,Jakarta Barat,3,2,0,260.0,180.0
6999,7000,45000000000,Pondok Indah,Jakarta Selatan,0,0,0,627.0,1050.0
7000,7001,45000000000,Pondok Indah,Jakarta Selatan,0,0,0,627.0,1050.0
7001,7002,5600000000,Green Ville,Jakarta Barat,4,4,1,220.0,440.0
7002,7003,24500000000,Kemang,Jakarta Selatan,6,6,0,787.0,60.0
7003,7004,2500000000,Petojo,Jakarta Pusat,0,0,0,146.0,146.0
7004,7005,7800000000,Tebet,Jakarta Selatan,5,4,2,240.0,350.0
7005,7006,2300000000,Green Ville,Jakarta Barat,4,3,2,88.0,176.0
7006,7007,3200000000,Tebet,Jakarta Selatan,5,5,0,133.0,250.0
7007,7008,4250000000,Duren Sawit,Jakarta Timur,5,2,2,612.0,311.0
7008,7009,16900000000,Tanah Abang,Jakarta Pusat,5,8,2,492.0,800.0
7009,7010,2150000000,Palmerah,Jakarta Barat,4,2,1,171.0,150.0
7010,7011,8500000000,Lebak Bulus,Jakarta Selatan,4,2,0,600.0,500.0
7011,7012,35000000000,Sunter,Jakarta Utara,7,4,2,1363.0,750.0
7012,7013,14000000000,Pluit,Jakarta Utara,4,4,5,540.0,810.0
7013,7014,1750000000,Tamansari,Jakarta Barat,5,2,1,110.0,200.0
7014,7015,2350000000,Lenteng Agung,Jakarta Selatan,4,3,0,298.0,200.0
7015,7016,5550000000,Pejaten,Jakarta Selatan,4,3,0,186.0,200.0
7016,7017,5000000000,Jelambar,Jakarta Barat,4,5,2,135.0,320.0
7017,7018,2800000000,Metland Puri,Jakarta Barat,3,3,2,160.0,200.0
7018,7019,2600000000,Citra Garden,Jakarta Barat,3,3,1,105.0,130.0
7019,7020,12500000000,Lebak Bulus,Jakarta Selatan,7,7,6,536.0,500.0
7020,7021,2600000000,Pantai Indah Kapuk 2,Jakarta Utara,4,3,1,75.0,95.0
7021,7022,9500000000,Pantai Indah Kapuk,Jakarta Utara,7,5,3,340.0,600.0
7022,7023,15000000000,Pondok Labu,Jakarta Selatan,5,5,2,515.0,400.0
7023,7024,10000000000,Sunrise Garden,Jakarta Barat,5,5,4,497.0,525.0
7024,7025,2300000000,Green garden,Jakarta Barat,3,2,1,90.0,120.0
7025,7026,23500000000,Kebon Jeruk,Jakarta Barat,7,6,0,1370.0,600.0
7026,7027,23500000000,Tomang,Jakarta Barat,7,6,4,1370.0,600.0
7027,7028,3900000000,Pondok Bambu,Jakarta Timur,7,3,1,240.0,300.0
7028,7029,1900000000,Sektor 2 - Bintaro,Jakarta Selatan,4,2,1,120.0,90.0
7029,7030,3000000000,Duri Kepa,Jakarta Barat,5,4,0,315.0,280.0
7030,7031,2750000000,Jelambar,Jakarta Barat,5,3,1,160.0,200.0
7031,7032,1650000000,Cengkareng,Jakarta Barat,2,2,1,60.0,75.0
7032,7033,1650000000,Cirendeu,Jakarta Selatan,2,3,1,60.0,117.0
7033,7034,4100000000,Cilandak,Jakarta Selatan,4,4,4,207.0,270.0
7034,7035,6850000000,Lebak Bulus,Jakarta Selatan,4,4,2,235.0,292.0
7035,7036,13000000000,Cilandak,Jakarta Selatan,4,5,2,330.0,450.0
7036,7037,2280000000,Pantai Indah Kapuk 2,Jakarta Utara,2,2,1,60.0,96.0
7037,7038,13000000000,Menteng,Jakarta Pusat,6,3,1,364.0,250.0
7038,7039,16000000000,Central Park,Jakarta Barat,5,5,0,832.0,1500.0
7039,7040,2650000000,Pantai Indah Kapuk 2,Jakarta Utara,3,3,1,60.0,138.0
7040,7041,2000000000,Petojo,Jakarta Pusat,4,2,0,112.0,100.0
7041,7042,10500000000,Tanjung Barat,Jakarta Selatan,5,3,0,1361.0,800.0
7042,7043,5850000000,Cengkareng Barat,Jakarta Barat,6,4,0,325.0,300.0
7043,7044,12500000000,Jagakarsa,Jakarta Selatan,7,4,9,2.0,296.0
7044,7045,4250000000,Kebayoran Lama,Jakarta Selatan,4,3,0,300.0,220.0
7045,7046,18000000000,Condet,Jakarta Timur,6,4,5,1.0,308.0
7046,7047,23500000000,Pondok Indah,Jakarta Selatan,9,5,3,644.0,442.0
7047,7048,13000000000,Setiabudi,Jakarta Selatan,6,4,1,463.0,300.0
7048,7049,1880000000,Cinere,Jakarta Selatan,5,4,4,120.0,185.0
7049,7050,16000000000,Pondok Indah,Jakarta Selatan,7,4,2,320.0,300.0
7050,7051,2700000000,Cinere,Jakarta Selatan,5,4,2,151.0,264.0
7051,7052,14500000000,Pondok Indah,Jakarta Selatan,5,4,2,368.0,226.0
7052,7053,26000000000,Pondok Pinang,Jakarta Selatan,5,3,2,462.0,600.0
7053,7054,2390000000,Lebak Bulus,Jakarta Selatan,5,4,2,90.0,239.0
7054,7055,2650000000,Rawa Buaya,Jakarta Barat,6,4,0,1011.0,500.0
7055,7056,3900000000,Gatot Subroto,Jakarta Selatan,4,4,2,68.0,200.0
7056,7057,3500000000,Mampang,Jakarta Selatan,4,5,2,66.0,169.0
7057,7058,1600000000,Cinere,Jakarta Selatan,4,4,2,89.0,111.0
7058,7059,2500000000,Pejaten,Jakarta Selatan,4,2,1,331.0,250.0
7059,7060,18500000000,Cilandak,Jakarta Selatan,7,5,0,1910.0,1300.0
7060,7061,18500000000,Cilandak,Jakarta Selatan,7,5,0,1910.0,1300.0
7061,7062,9000000000,Lebak Bulus,Jakarta Selatan,6,4,0,467.0,400.0
7062,7063,2250000000,Kalideres,Jakarta Barat,4,2,1,361.0,300.0
7063,7064,4000000000,Cakung,Jakarta Timur,4,5,2,153.0,203.0
7064,7065,29000000000,Jakarta Garden City,Jakarta Timur,6,7,4,977.0,515.0
7065,7066,1650000000,Cempaka Putih,Jakarta Pusat,4,2,1,135.0,120.0
7066,7067,3000000000,Sumur Batu,Jakarta Pusat,4,3,0,154.0,200.0
7067,7068,14000000000,Cipete,Jakarta Selatan,8,8,3,384.0,850.0
7068,7069,3300000000,Kalibata,Jakarta Selatan,5,5,2,84.0,84.0
7069,7070,2630000000,Kalideres,Jakarta Barat,4,3,2,84.0,103.0
7070,7071,2000000000,Rawa Buaya,Jakarta Barat,5,3,0,210.0,180.0
7071,7072,1450000000,Rorotan,Jakarta Utara,2,2,1,162.0,190.0
7072,7073,2650000000,Meruya,Jakarta Barat,4,3,1,60.0,134.0
7073,7074,2150000000,Ciganjur,Jakarta Selatan,3,2,0,90.0,100.0
7074,7075,2400000000,Pondok Labu,Jakarta Selatan,4,4,2,210.0,148.0
7075,7076,3300000000,Pantai Indah Kapuk 2,Jakarta Utara,3,3,1,120.0,146.0
7076,7077,4900000000,Pejaten,Jakarta Selatan,5,5,3,155.0,324.0
7077,7078,6800000000,Pantai Indah Kapuk,Jakarta Utara,3,3,1,280.0,201.0
7078,7079,5200000000,Pejaten,Jakarta Selatan,7,5,2,154.0,300.0
7079,7080,8350000000,Pantai Indah Kapuk,Jakarta Utara,5,3,2,340.0,476.0
7080,7081,8350000000,Pantai Indah Kapuk,Jakarta Utara,5,3,2,340.0,476.0
7081,7082,3790000000,Pantai Indah Kapuk 2,Jakarta Utara,3,2,2,100.0,164.0
7082,7083,2400000000,Fatmawati,Jakarta Selatan,4,4,2,210.0,148.0
7083,7084,7900000000,Bintaro,Jakarta Selatan,6,5,4,681.0,392.0
7084,7085,8900000000,Pantai Indah Kapuk,Jakarta Utara,3,3,2,250.0,315.0
7085,7086,3250000000,Kebayoran Lama,Jakarta Selatan,5,3,0,187.0,200.0
7086,7087,3800000000,Metland Puri,Jakarta Barat,3,3,0,144.0,165.0
7087,7088,7200000000,Pantai Indah Kapuk,Jakarta Utara,4,4,1,200.0,252.0
7088,7089,1750000000,Cibubur,Jakarta Timur,0,2,2,75.0,100.0
7089,7090,4500000000,Permata Buana,Jakarta Barat,3,2,1,144.0,180.0
7090,7091,22500000000,Kebayoran Baru,Jakarta Selatan,5,6,3,248.0,500.0
7091,7092,4500000000,Antasari,Jakarta Selatan,5,5,2,133.0,300.0
7092,7093,4940000000,Kebayoran Lama,Jakarta Selatan,5,5,1,130.0,350.0
7093,7094,2600000000,Cibubur,Jakarta Timur,4,2,3,234.0,234.0
7094,7095,8500000000,Kebayoran Lama,Jakarta Selatan,5,3,2,312.0,250.0
7095,7096,4490000000,Kebayoran Lama,Jakarta Selatan,5,4,2,286.0,250.0
7096,7097,19900000000,Kebayoran Lama,Jakarta Selatan,7,11,4,1500.0,500.0
7097,7098,3850000000,Jagakarsa,Jakarta Selatan,4,4,2,142.0,300.0
7098,7099,4600000000,Duren Sawit,Jakarta Timur,6,4,3,284.0,350.0
7099,7100,17000000000,Pejaten Timur,Jakarta Selatan,7,6,3,670.0,500.0
7100,7101,17000000000,Pejaten,Jakarta Selatan,7,5,3,670.0,500.0
7101,7102,14500000000,Fatmawati,Jakarta Selatan,7,6,3,330.0,670.0
7102,7103,4500000000,Sunter,Jakarta Utara,4,3,2,180.0,192.0
7103,7104,16500000000,Fatmawati,Jakarta Selatan,8,8,3,329.0,677.0
7104,7105,6990000000,Sunter,Jakarta Utara,7,5,4,450.0,740.0
7105,7106,2300000000,Daan Mogot,Jakarta Barat,4,3,1,60.0,96.0
7106,7107,6500000000,Ampera,Jakarta Selatan,6,6,2,125.0,320.0
7107,7108,19000000000,Cibubur,Jakarta Timur,9,9,4,508.0,1200.0
7108,7109,6500000000,Jeruk Purut,Jakarta Selatan,6,6,2,125.0,320.0
7109,7110,1960000000,Daan Mogot,Jakarta Barat,3,2,1,60.0,69.0
7110,7111,8000000000,Pesanggrahan,Jakarta Selatan,6,5,2,158.0,373.0
7111,7112,12500000000,Cilandak,Jakarta Selatan,4,4,3,495.0,600.0
7112,7113,8000000000,Veteran,Jakarta Selatan,6,5,2,158.0,373.0
7113,7114,8000000000,Bintaro,Jakarta Selatan,6,5,2,158.0,373.0
7114,7115,18000000000,Cipete,Jakarta Selatan,6,6,8,899.0,467.0
7115,7116,12500000000,Pondok Pinang,Jakarta Selatan,7,4,1,453.0,375.0
7116,7117,12500000000,Fatmawati,Jakarta Selatan,5,6,3,497.0,500.0
7117,7118,1970000000,Cengkareng,Jakarta Barat,3,2,1,72.0,92.0
7118,7119,4000000000,Kembangan,Jakarta Barat,4,3,0,144.0,200.0
7119,7120,18000000000,Fatmawati,Jakarta Selatan,6,6,9,899.0,467.0
7120,7121,4000000000,Kembangan,Jakarta Barat,4,3,1,136.0,200.0
7121,7122,6500000000,Veteran,Jakarta Selatan,6,5,2,175.0,338.0
7122,7123,4100000000,TB Simatupang,Jakarta Selatan,5,5,3,123.0,290.0
7123,7124,6500000000,Pesanggrahan,Jakarta Selatan,6,5,2,175.0,338.0
7124,7125,10500000000,Kebon Jeruk,Jakarta Barat,6,4,1,896.0,750.0
7125,7126,5500000000,Setiabudi,Jakarta Selatan,5,3,1,255.0,185.0
7126,7127,1900000000,Pondok Labu,Jakarta Selatan,4,4,2,101.0,126.0
7127,7128,1900000000,Cinere,Jakarta Selatan,4,4,2,100.0,145.0
7128,7129,1900000000,Pondok Labu,Jakarta Selatan,4,4,2,100.0,150.0
7129,7130,4000000000,Setiabudi,Jakarta Selatan,5,3,1,117.0,200.0
7130,7131,3000000000,Tomang,Jakarta Barat,3,3,0,164.0,250.0
7131,7132,2000000000,Cengkareng,Jakarta Barat,3,2,2,108.0,120.0
7132,7133,1450000000,Pantai Indah Kapuk 2,Jakarta Utara,2,2,1,45.0,75.0
7133,7134,2400000000,Pantai Indah Kapuk 2,Jakarta Utara,3,3,2,75.0,108.0
7134,7135,1900000000,Cirendeu,Jakarta Selatan,3,3,2,70.0,105.0
7135,7136,1300000000,Bintaro,Jakarta Selatan,3,3,1,69.0,112.0
7136,7137,4390000000,Joglo,Jakarta Barat,4,4,2,195.0,270.0
7137,7138,5490000000,Joglo,Jakarta Barat,5,5,2,220.0,320.0
7138,7139,4790000000,Joglo,Jakarta Barat,4,4,2,187.0,270.0
7139,7140,4390000000,Joglo,Jakarta Barat,4,4,2,195.0,270.0
7140,7141,4390000000,Joglo,Jakarta Barat,4,4,2,195.0,270.0
7141,7142,4990000000,Joglo,Jakarta Barat,5,4,2,200.0,350.0
7142,7143,5490000000,Joglo,Jakarta Barat,5,5,0,220.0,320.0
7143,7144,4800000000,Joglo,Jakarta Barat,4,4,2,187.0,270.0
7144,7145,5490000000,Joglo,Jakarta Barat,5,5,0,220.0,320.0
7145,7146,9500000000,Kebayoran Baru,Jakarta Selatan,8,5,1,240.0,350.0
7146,7147,2170000000,Green Lake City,Jakarta Barat,3,2,2,90.0,78.0
7147,7148,8600000000,Kembangan,Jakarta Barat,18,11,5,258.0,530.0
7148,7149,11500000000,Pondok Indah,Jakarta Selatan,4,5,3,260.0,310.0
7149,7150,6300000000,Lebak Bulus,Jakarta Selatan,2,2,0,250.0,250.0
7150,7151,1700000000,Cirendeu,Jakarta Selatan,3,2,0,84.0,65.0
7151,7152,3550000000,Pondok Bambu,Jakarta Timur,4,4,2,180.0,150.0
7152,7153,3600000000,Kelapa Gading,Jakarta Utara,5,4,0,126.0,280.0
7153,7154,5300000000,Green Lake City,Jakarta Barat,4,3,2,270.0,180.0
7154,7155,14000000000,Kebayoran Baru,Jakarta Selatan,5,2,0,235.0,200.0
7155,7156,27000000000,Kebayoran Baru,Jakarta Selatan,3,3,3,365.0,200.0
7156,7157,4450000000,Jagakarsa,Jakarta Selatan,4,4,1,126.0,326.0
7157,7158,11800000000,Kebayoran Baru,Jakarta Selatan,1,2,1,235.0,150.0
7158,7159,2800000000,Kebagusan,Jakarta Selatan,4,4,2,124.0,200.0
7159,7160,15500000000,Lebak Bulus,Jakarta Selatan,4,4,7,600.0,684.0
7160,7161,10000000000,Pondok Indah,Jakarta Selatan,4,4,4,243.0,540.0
7161,7162,7900000000,Bintaro,Jakarta Selatan,3,3,1,415.0,230.0
7162,7163,8500000000,Kramat,Jakarta Pusat,4,3,1,496.0,450.0
7163,7164,59000000000,Bintaro,Jakarta Selatan,5,6,10,4000.0,1800.0
7164,7165,5400000000,Bintaro,Jakarta Selatan,3,3,2,375.0,307.0
7165,7166,8800000000,Bintaro,Jakarta Selatan,6,4,2,450.0,200.0
7166,7167,5600000000,Sunter,Jakarta Utara,5,3,1,136.0,1.0
7167,7168,4500000000,Sunter,Jakarta Utara,4,4,1,170.0,1.0
7168,7169,3800000000,Sunter,Jakarta Utara,4,3,1,170.0,1.0
7169,7170,5200000000,Sunter,Jakarta Utara,4,4,1,175.0,1.0
7170,7171,6500000000,Sunter,Jakarta Utara,0,0,0,288.0,143.0
7171,7172,2950000000,Sunter,Jakarta Utara,4,3,2,140.0,1.0
7172,7173,5300000000,Sunter,Jakarta Utara,5,5,1,144.0,266.0
7173,7174,16500000000,Kemang,Jakarta Selatan,3,3,3,788.0,450.0
7174,7175,3500000000,Sunter,Jakarta Utara,3,1,2,128.0,120.0
7175,7176,7000000000,Sunter,Jakarta Utara,3,2,2,265.0,1.0
7176,7177,7500000000,Sunter,Jakarta Utara,3,2,0,155.0,1.0
7177,7178,3100000000,Kelapa Gading,Jakarta Utara,4,2,1,102.0,1.0
7178,7179,4250000000,Sunter,Jakarta Utara,4,2,1,200.0,1.0
7179,7180,2200000000,Pademangan,Jakarta Utara,4,3,0,94.0,1.0
7180,7181,2200000000,Pademangan,Jakarta Utara,4,3,0,94.0,1.0
7181,7182,4000000000,Sunter,Jakarta Utara,3,3,0,160.0,1.0
7182,7183,5500000000,Sunter,Jakarta Utara,5,3,2,184.0,400.0
7183,7184,2750000000,Sunter,Jakarta Utara,5,2,1,120.0,200.0
7184,7185,9800000000,Tamansari,Jakarta Barat,2,4,0,512.0,1350.0
7185,7186,3800000000,Sunter,Jakarta Utara,3,3,0,160.0,1.0
7186,7187,2800000000,Pademangan,Jakarta Utara,4,4,1,70.0,260.0
7187,7188,15000000000,Sunter,Jakarta Utara,5,5,1,250.0,500.0
7188,7189,2450000000,Sunter,Jakarta Utara,4,3,1,128.0,100.0
7189,7190,6000000000,Sawah Besar,Jakarta Pusat,4,4,0,92.0,1.0
7190,7191,3500000000,Kelapa Gading,Jakarta Utara,5,4,0,90.0,120.0
7191,7192,2450000000,Sunter,Jakarta Utara,2,1,1,90.0,54.0
7192,7193,2000000000,Cakung,Jakarta Timur,3,1,1,102.0,63.0
7193,7194,5800000000,Kelapa Gading,Jakarta Utara,4,2,3,200.0,200.0
7194,7195,9300000000,Sunter,Jakarta Utara,5,2,0,360.0,1.0
7195,7196,950000000,Sawah Besar,Jakarta Pusat,4,3,0,95.0,190.0
7196,7197,3100000000,Sunter,Jakarta Utara,3,2,0,90.0,1.0
7197,7198,5200000000,Sunter,Jakarta Utara,5,4,2,126.0,216.0
7198,7199,8500000000,Johar Baru,Jakarta Pusat,5,4,5,267.0,1.0
7199,7200,5200000000,Kemang,Jakarta Selatan,4,4,2,135.0,275.0
7200,7201,3000000000,Sunter,Jakarta Utara,3,2,0,120.0,1.0
7201,7202,12000000000,Salemba,Jakarta Pusat,0,0,2,219.0,400.0
7202,7203,3300000000,Jakarta Garden City,Jakarta Timur,6,4,2,198.0,215.0
7203,7204,2200000000,Sunter,Jakarta Utara,2,1,1,96.0,1.0
7204,7205,7000000000,Sunter,Jakarta Utara,5,4,3,284.0,202.0
7205,7206,12500000000,Ancol,Jakarta Utara,4,4,2,425.0,700.0
7206,7207,4800000000,Kelapa Gading,Jakarta Utara,4,3,1,153.0,280.0
7207,7208,825000000,Kemayoran,Jakarta Pusat,2,2,0,38.0,77.0
7208,7209,4500000000,Kelapa Gading,Jakarta Utara,3,3,1,140.0,300.0
7209,7210,1650000000,Sunter,Jakarta Utara,3,2,1,68.0,120.0
7210,7211,3700000000,Gunung Sahari,Jakarta Pusat,7,5,2,246.0,420.0
7211,7212,18000000000,Kelapa Gading,Jakarta Utara,6,8,2,390.0,1000.0
7212,7213,9750000000,Sunter,Jakarta Utara,5,5,4,271.0,1000.0
7213,7214,6500000000,Sunter,Jakarta Utara,3,3,0,298.0,1.0
7214,7215,6500000000,Kelapa Gading,Jakarta Utara,5,5,0,221.0,1.0
7215,7216,6900000000,Sunter,Jakarta Utara,6,4,1,180.0,350.0
7216,7217,8000000000,Sunter,Jakarta Utara,6,3,2,180.0,350.0
7217,7218,2800000000,Kelapa Gading,Jakarta Utara,4,3,2,128.0,1.0
7218,7219,2550000000,Kelapa Gading,Jakarta Utara,2,2,1,90.0,108.0
7219,7220,2300000000,Sunter,Jakarta Utara,3,3,1,132.0,120.0
7220,7221,3800000000,Jakarta Garden City,Jakarta Timur,4,3,1,170.0,300.0
7221,7222,17500000000,Sunter,Jakarta Utara,6,4,4,652.0,800.0
7222,7223,2200000000,Pademangan,Jakarta Utara,3,3,1,82.0,230.0
7223,7224,1500000000,Sunter,Jakarta Utara,2,1,1,78.0,63.0
7224,7225,1900000000,Sunter,Jakarta Utara,3,2,1,70.0,100.0
7225,7226,5000000000,Sunter,Jakarta Utara,5,4,0,206.0,1.0
7226,7227,4500000000,Kelapa Gading,Jakarta Utara,4,3,1,153.0,1.0
7227,7228,2300000000,Cakung,Jakarta Timur,3,2,1,90.0,124.0
7228,7229,5000000000,Pulomas,Jakarta Timur,5,4,2,226.0,288.0
7229,7230,2700000000,Kelapa Gading,Jakarta Utara,4,3,1,102.0,1.0
7230,7231,2700000000,Sunter,Jakarta Utara,5,4,1,98.0,240.0
7231,7232,7500000000,Bangka,Jakarta Selatan,4,2,2,150.0,300.0
7232,7233,2800000000,Kelapa Gading,Jakarta Utara,2,1,0,68.0,100.0
7233,7234,8000000000,Pulomas,Jakarta Timur,5,4,2,416.0,320.0
7234,7235,2150000000,Cilincing,Jakarta Utara,5,3,1,120.0,100.0
7235,7236,1100000000,Cilincing,Jakarta Utara,3,1,0,98.0,110.0
7236,7237,2100000000,Duren Sawit,Jakarta Timur,3,3,0,79.0,200.0
7237,7238,4170000000,Lebak Bulus,Jakarta Selatan,3,2,2,112.0,127.0
7238,7239,3100000000,Cilandak,Jakarta Selatan,4,3,2,72.0,158.0
7239,7240,7020000000,Kebayoran Baru,Jakarta Selatan,4,3,2,149.0,183.0
7240,7241,5900000000,TB Simatupang,Jakarta Selatan,3,3,2,109.0,210.0
7241,7242,23000000000,Kebayoran Baru,Jakarta Selatan,4,3,2,330.0,400.0
7242,7243,12000000000,Kedoya,Jakarta Barat,5,5,3,509.0,550.0
7243,7244,6900000000,Tanjung Duren,Jakarta Barat,5,2,1,260.0,365.0
7244,7245,3300000000,Duri Kepa,Jakarta Barat,5,4,2,156.0,250.0
7245,7246,2500000000,Duri Kepa,Jakarta Barat,4,3,1,130.0,204.0
7246,7247,5500000000,Tanjung Duren,Jakarta Barat,5,4,1,185.0,350.0
7247,7248,6000000000,Tanjung Duren,Jakarta Barat,3,1,1,293.0,200.0
7248,7249,15000000000,Tanjung Duren,Jakarta Barat,5,3,1,200.0,100.0
7249,7250,3800000000,Kelapa Gading,Jakarta Utara,4,3,2,112.0,168.0
7250,7251,1650000000,Kelapa Gading,Jakarta Utara,3,3,2,75.0,110.0
7251,7252,3500000000,Kelapa Gading,Jakarta Utara,4,3,0,144.0,250.0
7252,7253,2300000000,Ciganjur,Jakarta Selatan,3,4,2,92.0,160.0
7253,7254,9500000000,Palmerah,Jakarta Barat,7,3,1,346.0,258.0
7254,7255,2700000000,Kelapa Gading,Jakarta Utara,3,2,2,90.0,155.0
7255,7256,2500000000,Sunter,Jakarta Utara,5,2,1,99.0,190.0
7256,7257,3000000000,Sunter,Jakarta Utara,3,3,0,108.0,1.0
7257,7258,5300000000,Sunter,Jakarta Utara,7,5,0,189.0,1.0
7258,7259,25000000000,Sunter,Jakarta Utara,8,7,4,800.0,1500.0
7259,7260,3800000000,Sunter,Jakarta Utara,6,3,0,210.0,1.0
7260,7261,1850000000,Sunter,Jakarta Utara,2,1,1,90.0,90.0
7261,7262,1800000000,Duri Kosambi,Jakarta Barat,3,2,1,116.0,120.0
7262,7263,2200000000,Cilincing,Jakarta Utara,3,2,2,105.0,100.0
7263,7264,36000000000,Menteng,Jakarta Pusat,7,5,3,480.0,900.0
7264,7265,4300000000,Puri Indah,Jakarta Barat,4,4,2,121.0,304.0
7265,7266,8000000000,Petojo,Jakarta Pusat,4,2,2,304.0,245.0
7266,7267,1270000000,Ciracas,Jakarta Timur,3,3,2,60.0,85.0
7267,7268,1280000000,Cibubur,Jakarta Timur,3,3,2,60.0,85.0
7268,7269,1300000000,Bambu Apus,Jakarta Timur,3,2,2,62.0,85.0
7269,7270,12500000000,Karet,Jakarta Selatan,7,3,1,268.0,170.0
7270,7271,5200000000,Citra Garden,Jakarta Barat,5,5,0,200.0,465.0
7271,7272,25000000000,Puri Indah,Jakarta Barat,4,4,0,450.0,900.0
7272,7273,2800000000,Raffles Hills,Jakarta Timur,4,3,0,119.0,250.0
7273,7274,5500000000,Jelambar,Jakarta Barat,32,32,0,264.0,600.0
7274,7275,14000000000,Veteran,Jakarta Selatan,3,4,2,300.0,670.0
7275,7276,2300000000,Jakarta Garden City,Jakarta Timur,4,4,1,120.0,123.0
7276,7277,3000000000,Taman Ratu,Jakarta Barat,5,4,0,257.0,376.0
7277,7278,5600000000,Taman Ratu,Jakarta Barat,4,4,0,132.0,320.0
7278,7279,3900000000,Pademangan,Jakarta Utara,0,0,2,216.0,300.0
7279,7280,11900000000,Kemayoran,Jakarta Pusat,9,6,2,440.0,482.0
7280,7281,11900000000,Kemayoran,Jakarta Pusat,9,6,2,440.0,482.0
7281,7282,6700000000,Tomang,Jakarta Barat,3,2,0,237.0,170.0
7282,7283,15000000000,Menteng,Jakarta Pusat,6,3,0,278.0,250.0
7283,7284,2500000000,Jelambar,Jakarta Barat,4,2,0,129.0,150.0
7284,7285,2470000000,Meruya,Jakarta Barat,3,3,0,125.0,168.0
7285,7286,1460000000,Jagakarsa,Jakarta Selatan,3,2,1,71.0,100.0
7286,7287,1200000000,Pasar Minggu,Jakarta Selatan,3,3,1,56.0,100.0
7287,7288,945000000,Lubang Buaya,Jakarta Timur,3,2,1,54.0,70.0
7288,7289,2300000000,Pasar Minggu,Jakarta Selatan,3,3,1,75.0,120.0
7289,7290,4100000000,Jagakarsa,Jakarta Selatan,5,5,3,123.0,260.0
7290,7291,2600000000,Citra Grand,Jakarta Timur,4,3,1,234.0,234.0
7291,7292,5600000000,Cipete,Jakarta Selatan,3,3,0,112.0,230.0
7292,7293,3550000000,Green Lake City,Jakarta Barat,3,3,2,120.0,200.0
7293,7294,5000000000,Cipete,Jakarta Selatan,3,3,0,112.0,150.0
7294,7295,15000000000,Pangeran Jayakarta,Jakarta Pusat,4,2,1,330.0,300.0
7295,7296,3950000000,Pasar Minggu,Jakarta Selatan,4,4,0,160.0,240.0
7296,7297,5400000000,Lebak Bulus,Jakarta Selatan,5,3,0,360.0,430.0
7297,7298,29000000000,Bintaro,Jakarta Selatan,5,6,0,1620.0,600.0
7298,7299,2000000000,Kota Wisata,Jakarta Timur,4,2,1,144.0,210.0
7299,7300,1950000000,Kota Wisata,Jakarta Timur,4,3,2,128.0,165.0
7300,7301,17800000000,Cipete,Jakarta Selatan,4,4,0,250.0,600.0
7301,7302,36500000000,Menteng,Jakarta Pusat,8,4,4,495.0,900.0
7302,7303,36500000000,Menteng Atas,Jakarta Pusat,5,5,2,480.0,900.0
7303,7304,4300000000,Puri Indah,Jakarta Barat,4,4,2,121.0,304.0
7304,7305,12500000000,Pantai Indah Kapuk,Jakarta Utara,4,4,2,240.0,500.0
7305,7306,950000000,Pademangan,Jakarta Utara,4,2,0,90.0,60.0
7306,7307,1500000000,Cakung,Jakarta Timur,2,2,0,96.0,100.0
7307,7308,4900000000,Pasar Minggu,Jakarta Selatan,5,5,1,155.0,324.0
7308,7309,2000000000,Cakung,Jakarta Timur,2,2,0,96.0,52.0
7309,7310,12000000000,Kemayoran,Jakarta Pusat,34,34,0,242.0,800.0
7310,7311,3000000000,Utan Kayu,Jakarta Timur,4,2,2,110.0,170.0
7311,7312,2700000000,Sunter,Jakarta Utara,3,2,0,108.0,108.0
7312,7313,4500000000,Kebayoran Baru,Jakarta Selatan,0,0,0,204.0,180.0
7313,7314,1300000000,Tanjung Barat,Jakarta Selatan,3,2,1,99.0,70.0
7314,7315,2000000000,Citra Garden,Jakarta Barat,3,2,0,128.0,130.0
7315,7316,2300000000,Citra Garden,Jakarta Barat,3,3,1,156.0,180.0
7316,7317,5500000000,Puri Mansion,Jakarta Barat,4,4,0,160.0,240.0
7317,7318,1750000000,Citra Garden,Jakarta Barat,3,2,2,90.0,95.0
7318,7319,2600000000,Citra Garden,Jakarta Barat,3,3,1,102.0,120.0
7319,7320,3440000000,Citra Garden,Jakarta Barat,4,3,0,84.0,168.0
7320,7321,2630000000,Citra Garden,Jakarta Barat,3,3,0,84.0,103.0
7321,7322,2600000000,Citra Garden,Jakarta Barat,3,3,1,105.0,130.0
7322,7323,2800000000,Taman Palem,Jakarta Barat,3,3,2,120.0,160.0
7323,7324,2530000000,Citra Garden,Jakarta Barat,3,3,0,60.0,120.0
7324,7325,1500000000,Citra Garden,Jakarta Barat,3,1,0,96.0,120.0
7325,7326,2850000000,Citra Garden,Jakarta Barat,4,3,0,225.0,180.0
7326,7327,7000000000,Citra Garden,Jakarta Barat,5,4,3,483.0,600.0
7327,7328,3600000000,Citra Garden,Jakarta Barat,4,4,1,160.0,220.0
7328,7329,1600000000,Citra Garden,Jakarta Barat,3,2,1,108.0,80.0
7329,7330,4100000000,Rawamangun,Jakarta Timur,4,3,1,105.0,150.0
7330,7331,4500000000,Menteng,Jakarta Pusat,0,5,1,189.0,245.0
7331,7332,3900000000,Pejaten,Jakarta Selatan,1,4,2,140.0,180.0
7332,7333,3800000000,Setiabudi,Jakarta Selatan,3,2,2,150.0,150.0
7333,7334,2650000000,Metland Puri,Jakarta Barat,4,3,0,100.0,160.0
7334,7335,1700000000,Citra Garden,Jakarta Barat,2,2,0,84.0,69.0
7335,7336,2500000000,Green Lake City,Jakarta Barat,3,3,0,90.0,126.0
7336,7337,3700000000,Metland Puri,Jakarta Barat,3,3,0,120.0,150.0
7337,7338,2300000000,Metro permata,Jakarta Barat,2,2,0,105.0,70.0
7338,7339,1890000000,Metland Puri,Jakarta Barat,3,3,0,64.0,108.0
7339,7340,2700000000,Gajah Mada,Jakarta Pusat,4,2,0,104.0,185.0
7340,7341,2700000000,Gajah Mada,Jakarta Pusat,4,2,0,104.0,185.0
7341,7342,2700000000,Jembatan Lima,Jakarta Barat,4,2,0,104.0,185.0
7342,7343,2900000000,Metland Puri,Jakarta Barat,3,3,0,105.0,150.0
7343,7344,3900000000,Daan Mogot,Jakarta Barat,4,2,0,144.0,320.0
7344,7345,6800000000,Puri Indah,Jakarta Barat,3,3,0,200.0,300.0
7345,7346,4000000000,Taman Kencana,Jakarta Barat,4,3,0,120.0,320.0
7346,7347,7000000000,Puri Indah,Jakarta Barat,3,4,0,186.0,450.0
7347,7348,7700000000,Permata Buana,Jakarta Barat,4,2,0,200.0,312.0
7348,7349,2600000000,Metland Puri,Jakarta Barat,3,3,0,100.0,150.0
7349,7350,2850000000,Citra Garden,Jakarta Barat,4,3,0,225.0,180.0
7350,7351,3200000000,Daan Mogot,Jakarta Barat,3,3,0,105.0,108.0
7351,7352,2700000000,Citra Garden,Jakarta Barat,4,2,0,200.0,250.0
7352,7353,1800000000,Metro permata,Jakarta Barat,3,2,0,150.0,150.0
7353,7354,3750000000,Metland Puri,Jakarta Barat,4,3,0,135.0,189.0
7354,7355,3200000000,Metland Puri,Jakarta Barat,4,3,0,120.0,160.0
7355,7356,6200000000,Taman Grisenda,Jakarta Utara,4,5,0,200.0,300.0
7356,7357,4000000000,Kayu Putih,Jakarta Timur,5,3,1,160.0,300.0
7357,7358,1250000000,Utan Kayu,Jakarta Timur,3,3,1,35.0,95.0
7358,7359,6500000000,Mangga Besar,Jakarta Barat,4,3,6,432.0,250.0
7359,7360,13000000000,Pondok Indah,Jakarta Selatan,2,2,1,300.0,200.0
7360,7361,8800000000,Cilandak,Jakarta Selatan,5,4,1,407.0,400.0
7361,7362,6500000000,Fatmawati,Jakarta Selatan,4,4,2,314.0,332.0
7362,7363,7000000000,Cawang,Jakarta Timur,8,2,1,466.0,216.0
7363,7364,9000000000,Kalibata,Jakarta Selatan,4,3,1,388.0,300.0
7364,7365,4500000000,Daan Mogot,Jakarta Barat,3,3,1,144.0,240.0
7365,7366,1500000000,Citra Grand,Jakarta Timur,2,1,1,136.0,115.0
7366,7367,1800000000,Metland Puri,Jakarta Barat,3,1,0,90.0,75.0
7367,7368,2400000000,Kebagusan,Jakarta Selatan,4,4,2,75.0,150.0
7368,7369,1670000000,Kota Wisata,Jakarta Timur,3,2,1,128.0,180.0
7369,7370,1400000000,Kota Wisata,Jakarta Timur,3,2,2,105.0,120.0
7370,7371,2600000000,Kota Wisata,Jakarta Timur,3,3,3,180.0,245.0
7371,7372,2400000000,Kebagusan,Jakarta Selatan,4,4,2,75.0,142.0
7372,7373,5200000000,Legenda Wisata,Jakarta Timur,6,4,3,455.0,380.0
7373,7374,1320000000,Kota Wisata,Jakarta Timur,2,1,1,105.0,70.0
7374,7375,4300000000,Puri Indah,Jakarta Barat,4,3,2,121.0,304.0
7375,7376,950000000,Kota Wisata,Jakarta Timur,2,1,1,90.0,60.0
7376,7377,1800000000,Kota Wisata,Jakarta Timur,3,2,1,120.0,120.0
7377,7378,1100000000,Legenda Wisata,Jakarta Timur,2,3,1,106.0,120.0
7378,7379,2700000000,Tebet,Jakarta Selatan,4,2,1,164.0,112.0
7379,7380,12000000000,Tebet,Jakarta Selatan,4,3,4,390.0,540.0
7380,7381,9000000000,Citra Garden,Jakarta Barat,4,3,2,322.0,300.0
7381,7382,7850000000,Lebak Bulus,Jakarta Selatan,5,3,3,309.0,310.0
7382,7383,1350000000,Kalideres,Jakarta Barat,3,2,1,78.0,96.0
7383,7384,7500000000,Cawang,Jakarta Timur,4,2,0,625.0,400.0
7384,7385,5750000000,Duren Sawit,Jakarta Timur,5,4,1,202.0,190.0
7385,7386,2900000000,Cakung,Jakarta Timur,3,3,1,148.0,156.0
7386,7387,53000000000,Kebayoran Baru,Jakarta Selatan,0,0,12,1017.0,500.0
7387,7388,3900000000,Kalibata,Jakarta Selatan,3,2,1,144.0,86.0
7388,7389,4800000000,Klender,Jakarta Timur,5,3,2,307.0,210.0
7389,7390,1550000000,Cibubur,Jakarta Timur,4,4,2,200.0,150.0
7390,7391,1400000000,Kota Wisata,Jakarta Timur,3,2,1,120.0,150.0
7391,7392,830000000,Jagakarsa,Jakarta Selatan,2,2,0,77.0,50.0
7392,7393,1070000000,Cibubur,Jakarta Timur,3,2,1,150.0,90.0
7393,7394,2350000000,Jagakarsa,Jakarta Selatan,4,4,2,105.0,160.0
7394,7395,1250000000,Jagakarsa,Jakarta Selatan,3,3,1,68.0,120.0
7395,7396,2450000000,Meruya,Jakarta Barat,3,3,1,125.0,200.0
7396,7397,2750000000,Jagakarsa,Jakarta Selatan,5,4,2,95.0,200.0
7397,7398,4990000000,Tebet,Jakarta Selatan,6,5,3,220.0,360.0
7398,7399,3190000000,Pesanggrahan,Jakarta Selatan,3,3,0,122.0,117.0
7399,7400,4900000000,Antasari,Jakarta Selatan,5,4,2,107.0,225.0
7400,7401,1900000000,Citra Garden,Jakarta Barat,3,2,2,63.0,70.0
7401,7402,1490000000,Jakarta Garden City,Jakarta Timur,2,2,1,85.0,60.0
7402,7403,2850000000,Citra Garden,Jakarta Barat,4,4,2,102.0,180.0
7403,7404,3200000000,Citra Garden,Jakarta Barat,4,3,2,240.0,250.0
7404,7405,4800000000,Cempaka Putih,Jakarta Pusat,4,3,1,241.0,200.0
7405,7406,3500000000,Rawamangun,Jakarta Timur,4,5,2,75.0,260.0
7406,7407,2900000000,Citra Garden,Jakarta Barat,4,4,2,150.0,156.0
7407,7408,2200000000,Pasar Minggu,Jakarta Selatan,3,3,2,79.0,127.0
7408,7409,4500000000,Lebak Bulus,Jakarta Selatan,3,2,1,180.0,160.0
7409,7410,2150000000,Kelapa Gading,Jakarta Utara,3,2,2,102.0,150.0
7410,7411,2300000000,Kelapa Gading,Jakarta Utara,11,4,1,90.0,150.0
7411,7412,2400000000,Kelapa Gading,Jakarta Utara,2,2,2,102.0,145.0
7412,7413,6300000000,Kav DKI,Jakarta Barat,4,3,2,308.0,300.0
7413,7414,11000000000,Cempaka Putih,Jakarta Pusat,4,3,2,500.0,332.0
7414,7415,2500000000,Kota Wisata,Jakarta Timur,3,2,0,162.0,153.0
7415,7416,6000000000,Lebak Bulus,Jakarta Selatan,4,2,4,585.0,300.0
7416,7417,12500000000,Mampang,Jakarta Selatan,4,3,2,543.0,320.0
7417,7418,8500000000,Tebet,Jakarta Selatan,5,4,0,300.0,450.0
7418,7419,19500000000,Veteran,Jakarta Selatan,6,6,3,980.0,1200.0
7419,7420,3500000000,Jagakarsa,Jakarta Selatan,3,2,1,100.0,180.0
7420,7421,4490000000,Cilandak,Jakarta Selatan,4,4,1,226.0,178.0
7421,7422,3500000000,Jagakarsa,Jakarta Selatan,4,5,0,103.0,230.0
7422,7423,8990000000,Jagakarsa,Jakarta Selatan,6,6,3,641.0,500.0
7423,7424,17000000000,Senopati,Jakarta Selatan,4,3,2,334.0,365.0
7424,7425,7450000000,Permata Hijau,Jakarta Selatan,3,3,2,298.0,400.0
7425,7426,5700000000,Lebak Bulus,Jakarta Selatan,5,5,2,275.0,300.0
7426,7427,1850000000,Jagakarsa,Jakarta Selatan,5,3,3,205.0,200.0
7427,7428,20000000000,Kemang,Jakarta Selatan,4,4,2,435.0,500.0
7428,7429,1900000000,Cirendeu,Jakarta Selatan,3,3,1,102.0,125.0
7429,7430,3350000000,Cilandak,Jakarta Selatan,3,3,1,85.0,180.0
7430,7431,4800000000,Kebayoran Baru,Jakarta Selatan,3,3,1,196.0,250.0
7431,7432,9500000000,Fatmawati,Jakarta Selatan,3,4,0,361.0,300.0
7432,7433,1100000000,Jelambar,Jakarta Barat,1,2,1,28.0,56.0
7433,7434,8500000000,Pejaten,Jakarta Selatan,5,4,1,451.0,400.0
7434,7435,6800000000,Condet,Jakarta Timur,7,3,5,537.0,600.0
7435,7436,5900000000,Sektor 1 - Bintaro,Jakarta Selatan,4,3,1,304.0,225.0
7436,7437,127000000000,SCBD,Jakarta Selatan,10,7,5,1420.0,800.0
7437,7438,6000000000,Pondok Indah,Jakarta Selatan,4,3,1,170.0,200.0
7438,7439,12000000000,Pondok Indah,Jakarta Selatan,3,2,1,317.0,330.0
7439,7440,910000000,Cilandak,Jakarta Selatan,3,3,1,50.0,63.0
7440,7441,640000000,Cilandak,Jakarta Selatan,3,2,1,30.0,45.0
7441,7442,599000000,Jagakarsa,Jakarta Selatan,3,2,1,50.0,45.0
7442,7443,23500000000,Pondok Indah,Jakarta Selatan,6,4,2,644.0,442.0
7443,7444,2500000000,Tanjung Duren,Jakarta Barat,5,3,1,56.0,125.0
7444,7445,3000000000,Tanjung Duren,Jakarta Barat,5,3,1,78.0,168.0
7445,7446,640000000,Jagakarsa,Jakarta Selatan,3,2,1,40.0,45.0
7446,7447,60000000000,Pondok Indah,Jakarta Selatan,9,8,4,929.0,1600.0
7447,7448,5900000000,Pondok Indah,Jakarta Selatan,4,3,1,120.0,200.0
7448,7449,58000000000,Prapanca,Jakarta Selatan,6,6,5,1162.0,452.0
7449,7450,3350000000,Veteran,Jakarta Selatan,3,3,2,152.0,160.0
7450,7451,925000000,Jagakarsa,Jakarta Selatan,3,2,1,54.0,74.0
7451,7452,90000000000,Pondok Indah,Jakarta Selatan,5,5,8,1400.0,781.0
7452,7453,771000000,Cibubur,Jakarta Timur,2,2,1,40.0,53.0
7453,7454,1200000000,Kalideres,Jakarta Barat,4,2,0,120.0,100.0
7454,7455,1600000000,Kalideres,Jakarta Barat,3,1,1,144.0,120.0
7455,7456,3600000000,Jagakarsa,Jakarta Selatan,4,5,1,162.0,250.0
7456,7457,2350000000,Jagakarsa,Jakarta Selatan,4,4,2,89.0,210.0
7457,7458,1800000000,Jagakarsa,Jakarta Selatan,4,3,2,90.0,160.0
7458,7459,1600000000,Pulogebang,Jakarta Timur,2,3,0,71.0,78.0
7459,7460,2270000000,Jagakarsa,Jakarta Selatan,4,4,2,75.0,180.0
7460,7461,7500000000,Citra Garden,Jakarta Barat,2,2,2,508.0,323.0
7461,7462,3400000000,Daan Mogot,Jakarta Barat,3,3,0,105.0,155.0
7462,7463,2600000000,Jagakarsa,Jakarta Selatan,5,4,1,178.0,200.0
7463,7464,9900000000,Kebayoran Baru,Jakarta Selatan,15,3,1,200.0,200.0
7464,7465,1450000000,Condet,Jakarta Timur,3,3,1,54.0,85.0
7465,7466,4200000000,Kalibata,Jakarta Selatan,5,3,2,87.0,220.0
7466,7467,2400000000,Pondok Kelapa,Jakarta Timur,4,3,2,113.0,160.0
7467,7468,580000000,Cinere,Jakarta Selatan,2,2,1,34.0,38.0
7468,7469,2200000000,Duren Sawit,Jakarta Timur,3,3,2,95.0,120.0
7469,7470,450000000,Condet,Jakarta Timur,3,2,1,30.0,60.0
7470,7471,8500000000,Pantai Indah Kapuk,Jakarta Utara,4,3,1,180.0,360.0
7471,7472,1300000000,Pondok Bambu,Jakarta Timur,3,3,2,90.0,65.0
7472,7473,15500000000,Petojo,Jakarta Pusat,1,1,0,619.0,400.0
7473,7474,5000000000,Pesanggrahan,Jakarta Selatan,3,3,2,189.0,225.0
7474,7475,1800000000,Petukangan,Jakarta Selatan,3,3,2,70.0,116.0
7475,7476,3100000000,Joglo,Jakarta Barat,3,2,1,88.0,96.0
7476,7477,2100000000,Meruya,Jakarta Barat,4,3,2,100.0,130.0
7477,7478,1200000000,Tanjung Duren Utara,Jakarta Barat,3,2,0,55.0,120.0
7478,7479,2900000000,Tomang,Jakarta Barat,4,3,0,157.0,250.0
7479,7480,998000000,Jagakarsa,Jakarta Selatan,3,2,1,63.0,77.0
7480,7481,734000000,Cilandak,Jakarta Selatan,2,2,1,44.0,38.0
7481,7482,560000000,Jagakarsa,Jakarta Selatan,3,2,1,105.0,53.0
7482,7483,7700000000,Pondok Indah,Jakarta Selatan,3,3,0,160.0,200.0
7483,7484,1000000000,Jagakarsa,Jakarta Selatan,3,3,1,77.0,90.0
7484,7485,1300000000,Jagakarsa,Jakarta Selatan,3,2,1,77.0,79.0
7485,7486,910000000,Jagakarsa,Jakarta Selatan,3,3,1,50.0,63.0
7486,7487,600000000,Ciracas,Jakarta Timur,3,2,1,40.0,53.0
7487,7488,7500000000,Kemang,Jakarta Selatan,5,5,2,219.0,455.0
7488,7489,1800000000,Pulogebang,Jakarta Timur,4,3,2,170.0,135.0
7489,7490,1100000000,Tanjung Duren,Jakarta Barat,4,3,1,39.0,80.0
7490,7491,165000000000,Kebayoran Baru,Jakarta Selatan,6,6,6,1090.0,800.0
7491,7492,1950000000,Cakung,Jakarta Timur,5,3,1,75.0,93.0
7492,7493,2100000000,Cakung,Jakarta Timur,4,4,1,120.0,90.0
7493,7494,22000000000,Kebayoran Baru,Jakarta Selatan,4,3,0,280.0,240.0
7494,7495,2750000000,Pondok Kelapa,Jakarta Timur,4,3,1,175.0,350.0
7495,7496,2500000000,Klender,Jakarta Timur,5,5,2,171.0,170.0
7496,7497,375000000,Klender,Jakarta Timur,2,2,0,50.0,60.0
7497,7498,2200000000,Pondok Pinang,Jakarta Selatan,6,4,0,263.0,397.0
7498,7499,1500000000,Koja,Jakarta Utara,7,4,0,105.0,210.0
7499,7500,680000000,Klender,Jakarta Timur,3,1,1,78.0,70.0
7500,7501,880000000,Klender,Jakarta Timur,2,2,1,60.0,50.0
7501,7502,725000000,Klender,Jakarta Timur,0,3,0,78.0,90.0
7502,7503,82000000000,Kebayoran Baru,Jakarta Selatan,4,4,3,775.0,827.0
7503,7504,690000000,Klender,Jakarta Timur,3,1,0,78.0,60.0
7504,7505,38000000000,Kebayoran Baru,Jakarta Selatan,6,5,2,330.0,800.0
7505,7506,450000000,Klender,Jakarta Timur,2,1,1,39.0,60.0
7506,7507,660000000,Klender,Jakarta Timur,3,1,0,78.0,70.0
7507,7508,55000000000,Kebayoran Baru,Jakarta Selatan,0,0,0,494.0,457.0
7508,7509,2800000000,Rawamangun,Jakarta Timur,4,3,1,135.0,180.0
7509,7510,3700000000,Kayu Putih,Jakarta Timur,3,3,0,96.0,280.0
7510,7511,925000000,Cakung,Jakarta Timur,5,1,0,90.0,70.0
7511,7512,4300000000,Cakung,Jakarta Timur,4,4,0,168.0,147.0
7512,7513,15000000000,Permata Buana,Jakarta Barat,4,4,0,272.0,600.0
7513,7514,1600000000,Kelapa Gading,Jakarta Utara,2,1,0,96.0,60.0
7514,7515,78700000000,Kuningan,Jakarta Selatan,16,16,10,1750.0,750.0
7515,7516,49500000000,Kebayoran Baru,Jakarta Selatan,6,6,2,320.0,700.0
7516,7517,2600000000,Kembangan,Jakarta Barat,6,5,1,100.0,200.0
7517,7518,3000000000,Kebon Jeruk,Jakarta Barat,5,2,3,495.0,200.0
7518,7519,1530000000,Cakung,Jakarta Timur,4,3,0,90.0,63.0
7519,7520,1400000000,Cilandak,Jakarta Selatan,3,2,1,62.0,83.0
7520,7521,2000000000,Pondok Kelapa,Jakarta Timur,3,2,2,90.0,120.0
7521,7522,1850000000,Klender,Jakarta Timur,2,2,1,156.0,78.0
7522,7523,630000000,Klender,Jakarta Timur,2,1,0,78.0,70.0
7523,7524,48000000000,Kebayoran Baru,Jakarta Selatan,6,6,2,338.0,810.0
7524,7525,990000000,Pondok Kelapa,Jakarta Timur,2,2,1,90.0,85.0
7525,7526,1250000000,Cengkareng,Jakarta Barat,3,2,0,75.0,95.0
7526,7527,600000000,Klender,Jakarta Timur,3,1,0,78.0,75.0
7527,7528,7000000000,Kemang,Jakarta Selatan,3,3,2,151.0,245.0
7528,7529,14500000000,Pondok Indah,Jakarta Selatan,6,5,2,201.0,600.0
7529,7530,1690000000,Duri Kosambi,Jakarta Barat,3,2,2,90.0,120.0
7530,7531,62000000000,Pondok Indah,Jakarta Selatan,7,8,7,670.0,1000.0
7531,7532,499000000,Cempaka Putih,Jakarta Pusat,2,2,0,21.0,36.0
7532,7533,1330000000,Cempaka Putih,Jakarta Pusat,3,3,1,42.0,77.0
7533,7534,5550000000,Pondok Labu,Jakarta Selatan,5,5,2,220.0,375.0
7534,7535,1900000000,Cempaka Putih,Jakarta Pusat,4,3,1,56.0,89.0
7535,7536,6900000000,Cilandak,Jakarta Selatan,4,4,2,140.0,250.0
7536,7537,749000000,Ancol,Jakarta Utara,2,2,1,39.0,56.0
7537,7538,5450000000,Sunter,Jakarta Utara,3,2,0,204.0,180.0
7538,7539,2100000000,Cirendeu,Jakarta Selatan,3,2,2,76.0,120.0
7539,7540,6500000000,Kebayoran Lama,Jakarta Selatan,5,4,2,550.0,350.0
7540,7541,2250000000,Joglo,Jakarta Barat,3,2,1,144.0,150.0
7541,7542,6000000000,Meruya,Jakarta Barat,3,3,2,354.0,200.0
7542,7543,4500000000,Kemanggisan,Jakarta Barat,4,2,1,200.0,200.0
7543,7544,1750000000,Ulujami,Jakarta Selatan,4,3,1,145.0,198.0
7544,7545,17000000000,Panglima Polim,Jakarta Selatan,3,3,2,409.0,300.0
7545,7546,8500000000,Pesanggrahan,Jakarta Selatan,5,4,1,460.0,580.0
7546,7547,11500000000,Ampera,Jakarta Selatan,3,3,2,246.0,220.0
7547,7548,17000000000,Kemang,Jakarta Selatan,7,5,2,593.0,600.0
7548,7549,12000000000,Guntur,Jakarta Selatan,6,4,3,368.0,400.0
7549,7550,929000000,Cipedak,Jakarta Selatan,3,2,1,45.0,110.0
7550,7551,3500000000,Cengkareng,Jakarta Barat,3,3,1,120.0,123.0
7551,7552,8500000000,Muara Karang,Jakarta Utara,4,4,1,250.0,550.0
7552,7553,2900000000,Tomang,Jakarta Barat,4,3,1,80.0,214.0
7553,7554,1900000000,Jakarta Garden City,Jakarta Timur,3,3,1,102.0,120.0
7554,7555,3950000000,Gandaria,Jakarta Selatan,5,3,2,161.0,180.0
7555,7556,3950000000,Bintaro,Jakarta Selatan,5,3,2,161.0,180.0
7556,7557,3950000000,Radio Dalam,Jakarta Selatan,5,3,2,162.0,180.0
7557,7558,2100000000,Duri Kepa,Jakarta Barat,3,3,1,60.0,140.0
7558,7559,8000000000,Kelapa Gading,Jakarta Utara,9,7,2,297.0,595.0
7559,7560,1900000000,Duri Kepa,Jakarta Barat,3,3,1,52.0,120.0
7560,7561,2900000000,Pesanggrahan,Jakarta Selatan,4,2,0,255.0,240.0
7561,7562,1500000000,Ciracas,Jakarta Timur,4,3,2,123.0,150.0
7562,7563,2900000000,Cempaka Putih,Jakarta Pusat,3,3,1,90.0,130.0
7563,7564,3500000000,Pondok Labu,Jakarta Selatan,4,3,2,139.0,254.0
7564,7565,11700000000,Fatmawati,Jakarta Selatan,5,3,3,363.0,278.0
7565,7566,8260000000,Lebak Bulus,Jakarta Selatan,3,3,2,208.0,378.0
7566,7567,2800000000,Pasar Minggu,Jakarta Selatan,3,3,2,127.0,205.0
7567,7568,4600000000,Lebak Bulus,Jakarta Selatan,4,3,2,250.0,150.0
7568,7569,17500000000,Sunter,Jakarta Utara,4,4,2,652.0,800.0
7569,7570,12500000000,Sunter,Jakarta Utara,5,3,2,409.0,398.0
7570,7571,3200000000,Sunter,Jakarta Utara,4,3,1,93.0,240.0
7571,7572,3900000000,Sunter,Jakarta Utara,4,4,1,105.0,220.0
7572,7573,4200000000,Sunter,Jakarta Utara,3,2,2,144.0,250.0
7573,7574,4000000000,Kelapa Gading,Jakarta Utara,3,2,1,153.0,200.0
7574,7575,3700000000,Sunter,Jakarta Utara,3,3,2,105.0,150.0
7575,7576,7500000000,Kelapa Gading,Jakarta Utara,4,4,2,220.0,500.0
7576,7577,6500000000,Kelapa Gading,Jakarta Utara,5,5,1,221.0,409.0
7577,7578,4500000000,Ancol,Jakarta Utara,3,3,1,214.0,180.0
7578,7579,6350000000,Kelapa Gading,Jakarta Utara,4,3,1,297.0,220.0
7579,7580,37000000000,Menteng,Jakarta Pusat,5,6,2,519.0,470.0
7580,7581,12500000000,Tomang,Jakarta Barat,4,3,2,313.0,700.0
7581,7582,8750000000,Ancol,Jakarta Utara,5,4,2,537.0,476.0
7582,7583,5900000000,Sunter,Jakarta Utara,3,3,1,198.0,350.0
7583,7584,7800000000,Pantai Indah Kapuk,Jakarta Utara,3,3,2,225.0,213.0
7584,7585,3400000000,Pademangan,Jakarta Utara,7,5,1,140.0,300.0
7585,7586,5200000000,Sunter,Jakarta Utara,0,4,2,165.0,321.0
7586,7587,1250000000,Duri Kepa,Jakarta Barat,3,3,1,39.0,90.0
7587,7588,3900000000,Cempaka Putih,Jakarta Pusat,6,5,2,206.0,400.0
7588,7589,5900000000,Grogol Petamburan,Jakarta Barat,4,3,2,195.0,150.0
7589,7590,5400000000,Cempaka Putih,Jakarta Pusat,6,4,1,226.0,350.0
7590,7591,4300000000,Pulomas,Jakarta Timur,4,3,2,187.0,300.0
7591,7592,5700000000,Cempaka Putih,Jakarta Pusat,4,4,2,185.0,250.0
7592,7593,24500000000,Blok M,Jakarta Selatan,4,3,0,464.0,600.0
7593,7594,32000000000,Panglima Polim,Jakarta Selatan,4,4,4,500.0,450.0
7594,7595,17000000000,Kayu Jati,Jakarta Timur,0,0,0,685.0,400.0
7595,7596,2800000000,Pulo Asem,Jakarta Timur,6,2,0,105.0,170.0
7596,7597,4000000000,Cideng,Jakarta Pusat,3,2,2,120.0,150.0
7597,7598,24000000000,Gandaria,Jakarta Selatan,8,8,10,702.0,402.0
7598,7599,15000000000,Setiabudi,Jakarta Selatan,4,2,1,520.0,400.0
7599,7600,14000000000,Rawamangun,Jakarta Timur,7,6,3,598.0,500.0
7600,7601,14000000000,Rawamangun,Jakarta Timur,7,6,3,598.0,500.0
7601,7602,950000000,Cibubur,Jakarta Timur,3,2,2,45.0,64.0
7602,7603,1900000000,Pondok Kelapa,Jakarta Timur,3,2,2,70.0,105.0
7603,7604,2000000000,Rawamangun,Jakarta Timur,4,4,2,92.0,120.0
7604,7605,1900000000,Duren Sawit,Jakarta Timur,3,2,2,70.0,105.0
7605,7606,1100000000,Pondok Bambu,Jakarta Timur,3,2,2,61.0,80.0
7606,7607,2000000000,Rawamangun,Jakarta Timur,4,4,2,92.0,120.0
7607,7608,1100000000,Duren Sawit,Jakarta Timur,3,2,2,61.0,80.0
7608,7609,14000000000,Lebak Bulus,Jakarta Selatan,5,5,4,650.0,300.0
7609,7610,2350000000,Rawamangun,Jakarta Timur,5,3,1,134.0,200.0
7610,7611,15000000000,Mampang Prapatan,Jakarta Selatan,4,2,3,1050.0,400.0
7611,7612,18500000000,Cipete,Jakarta Selatan,5,4,3,1000.0,600.0
7612,7613,4500000000,Muara Karang,Jakarta Utara,4,2,1,160.0,200.0
7613,7614,2800000000,Muara Karang,Jakarta Utara,3,2,1,90.0,120.0
7614,7615,11500000000,Muara Karang,Jakarta Utara,4,3,1,435.0,400.0
7615,7616,5400000000,Permata Buana,Jakarta Barat,3,2,1,200.0,160.0
7616,7617,6900000000,Kebayoran Lama,Jakarta Selatan,5,2,2,250.0,180.0
7617,7618,8500000000,Intercon,Jakarta Barat,5,5,2,300.0,450.0
7618,7619,5500000000,Cengkareng,Jakarta Barat,3,3,2,400.0,425.0
7619,7620,16000000000,Intercon,Jakarta Barat,5,5,2,450.0,600.0
7620,7621,8700000000,Cipete,Jakarta Selatan,4,2,1,247.0,230.0
7621,7622,1700000000,Jagakarsa,Jakarta Selatan,4,3,0,76.0,115.0
7622,7623,4600000000,Tebet,Jakarta Selatan,3,2,2,145.0,175.0
7623,7624,1600000000,Jagakarsa,Jakarta Selatan,4,3,1,95.0,130.0
7624,7625,70000000000,Pancoran,Jakarta Selatan,5,5,0,2550.0,1017.0
7625,7626,1650000000,Jagakarsa,Jakarta Selatan,3,2,1,92.0,77.0
7626,7627,8900000000,Cawang,Jakarta Timur,4,2,1,312.0,297.0
7627,7628,5000000000,Jagakarsa,Jakarta Selatan,4,3,3,293.0,200.0
7628,7629,8900000000,Cilandak,Jakarta Selatan,6,4,3,295.0,200.0
7629,7630,7900000000,Pulo Gadung,Jakarta Timur,5,4,2,410.0,300.0
7630,7631,4500000000,Cempaka Putih,Jakarta Pusat,3,2,1,269.0,239.0
7631,7632,4500000000,Rawamangun,Jakarta Timur,4,4,2,168.0,220.0
7632,7633,5900000000,Bendungan Hilir,Jakarta Pusat,5,2,1,192.0,170.0
7633,7634,2900000000,Cawang,Jakarta Timur,4,4,2,135.0,200.0
7634,7635,11000000000,Duren Sawit,Jakarta Timur,9,5,3,490.0,800.0
7635,7636,3800000000,Bintaro,Jakarta Selatan,0,0,0,450.0,250.0
7636,7637,19000000000,Cawang,Jakarta Timur,6,4,5,604.0,500.0
7637,7638,8500000000,Pancoran,Jakarta Selatan,5,2,1,303.0,150.0
7638,7639,13000000000,Cipete,Jakarta Selatan,0,0,0,447.0,300.0
7639,7640,2000000000,Cengkareng,Jakarta Barat,4,3,1,90.0,90.0
7640,7641,29500000000,Tebet,Jakarta Selatan,10,7,8,1400.0,1000.0
7641,7642,4200000000,Utan Kayu,Jakarta Timur,5,3,2,348.0,200.0
7642,7643,4900000000,Gunung Sahari,Jakarta Pusat,4,4,2,320.0,250.0
7643,7644,2800000000,Pondok Kelapa,Jakarta Timur,4,2,1,157.0,154.0
7644,7645,6200000000,Pulomas,Jakarta Timur,3,3,0,177.0,220.0
7645,7646,7800000000,Kelapa Gading,Jakarta Utara,5,4,2,414.0,300.0
7646,7647,7800000000,Kelapa Gading,Jakarta Utara,5,3,2,410.0,600.0
7647,7648,3200000000,Gunung Sahari,Jakarta Pusat,4,2,2,176.0,200.0
7648,7649,10500000000,Puri Indah,Jakarta Barat,5,5,2,386.0,800.0
7649,7650,8000000000,Kebayoran Lama,Jakarta Selatan,6,4,1,213.0,284.0
7650,7651,4200000000,Grogol,Jakarta Barat,2,1,2,161.0,165.0
7651,7652,1950000000,Sunter,Jakarta Utara,2,1,2,84.0,60.0
7652,7653,8500000000,Tebet,Jakarta Selatan,3,3,2,181.0,171.0
7653,7654,5100000000,Sunter,Jakarta Utara,4,3,1,180.0,260.0
7654,7655,5400000000,Kelapa Gading,Jakarta Utara,3,3,1,165.0,250.0
7655,7656,4800000000,Cawang,Jakarta Timur,3,3,0,242.0,250.0
7656,7657,6900000000,Matraman,Jakarta Timur,6,5,0,301.0,250.0
7657,7658,3500000000,Kebon Jeruk,Jakarta Barat,6,4,2,90.0,180.0
7658,7659,3200000000,Duri Kepa,Jakarta Barat,4,3,2,102.0,192.0
7659,7660,2300000000,Kebon Jeruk,Jakarta Barat,3,3,1,70.0,140.0
7660,7661,2300000000,Kebon Jeruk,Jakarta Barat,3,3,1,70.0,140.0
7661,7662,1650000000,Duri Kosambi,Jakarta Barat,3,3,1,74.0,100.0
7662,7663,5900000000,Jatinegara,Jakarta Timur,3,4,2,266.0,200.0
7663,7664,3750000000,Metland Puri,Jakarta Barat,4,3,2,135.0,189.0
7664,7665,4500000000,Green Ville,Jakarta Barat,4,4,1,269.0,400.0
7665,7666,3300000000,Green Ville,Jakarta Barat,5,3,1,144.0,244.0
7666,7667,39000000000,Permata Hijau,Jakarta Selatan,5,5,2,660.0,850.0
7667,7668,900000000,Cengkareng,Jakarta Barat,2,2,0,40.0,55.0
7668,7669,2500000000,Kalideres,Jakarta Barat,3,3,2,144.0,192.0
7669,7670,2590000000,Meruya,Jakarta Barat,3,3,1,112.0,190.0
7670,7671,9000000000,Pantai Indah Kapuk,Jakarta Utara,7,4,2,200.0,440.0
7671,7672,5500000000,Green Lake City,Jakarta Barat,4,3,2,160.0,330.0
7672,7673,3400000000,Puri Mansion,Jakarta Barat,4,3,1,120.0,150.0
7673,7674,6200000000,Senopati,Jakarta Selatan,3,2,2,267.0,180.0
7674,7675,4990000000,Kembangan,Jakarta Barat,10,9,3,250.0,400.0
7675,7676,3500000000,Puri Indah,Jakarta Barat,3,3,1,120.0,180.0
7676,7677,2650000000,Metland Puri,Jakarta Barat,4,3,1,100.0,160.0
7677,7678,6300000000,Otista,Jakarta Timur,6,4,2,250.0,300.0
7678,7679,6300000000,Tanjung Duren,Jakarta Barat,5,2,2,195.0,300.0
7679,7680,8900000000,Senen,Jakarta Pusat,6,4,2,410.0,210.0
7680,7681,2750000000,Tanjung Duren,Jakarta Barat,5,4,3,67.0,183.0
7681,7682,29000000000,Menteng,Jakarta Pusat,8,7,2,378.0,800.0
7682,7683,2200000000,Citra Garden,Jakarta Barat,3,2,1,150.0,120.0
7683,7684,4000000000,Kalideres,Jakarta Barat,3,2,1,135.0,107.0
7684,7685,2900000000,Cengkareng,Jakarta Barat,4,2,0,120.0,240.0
7685,7686,2400000000,Kebon Jeruk,Jakarta Barat,4,4,2,91.0,185.0
7686,7687,3400000000,Cibubur,Jakarta Timur,8,6,2,270.0,350.0
7687,7688,1900000000,Meruya,Jakarta Barat,3,3,1,80.0,100.0
7688,7689,3000000000,Kebon Jeruk,Jakarta Barat,4,3,1,183.0,200.0
7689,7690,3850000000,Meruya,Jakarta Barat,4,4,1,126.0,177.0
7690,7691,2500000000,Tebet,Jakarta Selatan,3,2,2,65.0,50.0
7691,7692,2500000000,Citra Garden,Jakarta Barat,3,3,1,75.0,152.0
7692,7693,20000000000,Tebet,Jakarta Selatan,3,2,2,512.0,200.0
7693,7694,4000000000,Puri Indah,Jakarta Barat,6,4,4,240.0,330.0
7694,7695,1500000000,Puri Indah,Jakarta Barat,3,2,0,108.0,84.0
7695,7696,4300000000,Puri Indah,Jakarta Barat,3,3,2,144.0,135.0
7696,7697,2750000000,Tanjung Duren,Jakarta Barat,5,4,0,67.0,183.0
7697,7698,12500000000,Bangka,Jakarta Selatan,5,4,1,752.0,416.0
7698,7699,8900000000,Tebet,Jakarta Selatan,3,3,7,276.0,350.0
7699,7700,60000000000,Kuningan,Jakarta Selatan,9,7,10,1039.0,1500.0
7700,7701,1800000000,Citra Garden,Jakarta Barat,3,3,1,90.0,123.0
7701,7702,2500000000,Cinere,Jakarta Selatan,3,3,1,84.0,160.0
7702,7703,2500000000,Tanjung Duren,Jakarta Barat,4,4,1,90.0,180.0
7703,7704,1500000000,Citra Garden,Jakarta Barat,3,2,1,96.0,145.0
7704,7705,2900000000,Tanjung Duren,Jakarta Barat,3,3,1,73.0,290.0
7705,7706,18500000000,Tebet,Jakarta Selatan,2,3,3,611.0,400.0
7706,7707,1900000000,Cipayung,Jakarta Timur,3,3,1,95.0,120.0
7707,7708,1500000000,Citra Grand,Jakarta Timur,2,2,1,105.0,54.0
7708,7709,2600000000,Citra Garden,Jakarta Barat,4,4,1,96.0,110.0
7709,7710,8000000000,Muara Karang,Jakarta Utara,4,3,3,290.0,490.0
7710,7711,2200000000,Taman Ratu,Jakarta Barat,3,3,2,85.0,200.0
7711,7712,1550000000,Cengkareng,Jakarta Barat,2,2,0,150.0,225.0
7712,7713,1500000000,Jagakarsa,Jakarta Selatan,3,3,1,59.0,130.0
7713,7714,10000000000,Kramat Jati,Jakarta Timur,4,4,5,400.0,350.0
7714,7715,6380000000,Cilandak,Jakarta Selatan,3,3,2,113.0,210.0
7715,7716,2750000000,Kalideres,Jakarta Barat,5,3,0,180.0,280.0
7716,7717,15000000000,Cilandak,Jakarta Selatan,4,3,3,420.0,300.0
7717,7718,2900000000,Tanjung Priok,Jakarta Utara,5,4,2,245.0,170.0
7718,7719,11700000000,Cilandak,Jakarta Selatan,3,3,2,232.0,315.0
7719,7720,4500000000,Cilandak,Jakarta Selatan,4,4,1,308.0,170.0
7720,7721,4500000000,Cilandak,Jakarta Selatan,4,4,1,308.0,170.0
7721,7722,5000000000,Bangka,Jakarta Selatan,5,4,1,168.0,200.0
7722,7723,5500000000,Kebon Jeruk,Jakarta Barat,5,7,0,287.0,500.0
7723,7724,3000000000,Bendungan Hilir,Jakarta Pusat,2,2,1,95.0,85.0
7724,7725,5400000000,Green Lake City,Jakarta Barat,4,4,4,200.0,230.0
7725,7726,7900000000,Bintaro,Jakarta Selatan,5,4,2,682.0,500.0
7726,7727,28000000000,Tebet,Jakarta Selatan,4,4,4,530.0,1160.0
7727,7728,4100000000,Permata Buana,Jakarta Barat,4,2,0,144.0,130.0
7728,7729,18000000000,Slipi,Jakarta Barat,10,5,7,550.0,198.0
7729,7730,11000000000,Pondok Indah,Jakarta Selatan,5,6,2,200.0,350.0
7730,7731,10000000000,Cipete,Jakarta Selatan,5,6,5,475.0,400.0
7731,7732,12000000000,Cipete,Jakarta Selatan,5,6,0,475.0,400.0
7732,7733,2700000000,Taman Meruya,Jakarta Barat,3,2,0,120.0,105.0
7733,7734,9000000000,Kelapa Gading,Jakarta Utara,3,3,0,230.0,300.0
7734,7735,26000000000,Tebet,Jakarta Selatan,10,5,6,668.0,500.0
7735,7736,3800000000,Taman Surya,Jakarta Barat,4,3,0,162.0,260.0
7736,7737,5000000000,Tebet,Jakarta Selatan,4,3,0,140.0,120.0
7737,7738,2600000000,Taman Surya,Jakarta Barat,4,3,1,105.0,180.0
7738,7739,2500000000,Cilandak,Jakarta Selatan,3,2,1,68.0,110.0
7739,7740,2600000000,Taman Surya,Jakarta Barat,4,3,1,156.0,200.0
7740,7741,12500000000,Otista,Jakarta Timur,5,4,0,626.0,400.0
7741,7742,2600000000,Jembatan Lima,Jakarta Barat,2,2,0,66.0,200.0
7742,7743,4900000000,Tebet,Jakarta Selatan,4,4,0,107.0,140.0
7743,7744,17000000000,Setiabudi,Jakarta Selatan,10,10,0,412.0,600.0
7744,7745,14500000000,Tebet,Jakarta Selatan,5,5,1,313.0,450.0
7745,7746,10500000000,Pancoran,Jakarta Selatan,4,3,1,265.0,250.0
7746,7747,5750000000,Tebet,Jakarta Selatan,5,4,2,132.0,270.0
7747,7748,15000000000,Tebet,Jakarta Selatan,6,4,0,610.0,750.0
7748,7749,13500000000,Kebayoran Baru,Jakarta Selatan,4,2,2,200.0,200.0
7749,7750,3700000000,Cawang,Jakarta Timur,3,2,0,179.0,187.0
7750,7751,12900000000,Tebet,Jakarta Selatan,4,3,0,396.0,400.0
7751,7752,19300000000,Gandaria,Jakarta Selatan,5,5,2,883.0,500.0
7752,7753,16500000000,Tebet,Jakarta Selatan,5,5,2,540.0,650.0
7753,7754,8500000000,Kalibata,Jakarta Selatan,3,2,1,330.0,181.0
7754,7755,2050000000,Kebon Jeruk,Jakarta Barat,3,3,1,68.0,135.0
7755,7756,127000000000,SCBD,Jakarta Selatan,10,7,0,1420.0,800.0
7756,7757,10300000000,Muara Karang,Jakarta Utara,6,4,2,415.0,300.0
7757,7758,13500000000,Tebet,Jakarta Selatan,4,5,0,299.0,400.0
7758,7759,20000000000,Tebet,Jakarta Selatan,2,2,5,675.0,300.0
7759,7760,6000000000,Pancoran,Jakarta Selatan,5,3,2,200.0,100.0
7760,7761,8500000000,Tebet,Jakarta Selatan,5,6,2,368.0,550.0
7761,7762,1400000000,Cawang,Jakarta Timur,3,2,1,90.0,120.0
7762,7763,3100000000,Tebet,Jakarta Selatan,4,3,2,200.0,200.0
7763,7764,14600000000,Kemang,Jakarta Selatan,4,3,2,357.0,703.0
7764,7765,14500000000,Sunter,Jakarta Utara,5,4,2,750.0,390.0
7765,7766,26000000000,Tebet,Jakarta Selatan,5,3,6,523.0,128.0
7766,7767,13900000000,Tebet,Jakarta Selatan,4,4,4,307.0,432.0
7767,7768,21000000000,Tebet,Jakarta Selatan,7,4,5,569.0,352.0
7768,7769,1600000000,Rawamangun,Jakarta Timur,3,3,2,126.0,108.0
7769,7770,2800000000,Jagakarsa,Jakarta Selatan,4,3,1,96.0,260.0
7770,7771,5000000000,Lebak Bulus,Jakarta Selatan,4,4,2,180.0,300.0
7771,7772,7250000000,Tanjung Barat,Jakarta Selatan,5,3,2,339.0,400.0
7772,7773,8500000000,Kelapa Gading,Jakarta Utara,9,9,2,274.0,351.0
7773,7774,1400000000,Teluk Gong,Jakarta Utara,8,3,0,72.0,130.0
7774,7775,23900000000,Kemang,Jakarta Selatan,4,7,3,430.0,700.0
7775,7776,16000000000,Cawang,Jakarta Timur,6,3,10,809.0,431.0
7776,7777,1650000000,Kelapa Gading,Jakarta Utara,3,2,2,102.0,160.0
7777,7778,6600000000,Kelapa Gading,Jakarta Utara,5,5,2,198.0,250.0
7778,7779,1350000000,Condet,Jakarta Timur,4,3,1,65.0,148.0
7779,7780,12000000000,Pulomas,Jakarta Timur,5,5,2,320.0,606.0
7780,7781,1950000000,Cakung,Jakarta Timur,3,2,1,120.0,160.0
7781,7782,4350000000,Cipete,Jakarta Selatan,4,3,2,200.0,250.0
7782,7783,28000000000,Kemang,Jakarta Selatan,5,6,2,515.0,510.0
7783,7784,2300000000,Cakung,Jakarta Timur,4,3,1,180.0,132.0
7784,7785,25000000000,Kebayoran Lama,Jakarta Selatan,6,5,5,1398.0,345.0
7785,7786,40000000000,Cawang,Jakarta Timur,3,4,3,1078.0,288.0
7786,7787,11200000000,Kelapa Gading,Jakarta Utara,5,3,2,187.0,480.0
7787,7788,1900000000,Cibubur,Jakarta Timur,3,2,2,97.0,84.0
7788,7789,2350000000,Cakung,Jakarta Timur,3,2,2,160.0,200.0
7789,7790,2200000000,Kelapa Gading,Jakarta Utara,2,2,1,90.0,90.0
7790,7791,81000000000,Cawang,Jakarta Timur,3,2,10,2138.0,500.0
7791,7792,40000000000,Jagakarsa,Jakarta Selatan,4,4,8,3605.0,600.0
7792,7793,1500000000,Cibubur,Jakarta Timur,3,2,1,60.0,67.0
7793,7794,1400000000,Cibubur,Jakarta Timur,3,2,1,94.0,89.0
7794,7795,5000000000,Kebayoran Baru,Jakarta Selatan,5,4,3,296.0,200.0
7795,7796,4200000000,Kalideres,Jakarta Barat,4,5,0,262.0,350.0
7796,7797,7300000000,Gudang Peluru,Jakarta Selatan,5,3,2,398.0,300.0
7797,7798,2450000000,Cakung,Jakarta Timur,3,4,2,187.0,156.0
7798,7799,65000000000,Tebet,Jakarta Selatan,0,1,6,1375.0,578.0
7799,7800,4500000000,Kalideres,Jakarta Barat,4,2,0,214.0,150.0
7800,7801,11500000000,Tebet,Jakarta Selatan,6,6,2,350.0,700.0
7801,7802,7460000000,Kemang,Jakarta Selatan,4,4,2,150.0,300.0
7802,7803,2000000000,Tebet,Jakarta Selatan,5,2,1,96.0,144.0
7803,7804,8000000000,Pantai Indah Kapuk,Jakarta Utara,3,3,1,224.0,300.0
7804,7805,1800000000,Taman Palem,Jakarta Barat,3,2,1,90.0,120.0
7805,7806,11000000000,Cilandak,Jakarta Selatan,6,5,6,460.0,310.0
7806,7807,2300000000,Cilandak,Jakarta Selatan,4,4,2,83.0,150.0
7807,7808,7800000000,Senopati,Jakarta Selatan,5,3,2,258.0,360.0
7808,7809,4200000000,Bintaro,Jakarta Selatan,3,2,1,300.0,400.0
7809,7810,11000000000,Jelambar,Jakarta Barat,5,4,1,315.0,1000.0
7810,7811,7500000000,Cinere,Jakarta Selatan,5,5,2,428.0,300.0
7811,7812,1950000000,Cinere,Jakarta Selatan,5,4,2,120.0,140.0
7812,7813,3900000000,Cinere,Jakarta Selatan,6,4,4,320.0,360.0
7813,7814,4700000000,Cinere,Jakarta Selatan,6,4,2,205.0,235.0
7814,7815,1900000000,Muara Karang,Jakarta Utara,2,2,1,60.0,180.0
7815,7816,7900000000,Tanjung Duren,Jakarta Barat,26,8,2,140.0,600.0
7816,7817,990000000,Kramat Jati,Jakarta Timur,3,2,1,46.0,93.0
7817,7818,8500000000,Tebet,Jakarta Selatan,4,4,1,240.0,240.0
7818,7819,2900000000,Sunter,Jakarta Utara,3,3,1,77.0,150.0
7819,7820,1350000000,Jelambar,Jakarta Barat,3,2,1,50.0,90.0
7820,7821,11000000000,Pantai Indah Kapuk,Jakarta Utara,4,3,1,234.0,170.0
7821,7822,11000000000,Pondok Labu,Jakarta Selatan,6,5,2,460.0,310.0
7822,7823,6100000000,Kelapa Gading,Jakarta Utara,4,4,2,289.0,400.0
7823,7824,3350000000,Taman Ratu,Jakarta Barat,4,3,1,126.0,296.0
7824,7825,9000000000,Muara Karang,Jakarta Utara,1,1,1,300.0,500.0
7825,7826,12500000000,Golf Island,Jakarta Utara,5,5,1,338.0,265.0
7826,7827,22000000000,Pantai Indah Kapuk,Jakarta Utara,11,4,2,600.0,900.0
7827,7828,17500000000,Pondok Indah,Jakarta Selatan,4,4,2,264.0,600.0
7828,7829,5950000000,Ancol,Jakarta Utara,3,3,0,200.0,600.0
7829,7830,16000000000,Tebet,Jakarta Selatan,5,4,3,417.0,620.0
7830,7831,4700000000,Tebet,Jakarta Selatan,2,2,4,238.0,238.0
7831,7832,2000000000,Kelapa Gading,Jakarta Utara,4,3,2,105.0,200.0
7832,7833,3500000000,Golf Island,Jakarta Utara,3,3,2,90.0,162.0
7833,7834,11000000000,Tebet,Jakarta Selatan,4,4,2,315.0,380.0
7834,7835,2100000000,Kapuk,Jakarta Utara,3,2,1,84.0,100.0
7835,7836,13500000000,Green garden,Jakarta Barat,7,4,6,795.0,494.0
7836,7837,1300000000,Jelambar,Jakarta Barat,2,2,1,50.0,90.0
7837,7838,9700000000,Tebet,Jakarta Selatan,4,4,2,268.0,365.0
7838,7839,1800000000,Teluk Gong,Jakarta Utara,3,3,1,57.0,150.0
7839,7840,40000000000,Pantai Mutiara,Jakarta Utara,4,4,2,650.0,800.0
7840,7841,14800000000,Gudang Peluru,Jakarta Selatan,5,4,2,750.0,900.0
7841,7842,2250000000,Tebet,Jakarta Selatan,4,2,1,112.0,100.0
7842,7843,18000000000,Menteng,Jakarta Pusat,8,7,2,537.0,1100.0
7843,7844,2600000000,Pantai Indah Kapuk,Jakarta Utara,2,2,1,60.0,100.0
7844,7845,19000000000,Matraman,Jakarta Timur,2,2,10,705.0,200.0
7845,7846,2400000000,Condet,Jakarta Timur,3,3,1,109.0,156.0
7846,7847,3300000000,Tubagus Angke,Jakarta Barat,3,3,1,162.0,160.0
7847,7848,3900000000,Pondok Kopi,Jakarta Timur,4,3,3,195.0,220.0
7848,7849,6600000000,Permata Buana,Jakarta Barat,4,4,1,144.0,348.0
7849,7850,7500000000,Tebet,Jakarta Selatan,3,3,0,432.0,250.0
7850,7851,1400000000,Pantai Indah Kapuk 2,Jakarta Utara,2,2,1,40.0,80.0
7851,7852,7200000000,Tebet,Jakarta Selatan,4,3,1,237.0,350.0
7852,7853,4500000000,Tebet,Jakarta Selatan,4,4,3,183.0,340.0
7853,7854,3950000000,Tebet,Jakarta Selatan,6,3,3,209.0,250.0
7854,7855,2200000000,Cawang,Jakarta Timur,3,3,0,90.0,100.0
7855,7856,8600000000,Sunter,Jakarta Utara,7,5,1,324.0,520.0
7856,7857,1850000000,Tebet,Jakarta Selatan,2,2,1,90.0,100.0
7857,7858,21000000000,Pantai Indah Kapuk,Jakarta Utara,5,5,1,578.0,447.0
7858,7859,2500000000,Tebet,Jakarta Selatan,5,5,1,136.0,144.0
7859,7860,13700000000,Tebet,Jakarta Selatan,4,4,3,528.0,330.0
7860,7861,13700000000,Tebet,Jakarta Selatan,4,4,3,528.0,330.0
7861,7862,14000000000,Golf Island,Jakarta Utara,4,4,0,320.0,464.0
7862,7863,2900000000,Pondok Kelapa,Jakarta Timur,4,4,2,150.0,200.0
7863,7864,7000000000,Jakarta Garden City,Jakarta Timur,5,6,0,203.0,208.0
7864,7865,2700000000,Kebon Jeruk,Jakarta Barat,5,4,2,153.0,175.0
7865,7866,2800000000,Duri Kepa,Jakarta Barat,5,5,2,81.0,168.0
7866,7867,2450000000,Duri Kepa,Jakarta Barat,4,5,1,88.0,180.0
7867,7868,2850000000,Duri Kepa,Jakarta Barat,5,4,1,144.0,312.0
7868,7869,2400000000,Duri Kepa,Jakarta Barat,4,3,2,119.0,160.0
7869,7870,5500000000,Duri Kepa,Jakarta Barat,5,5,2,288.0,456.0
7870,7871,4250000000,Duri Kepa,Jakarta Barat,4,3,1,100.0,225.0
7871,7872,9500000000,Duri Kepa,Jakarta Barat,7,4,2,600.0,573.0
7872,7873,1500000000,Duri Kepa,Jakarta Barat,3,3,1,52.0,140.0
7873,7874,4200000000,Duri Kepa,Jakarta Barat,7,5,1,123.0,270.0
7874,7875,2100000000,Citra Garden,Jakarta Barat,4,2,0,176.0,100.0
7875,7876,4300000000,Permata Buana,Jakarta Barat,4,2,2,144.0,208.0
7876,7877,5200000000,Muara Karang,Jakarta Utara,5,5,2,120.0,300.0
7877,7878,4200000000,Permata Buana,Jakarta Barat,2,2,2,144.0,156.0
7878,7879,2800000000,Muara Karang,Jakarta Utara,3,3,1,60.0,200.0
7879,7880,4300000000,Permata Buana,Jakarta Barat,5,3,1,144.0,180.0
7880,7881,4300000000,Permata Buana,Jakarta Barat,5,3,1,144.0,180.0
7881,7882,7500000000,Puri Indah,Jakarta Barat,5,5,1,288.0,456.0
7882,7883,7500000000,Permata Buana,Jakarta Barat,5,3,2,200.0,450.0
7883,7884,2500000000,Puri Indah,Jakarta Barat,3,2,1,120.0,100.0
7884,7885,12000000000,Puri Indah,Jakarta Barat,5,7,2,190.0,580.0
7885,7886,10000000000,Puri Indah,Jakarta Barat,6,5,1,225.0,500.0
7886,7887,10500000000,Cempaka Putih,Jakarta Pusat,13,7,4,615.0,541.0
7887,7888,3000000000,Taman Ratu,Jakarta Barat,5,4,2,96.0,198.0
7888,7889,2600000000,Taman Ratu,Jakarta Barat,5,4,1,75.0,180.0
7889,7890,19000000000,Tebet,Jakarta Selatan,8,8,2,600.0,850.0
7890,7891,1600000000,Kalideres,Jakarta Barat,3,2,1,60.0,72.0
7891,7892,4900000000,Tebet,Jakarta Selatan,5,4,1,211.0,230.0
7892,7893,15000000000,Gudang Peluru,Jakarta Selatan,6,6,3,350.0,600.0
7893,7894,5300000000,Duren Sawit,Jakarta Timur,5,3,4,252.0,200.0
7894,7895,10500000000,Gudang Peluru,Jakarta Selatan,7,6,4,402.0,440.0
7895,7896,3000000000,Radio Dalam,Jakarta Selatan,12,3,2,135.0,180.0
7896,7897,4900000000,Terogong,Jakarta Selatan,4,4,2,141.0,230.0
7897,7898,28000000000,patra kuningan,Jakarta Selatan,5,6,2,432.0,950.0
7898,7899,3550000000,Tubagus Angke,Jakarta Barat,6,3,1,149.0,254.0
7899,7900,5300000000,Menteng,Jakarta Pusat,12,6,0,171.0,250.0
7900,7901,43000000000,Mega Kuningan,Jakarta Selatan,13,8,2,604.0,800.0
7901,7902,7800000000,Cilandak,Jakarta Selatan,4,5,5,348.0,325.0
7902,7903,2900000000,Sawah Besar,Jakarta Pusat,5,2,0,100.0,200.0
7903,7904,5500000000,Meruya,Jakarta Barat,4,3,1,233.0,210.0
7904,7905,4300000000,Kemanggisan,Jakarta Barat,7,7,3,224.0,170.0
7905,7906,3700000000,Meruya,Jakarta Barat,4,2,1,198.0,180.0
7906,7907,2750000000,Kebon Jeruk,Jakarta Barat,2,1,2,286.0,250.0
7907,7908,3000000000,Kemanggisan,Jakarta Barat,4,4,1,245.0,250.0
7908,7909,2700000000,Meruya,Jakarta Barat,4,2,2,170.0,250.0
7909,7910,14000000000,Kebon Jeruk,Jakarta Barat,15,8,2,800.0,800.0
7910,7911,23000000000,Tebet,Jakarta Selatan,1,1,4,457.0,350.0
7911,7912,15000000000,Kebayoran Baru,Jakarta Selatan,5,4,2,242.0,312.0
7912,7913,4750000000,Cengkareng Barat,Jakarta Barat,3,3,0,160.0,240.0
7913,7914,5700000000,Pantai Indah Kapuk 2,Jakarta Utara,3,3,2,150.0,300.0
7914,7915,5200000000,Kebon Jeruk,Jakarta Barat,4,2,1,422.0,350.0
7915,7916,41000000000,Pondok Indah,Jakarta Selatan,5,4,6,914.0,700.0
7916,7917,6100000000,Lebak Bulus,Jakarta Selatan,3,2,1,250.0,200.0
7917,7918,8900000000,Kelapa Gading,Jakarta Utara,3,3,0,160.0,390.0
7918,7919,2000000000,Duri Kepa,Jakarta Barat,3,3,1,72.0,155.0
7919,7920,2300000000,Duri Kepa,Jakarta Barat,4,2,1,110.0,275.0
7920,7921,3300000000,Green Ville,Jakarta Barat,3,3,3,232.0,140.0
7921,7922,2300000000,Duri Kepa,Jakarta Barat,4,3,1,70.0,140.0
7922,7923,3300000000,Green Ville,Jakarta Barat,3,3,4,232.0,140.0
7923,7924,3500000000,Tanjung Duren Utara,Jakarta Barat,5,3,1,149.0,200.0
7924,7925,4900000000,Duri Kepa,Jakarta Barat,4,3,2,260.0,300.0
7925,7926,1300000000,Citra Garden,Jakarta Barat,3,1,1,90.0,60.0
7926,7927,3500000000,Kota Wisata,Jakarta Timur,5,3,2,210.0,300.0
7927,7928,75000000000,Cilandak,Jakarta Selatan,10,10,2,4535.0,4000.0
7928,7929,2950000000,Jakarta Garden City,Jakarta Timur,4,3,2,112.0,150.0
7929,7930,2150000000,Kota Wisata,Jakarta Timur,3,2,1,144.0,160.0
7930,7931,6000000000,Cideng,Jakarta Pusat,5,2,1,206.0,210.0
7931,7932,49000000000,Mega Kuningan,Jakarta Selatan,4,4,2,540.0,1100.0
7932,7933,19000000000,Puri Indah,Jakarta Barat,5,5,3,547.0,400.0
7933,7934,2600000000,Raffles Hills,Jakarta Timur,4,3,1,170.0,165.0
7934,7935,6000000000,Fatmawati,Jakarta Selatan,2,2,0,200.0,120.0
7935,7936,5150000000,Puri Indah,Jakarta Barat,4,3,2,200.0,350.0
7936,7937,1150000000,Kota Wisata,Jakarta Timur,2,2,1,90.0,60.0
7937,7938,2200000000,Kota Wisata,Jakarta Timur,3,2,1,144.0,120.0
7938,7939,5100000000,Kelapa Gading,Jakarta Utara,3,4,1,153.0,160.0
7939,7940,13900000000,Pancoran,Jakarta Selatan,7,6,2,633.0,400.0
7940,7941,3300000000,Daan Mogot,Jakarta Barat,5,3,2,108.0,225.0
7941,7942,5500000000,Muara Karang,Jakarta Utara,4,4,2,140.0,250.0
7942,7943,3200000000,Percetakan Negara,Jakarta Pusat,2,2,1,231.0,320.0
7943,7944,4500000000,Duren Sawit,Jakarta Timur,6,3,2,350.0,283.0
7944,7945,4000000000,Johar Baru,Jakarta Pusat,5,4,3,200.0,300.0
7945,7946,11000000000,Kelapa Gading,Jakarta Utara,5,2,0,300.0,500.0
7946,7947,6900000000,Rawamangun,Jakarta Timur,5,5,1,264.0,450.0
7947,7948,1770000000,Johar Baru,Jakarta Pusat,4,3,1,75.0,150.0
7948,7949,2400000000,Pondok Kelapa,Jakarta Timur,3,3,3,206.0,150.0
7949,7950,5000000000,Kemayoran,Jakarta Pusat,3,4,3,146.0,584.0
7950,7951,880000000,Ciracas,Jakarta Timur,2,1,2,81.0,100.0
7951,7952,3000000000,Kalideres,Jakarta Barat,2,2,1,250.0,200.0
7952,7953,900000000,Cijantung,Jakarta Timur,3,2,1,50.0,80.0
7953,7954,900000000,Kalisari,Jakarta Timur,3,2,1,59.0,69.0
7954,7955,880000000,Ciracas,Jakarta Timur,3,2,1,52.0,80.0
7955,7956,890000000,Lenteng Agung,Jakarta Selatan,3,2,1,60.0,80.0
7956,7957,900000000,Pasar Rebo,Jakarta Timur,3,2,1,61.0,72.0
7957,7958,890000000,Ciracas,Jakarta Timur,3,2,1,53.0,80.0
7958,7959,900000000,Pasar Minggu,Jakarta Selatan,3,2,1,45.0,72.0
7959,7960,900000000,Kalisari,Jakarta Timur,3,2,1,59.0,72.0
7960,7961,2100000000,Taman Surya,Jakarta Barat,3,2,1,92.0,180.0
7961,7962,800000000,Citra Garden,Jakarta Barat,2,1,1,60.0,50.0
7962,7963,3900000000,Citra Garden,Jakarta Barat,4,3,1,150.0,180.0
7963,7964,6800000000,Pantai Indah Kapuk,Jakarta Utara,4,4,0,200.0,400.0
7964,7965,2600000000,Cakung,Jakarta Timur,3,3,2,98.0,115.0
7965,7966,3300000000,Jelambar,Jakarta Barat,3,3,2,85.0,200.0
7966,7967,25000000000,Kemang,Jakarta Selatan,4,3,8,1343.0,700.0
7967,7968,10000000000,Raffles Hills,Jakarta Timur,5,3,2,480.0,700.0
7968,7969,3150000000,Golf Island,Jakarta Utara,3,2,1,90.0,128.0
7969,7970,8000000000,Tanah Abang,Jakarta Pusat,6,3,0,256.0,256.0
7970,7971,3200000000,Cipinang,Jakarta Timur,4,4,0,240.0,240.0
7971,7972,4750000000,Rawamangun,Jakarta Timur,4,4,1,198.0,200.0
7972,7973,9500000000,Rawamangun,Jakarta Timur,6,4,0,366.0,258.0
7973,7974,6500000000,Rawamangun,Jakarta Timur,3,2,2,301.0,220.0
7974,7975,2350000000,Rawamangun,Jakarta Timur,3,1,1,142.0,155.0
7975,7976,21000000000,Menteng,Jakarta Pusat,0,0,0,1200.0,1494.0
7976,7977,4400000000,Cempaka Putih,Jakarta Pusat,4,3,2,143.0,200.0
7977,7978,3500000000,Pulo Asem,Jakarta Timur,4,2,2,90.0,248.0
7978,7979,27000000000,Cipete,Jakarta Selatan,5,4,2,1270.0,400.0
7979,7980,2200000000,Rawamangun,Jakarta Timur,7,3,1,144.0,100.0
7980,7981,3560000000,Rawamangun,Jakarta Timur,4,3,0,140.0,200.0
7981,7982,69500000000,Terogong,Jakarta Selatan,5,5,4,1170.0,800.0
7982,7983,3000000000,Rawamangun,Jakarta Timur,4,4,2,95.0,150.0
7983,7984,10000000000,Percetakan Negara,Jakarta Pusat,22,19,2,309.0,800.0
7984,7985,3000000000,Pondok Kopi,Jakarta Timur,4,3,2,201.0,210.0
7985,7986,1970000000,Kelapa Gading,Jakarta Utara,3,3,1,60.0,76.0
7986,7987,3990000000,Pondok Bambu,Jakarta Timur,7,4,2,248.0,302.0
7987,7988,2990000000,Pondok Bambu,Jakarta Timur,5,6,1,212.0,400.0
7988,7989,1750000000,Kemayoran,Jakarta Pusat,3,4,0,60.0,100.0
7989,7990,4000000000,Sunter,Jakarta Utara,3,2,0,175.0,250.0
7990,7991,1700000000,Kemayoran,Jakarta Pusat,3,2,1,170.0,120.0
7991,7992,1400000000,Kebagusan,Jakarta Selatan,3,2,1,74.0,100.0
7992,7993,2890000000,Cempaka Putih,Jakarta Pusat,7,3,2,90.0,180.0
7993,7994,30000000000,Kemang,Jakarta Selatan,4,4,0,1752.0,712.0
7994,7995,2500000000,Cempaka Putih,Jakarta Pusat,5,3,2,160.0,190.0
7995,7996,25000000000,Kebayoran Baru,Jakarta Selatan,4,3,2,386.0,500.0
7996,7997,1800000000,Rawamangun,Jakarta Timur,4,2,1,117.0,200.0
7997,7998,2500000000,Rawamangun,Jakarta Timur,4,3,2,128.0,160.0
7998,7999,2700000000,Rawamangun,Jakarta Timur,9,9,2,145.0,220.0
7999,8000,1550000000,Rawamangun,Jakarta Timur,7,7,1,80.0,160.0
8000,8001,3250000000,Rawamangun,Jakarta Timur,5,3,1,183.0,167.0
8001,8002,4980000000,Rawamangun,Jakarta Timur,5,3,2,433.0,210.0
8002,8003,2600000000,Rawamangun,Jakarta Timur,3,3,1,89.0,180.0
8003,8004,4500000000,Rawamangun,Jakarta Timur,6,4,2,264.0,300.0
8004,8005,14000000000,Rawamangun,Jakarta Timur,10,8,2,755.0,450.0
8005,8006,4500000000,Rawamangun,Jakarta Timur,5,3,0,221.0,270.0
8006,8007,2800000000,Rawamangun,Jakarta Timur,3,3,0,92.0,144.0
8007,8008,7420000000,Kelapa Gading,Jakarta Utara,6,6,1,549.0,829.0
8008,8009,4200000000,Kelapa Gading,Jakarta Utara,5,5,1,234.0,376.0
8009,8010,5260000000,Kelapa Gading,Jakarta Utara,5,5,2,220.0,330.0
8010,8011,7000000000,Kelapa Gading,Jakarta Utara,5,5,2,412.0,1000.0
8011,8012,5850000000,Kelapa Gading,Jakarta Utara,8,8,2,376.0,565.0
8012,8013,10400000000,Kelapa Gading,Jakarta Utara,8,8,3,500.0,1368.0
8013,8014,40500000000,Kelapa Gading,Jakarta Utara,9,9,5,2062.0,2230.0
8014,8015,2800000000,Kelapa Gading,Jakarta Utara,1,1,0,111.0,80.0
8015,8016,2670000000,Kelapa Gading,Jakarta Utara,1,1,0,111.0,80.0
8016,8017,3110000000,Kelapa Gading,Jakarta Utara,2,1,0,120.0,150.0
8017,8018,3000000000,Kelapa Gading,Jakarta Utara,4,3,1,120.0,236.0
8018,8019,9820000000,Kelapa Gading,Jakarta Utara,4,4,0,370.0,440.0
8019,8020,4400000000,Kelapa Gading,Jakarta Utara,3,2,0,258.0,350.0
8020,8021,1940000000,Kelapa Gading,Jakarta Utara,2,1,0,110.0,150.0
8021,8022,3600000000,Kelapa Gading,Jakarta Utara,5,5,2,185.0,370.0
8022,8023,2300000000,Kelapa Gading,Jakarta Utara,5,3,1,161.0,242.0
8023,8024,3600000000,Kelapa Gading,Jakarta Utara,3,2,1,102.0,205.0
8024,8025,7500000000,Rawamangun,Jakarta Timur,4,3,3,284.0,325.0
8025,8026,8500000000,Kelapa Gading,Jakarta Utara,7,5,2,297.0,595.0
8026,8027,3200000000,Kelapa Gading,Jakarta Utara,6,5,2,252.0,378.0
8027,8028,2300000000,Kelapa Gading,Jakarta Utara,3,2,1,102.0,200.0
8028,8029,9200000000,Kelapa Gading,Jakarta Utara,5,5,2,370.0,555.0
8029,8030,3500000000,Kelapa Gading,Jakarta Utara,6,5,0,247.0,371.0
8030,8031,4200000000,Kelapa Gading,Jakarta Utara,5,3,2,120.0,240.0
8031,8032,5000000000,Kelapa Gading,Jakarta Utara,7,7,2,220.0,550.0
8032,8033,2990000000,Rawamangun,Jakarta Timur,13,13,1,119.0,238.0
8033,8034,2650000000,Rawamangun,Jakarta Timur,4,3,1,97.0,147.0
8034,8035,2500000000,Rawamangun,Jakarta Timur,4,2,0,90.0,150.0
8035,8036,7000000000,Citra Garden,Jakarta Barat,4,3,3,184.0,350.0
8036,8037,3100000000,Citra Garden,Jakarta Barat,3,3,2,96.0,170.0
8037,8038,2600000000,Citra Garden,Jakarta Barat,3,2,2,83.0,130.0
8038,8039,3300000000,Citra Garden,Jakarta Barat,3,3,2,112.0,170.0
8039,8040,3000000000,Green Lake City,Jakarta Barat,3,3,3,108.0,200.0
8040,8041,6900000000,Cilangkap,Jakarta Timur,5,2,0,1329.0,367.0
8041,8042,6000000000,Pantai Indah Kapuk,Jakarta Utara,4,3,2,195.0,250.0
8042,8043,5000000000,Tanjung Duren,Jakarta Barat,4,3,2,269.0,175.0
8043,8044,7850000000,Lebak Bulus,Jakarta Selatan,5,3,3,309.0,300.0
8044,8045,16500000000,Kebayoran Baru,Jakarta Selatan,4,5,0,196.0,390.0
8045,8046,17500000000,Kebagusan,Jakarta Selatan,7,4,2,750.0,600.0
8046,8047,68700000000,Pejaten,Jakarta Selatan,4,4,10,4041.0,1130.0
8047,8048,7500000000,Lebak Bulus,Jakarta Selatan,3,4,2,222.0,243.0
8048,8049,13000000000,Lebak Bulus,Jakarta Selatan,4,3,2,546.0,600.0
8049,8050,19000000000,Kebayoran Baru,Jakarta Selatan,4,3,0,470.0,300.0
8050,8051,4000000000,Kalideres,Jakarta Barat,4,3,2,240.0,400.0
8051,8052,12900000000,Kebayoran Baru,Jakarta Selatan,6,6,4,600.0,700.0
8052,8053,3580000000,Kalideres,Jakarta Barat,5,4,0,84.0,135.0
8053,8054,7500000000,Kalideres,Jakarta Barat,6,6,1,275.0,700.0
8054,8055,20000000000,Mampang Prapatan,Jakarta Selatan,5,3,10,774.0,500.0
8055,8056,699000000,Kebagusan,Jakarta Selatan,3,2,1,30.0,75.0
8056,8057,4200000000,Bintaro,Jakarta Selatan,5,4,2,150.0,288.0
8057,8058,4500000000,Radio Dalam,Jakarta Selatan,8,4,3,268.0,200.0
8058,8059,4800000000,Veteran,Jakarta Selatan,3,3,2,150.0,180.0
8059,8060,4700000000,Bintaro,Jakarta Selatan,3,4,1,238.0,230.0
8060,8061,6400000000,Bintaro,Jakarta Selatan,4,3,1,200.0,300.0
8061,8062,4900000000,Lebak Bulus,Jakarta Selatan,3,4,2,187.0,250.0
8062,8063,37000000000,Wijaya,Jakarta Selatan,3,3,3,580.0,300.0
8063,8064,3490000000,Kelapa Gading,Jakarta Utara,1,1,2,170.0,170.0
8064,8065,19000000000,Lebak Bulus,Jakarta Selatan,3,4,5,1040.0,500.0
8065,8066,2200000000,Taman Ratu,Jakarta Barat,3,3,2,105.0,200.0
8066,8067,4350000000,Lebak Bulus,Jakarta Selatan,4,3,1,190.0,200.0
8067,8068,16000000000,Cipete,Jakarta Selatan,5,5,6,1153.0,500.0
8068,8069,3950000000,Lebak Bulus,Jakarta Selatan,3,2,1,190.0,180.0
8069,8070,9500000000,Pejaten,Jakarta Selatan,4,3,2,286.0,350.0
8070,8071,6450000000,Taman Ratu,Jakarta Barat,4,3,2,252.0,273.0
8071,8072,6900000000,Bangka,Jakarta Selatan,3,3,1,279.0,400.0
8072,8073,40000000000,Menteng,Jakarta Pusat,5,3,2,492.0,450.0
8073,8074,3000000000,Ciracas,Jakarta Timur,4,2,0,300.0,150.0
8074,8075,900000000,Cibubur,Jakarta Timur,2,2,1,54.0,53.0
8075,8076,8200000000,Pantai Indah Kapuk,Jakarta Utara,4,4,2,256.0,200.0
8076,8077,5200000000,Cilandak,Jakarta Selatan,3,3,0,222.0,300.0
8077,8078,7500000000,Lebak Bulus,Jakarta Selatan,4,4,2,335.0,320.0
8078,8079,1900000000,Taman Palem,Jakarta Barat,5,2,1,90.0,132.0
8079,8080,17000000000,Kemang,Jakarta Selatan,4,3,2,985.0,380.0
8080,8081,6500000000,Cipete,Jakarta Selatan,4,4,2,199.0,300.0
8081,8082,11500000000,Lebak Bulus,Jakarta Selatan,4,3,2,470.0,353.0
8082,8083,1600000000,Kalisari,Jakarta Timur,3,2,2,135.0,80.0
8083,8084,5000000000,Lebak Bulus,Jakarta Selatan,4,4,2,180.0,300.0
8084,8085,6000000000,Lebak Bulus,Jakarta Selatan,3,3,2,128.0,337.0
8085,8086,4200000000,Kelapa Gading,Jakarta Utara,5,4,1,153.0,153.0
8086,8087,5500000000,Pesanggrahan,Jakarta Selatan,5,6,2,260.0,350.0
8087,8088,6900000000,Pesanggrahan,Jakarta Selatan,4,3,3,320.0,320.0
8088,8089,7600000000,Pesanggrahan,Jakarta Selatan,6,6,5,363.0,550.0
8089,8090,5500000000,Petukangan,Jakarta Selatan,5,6,2,260.0,350.0
8090,8091,6300000000,Bintaro,Jakarta Selatan,7,5,2,350.0,400.0
8091,8092,22000000000,Cilandak,Jakarta Selatan,0,0,0,786.0,1000.0
8092,8093,1650000000,Metland Puri,Jakarta Barat,2,2,0,90.0,100.0
8093,8094,25000000000,Cilandak,Jakarta Selatan,5,3,3,1050.0,1831.0
8094,8095,25000000000,Terogong,Jakarta Selatan,5,2,5,1050.0,1831.0
8095,8096,9000000000,Cempaka Putih,Jakarta Pusat,14,8,2,360.0,600.0
8096,8097,1700000000,Pancoran,Jakarta Selatan,4,2,1,76.0,140.0
8097,8098,1770000000,Kembangan,Jakarta Barat,3,3,2,78.0,110.0
8098,8099,3200000000,Cengkareng Barat,Jakarta Barat,6,4,1,141.0,360.0
8099,8100,1450000000,Tanjung Duren,Jakarta Barat,0,0,0,65.0,146.0
8100,8101,23000000000,Kebayoran Lama,Jakarta Selatan,0,4,0,550.0,387.0
8101,8102,10400000000,Kemanggisan,Jakarta Barat,0,0,0,654.0,662.0
8102,8103,10500000000,Duri Kepa,Jakarta Barat,4,2,0,567.0,800.0
8103,8104,21000000000,Menteng,Jakarta Pusat,3,2,0,288.0,288.0
8104,8105,2500000000,Citra Garden,Jakarta Barat,3,3,0,90.0,129.0
8105,8106,900000000,Jagakarsa,Jakarta Selatan,3,2,1,60.0,70.0
8106,8107,6600000000,Pondok Indah,Jakarta Selatan,4,3,2,255.0,400.0
8107,8108,600000000,Cipedak,Jakarta Selatan,2,2,1,30.0,55.0
8108,8109,73000000000,Kebayoran Baru,Jakarta Selatan,6,6,5,774.0,642.0
8109,8110,5500000000,Pasar Minggu,Jakarta Selatan,5,4,2,267.0,300.0
8110,8111,8200000000,Muara Karang,Jakarta Utara,4,4,0,151.0,450.0
8111,8112,9500000000,Golf Island,Jakarta Utara,3,3,0,250.0,375.0
8112,8113,7500000000,Muara Karang,Jakarta Utara,3,3,0,200.0,350.0
8113,8114,5500000000,Pluit,Jakarta Utara,4,3,0,250.0,370.0
8114,8115,4000000000,Pluit,Jakarta Utara,3,3,0,110.0,210.0
8115,8116,5900000000,Pantai Indah Kapuk,Jakarta Utara,3,3,0,136.0,200.0
8116,8117,31500000000,Muara Karang,Jakarta Utara,3,3,1,900.0,1500.0
8117,8118,9500000000,Pluit,Jakarta Utara,7,7,0,235.0,600.0
8118,8119,12900000000,Muara Karang,Jakarta Utara,5,5,1,380.0,600.0
8119,8120,15800000000,Muara Karang,Jakarta Utara,1,1,0,642.0,800.0
8120,8121,1290000000,Tanjung Duren,Jakarta Barat,3,3,0,40.0,90.0
8121,8122,1790000000,Tanjung Duren,Jakarta Barat,3,2,0,111.0,74.0
8122,8123,2100000000,Tanjung Duren,Jakarta Barat,3,3,1,52.0,108.0
8123,8124,18700000000,Sunter,Jakarta Utara,5,5,1,539.0,1000.0
8124,8125,2270000000,Ancol,Jakarta Utara,1,1,1,175.0,191.0
8125,8126,3500000000,Sunter,Jakarta Utara,4,3,2,126.0,190.0
8126,8127,2400000000,Sunter,Jakarta Utara,3,2,1,84.0,120.0
8127,8128,3500000000,Sunter,Jakarta Utara,2,2,2,140.0,200.0
8128,8129,2500000000,Kelapa Gading,Jakarta Utara,3,1,1,102.0,100.0
8129,8130,2900000000,Sunter,Jakarta Utara,5,3,2,140.0,320.0
8130,8131,2650000000,Duren Sawit,Jakarta Timur,3,3,1,216.0,160.0
8131,8132,1600000000,Kelapa Gading,Jakarta Utara,2,1,1,105.0,100.0
8132,8133,8000000000,Sunter,Jakarta Utara,4,3,2,308.0,300.0
8133,8134,11900000000,Sunter,Jakarta Utara,7,7,2,565.0,380.0
8134,8135,9500000000,Sunter,Jakarta Utara,3,3,2,216.0,260.0
8135,8136,49000000000,Kuningan,Jakarta Selatan,4,4,2,540.0,1100.0
8136,8137,4400000000,Kayu Putih,Jakarta Timur,7,5,0,275.0,200.0
8137,8138,4300000000,Rawamangun,Jakarta Timur,3,1,0,198.0,100.0
8138,8139,1500000000,Cengkareng,Jakarta Barat,2,2,1,55.0,115.0
8139,8140,11000000000,Rawamangun,Jakarta Timur,6,4,0,529.0,650.0
8140,8141,1700000000,Duri Kosambi,Jakarta Barat,3,1,1,120.0,176.0
8141,8142,13500000000,Pademangan,Jakarta Utara,4,3,1,450.0,780.0
8142,8143,8000000000,Kayu Putih,Jakarta Timur,4,3,0,327.0,450.0
8143,8144,1700000000,Cipayung,Jakarta Timur,4,2,2,72.0,77.0
8144,8145,3500000000,Taman Ratu,Jakarta Barat,5,4,0,150.0,300.0
8145,8146,3490000000,Taman Ratu,Jakarta Barat,0,3,0,54.0,176.0
8146,8147,2300000000,Taman Ratu,Jakarta Barat,4,3,0,96.0,165.0
8147,8148,1700000000,Taman Ratu,Jakarta Barat,0,0,0,119.0,119.0
8148,8149,1800000000,Taman Ratu,Jakarta Barat,4,3,0,90.0,150.0
8149,8150,3300000000,Taman Ratu,Jakarta Barat,3,4,0,80.0,80.0
8150,8151,2500000000,Taman Ratu,Jakarta Barat,3,3,0,126.0,194.0
8151,8152,2790000000,Taman Ratu,Jakarta Barat,3,2,2,90.0,120.0
8152,8153,5600000000,Rawamangun,Jakarta Timur,5,3,0,243.0,300.0
8153,8154,1290000000,Bambu Apus,Jakarta Timur,3,2,2,67.0,75.0
8154,8155,625000000,Kramat Jati,Jakarta Timur,3,2,1,35.0,70.0
8155,8156,14800000000,Pondok Indah,Jakarta Selatan,4,4,2,200.0,600.0
8156,8157,1700000000,Duri Kepa,Jakarta Barat,4,3,0,62.0,105.0
8157,8158,3250000000,Duri Kepa,Jakarta Barat,4,4,0,104.0,259.0
8158,8159,2980000000,Cilandak,Jakarta Selatan,4,4,2,140.0,140.0
8159,8160,13500000000,Pondok Indah,Jakarta Selatan,3,3,2,300.0,670.0
8160,8161,2990000000,Duri Kepa,Jakarta Barat,4,3,1,114.0,200.0
8161,8162,1700000000,Pancoran,Jakarta Selatan,2,2,1,60.0,100.0
8162,8163,3350000000,Duri Kepa,Jakarta Barat,4,3,0,115.0,114.0
8163,8164,1650000000,Duri Kepa,Jakarta Barat,3,2,1,75.0,150.0
8164,8165,1790000000,Duri Kepa,Jakarta Barat,3,3,0,52.0,108.0
8165,8166,2800000000,Duri Kepa,Jakarta Barat,4,2,0,105.0,210.0
8166,8167,5500000000,Duri Kepa,Jakarta Barat,0,0,0,399.0,339.0
8167,8168,950000000,Duri Kepa,Jakarta Barat,3,2,0,52.0,98.0
8168,8169,2500000000,Duri Kepa,Jakarta Barat,4,3,0,100.0,216.0
8169,8170,7300000000,Pondok Indah,Jakarta Selatan,4,2,1,200.0,250.0
8170,8171,5800000000,Lebak Bulus,Jakarta Selatan,5,4,1,305.0,250.0
8171,8172,4500000000,Cilandak,Jakarta Selatan,1,1,1,245.0,100.0
8172,8173,4500000000,Pondok Indah,Jakarta Selatan,2,2,1,116.0,150.0
8173,8174,5000000000,Cilandak,Jakarta Selatan,4,3,0,222.0,200.0
8174,8175,6000000000,Cilandak,Jakarta Selatan,4,4,2,186.0,240.0
8175,8176,15000000000,Bintaro,Jakarta Selatan,8,6,4,760.0,700.0
8176,8177,15000000000,Salemba,Jakarta Pusat,7,7,3,376.0,650.0
8177,8178,15000000000,Kemang,Jakarta Selatan,5,5,3,539.0,610.0
8178,8179,2750000000,Citra Garden,Jakarta Barat,4,3,1,136.0,204.0
8179,8180,9500000000,Pluit,Jakarta Utara,8,9,0,235.0,610.0
8180,8181,11000000000,Mangga Besar,Jakarta Barat,6,3,2,344.0,400.0
8181,8182,9000000000,Pantai Indah Kapuk,Jakarta Utara,5,4,1,213.0,500.0
8182,8183,2650000000,Joglo,Jakarta Barat,3,2,0,175.0,175.0
8183,8184,15000000000,Bintaro,Jakarta Selatan,6,5,3,1200.0,600.0
8184,8185,12000000000,Palmerah,Jakarta Barat,4,3,6,350.0,300.0
8185,8186,130000000000,Kuningan,Jakarta Selatan,5,4,2,1845.0,882.0
8186,8187,4750000000,Duren Sawit,Jakarta Timur,3,2,3,220.0,190.0
8187,8188,54900000000,Cilandak,Jakarta Selatan,7,5,4,1554.0,500.0
8188,8189,6400000000,Kayu Putih,Jakarta Timur,4,3,0,150.0,200.0
8189,8190,7000000000,Bintaro,Jakarta Selatan,3,4,4,280.0,360.0
8190,8191,7900000000,Pondok Indah,Jakarta Selatan,3,3,2,128.0,302.0
8191,8192,8000000000,Kayu Putih,Jakarta Timur,6,5,0,535.0,400.0
8192,8193,5100000000,Kayu Putih,Jakarta Timur,4,3,0,140.0,240.0
8193,8194,4100000000,Kampung Ambon,Jakarta Timur,3,2,0,216.0,150.0
8194,8195,26000000000,Mega Kuningan,Jakarta Selatan,4,3,1,330.0,510.0
8195,8196,7000000000,Kayu Putih,Jakarta Timur,3,3,0,190.0,240.0
8196,8197,3000000000,Bendungan Hilir,Jakarta Pusat,10,4,0,207.0,240.0
8197,8198,12300000000,Cideng,Jakarta Pusat,5,4,3,493.0,284.0
8198,8199,18200000000,Petukangan,Jakarta Selatan,7,6,12,1669.0,600.0
8199,8200,1700000000,Pondok Kelapa,Jakarta Timur,3,2,1,466.0,124.0
8200,8201,3900000000,Ciracas,Jakarta Timur,5,2,5,575.0,350.0
8201,8202,5850000000,Cempaka Putih,Jakarta Pusat,6,4,2,172.0,320.0
8202,8203,11800000000,Kebayoran Baru,Jakarta Selatan,4,3,0,584.0,500.0
8203,8204,1700000000,Cipinang Melayu,Jakarta Timur,3,2,1,260.0,200.0
8204,8205,6900000000,Tebet,Jakarta Selatan,3,2,1,775.0,500.0
8205,8206,7300000000,Jati Padang,Jakarta Selatan,4,4,1,421.0,800.0
8206,8207,2200000000,Cengkareng Barat,Jakarta Barat,3,3,1,70.0,82.0
8207,8208,18500000000,Menteng Dalam,Jakarta Selatan,4,3,1,603.0,530.0
8208,8209,2450000000,Duri Kepa,Jakarta Barat,4,5,1,88.0,180.0
8209,8210,2800000000,Grogol,Jakarta Barat,3,3,1,106.0,127.0
8210,8211,2400000000,Tanjung Duren,Jakarta Barat,3,1,0,132.0,120.0
8211,8212,2000000000,Duri Kepa,Jakarta Barat,4,3,1,75.0,100.0
8212,8213,1650000000,Duri Kepa,Jakarta Barat,2,2,1,42.0,84.0
8213,8214,2100000000,Duri Kepa,Jakarta Barat,4,3,1,62.0,129.0
8214,8215,7200000000,Kayu Putih,Jakarta Timur,4,2,0,210.0,150.0
8215,8216,10500000000,Kayu Putih,Jakarta Timur,4,2,0,325.0,450.0
8216,8217,6000000000,Kayu Putih,Jakarta Timur,3,3,0,153.0,240.0
8217,8218,20000000000,Kayu Putih,Jakarta Timur,5,3,0,699.0,450.0
8218,8219,7000000000,Pulo Gadung,Jakarta Timur,3,2,0,307.0,250.0
8219,8220,8500000000,Rawamangun,Jakarta Timur,4,2,0,300.0,200.0
8220,8221,3400000000,Cengkareng Barat,Jakarta Barat,3,3,0,120.0,160.0
8221,8222,1800000000,Sunter,Jakarta Utara,4,4,0,60.0,180.0
8222,8223,8800000000,Pantai Indah Kapuk,Jakarta Utara,4,4,2,184.0,300.0
8223,8224,30000000000,Pantai Indah Kapuk,Jakarta Utara,5,5,0,473.0,900.0
8224,8225,35000000000,Kebayoran Baru,Jakarta Selatan,7,5,0,310.0,600.0
8225,8226,6000000000,Rawamangun,Jakarta Timur,3,2,0,225.0,150.0
8226,8227,11000000000,Kayu Putih,Jakarta Timur,5,3,4,340.0,500.0
8227,8228,31700000000,Senayan,Jakarta Selatan,6,4,2,538.0,700.0
8228,8229,2900000000,Kelapa Gading,Jakarta Utara,3,3,1,105.0,300.0
8229,8230,24900000000,Kebayoran Baru,Jakarta Selatan,6,6,4,690.0,350.0
8230,8231,170000000000,Pondok Indah,Jakarta Selatan,3,3,8,2647.0,800.0
8231,8232,11000000000,Pantai Indah Kapuk,Jakarta Utara,0,0,0,338.0,265.0
8232,8233,3990000000,Pantai Indah Kapuk,Jakarta Utara,4,4,1,120.0,170.0
8233,8234,8200000000,Pantai Indah Kapuk,Jakarta Utara,6,4,0,200.0,350.0
8234,8235,850000000,Kalideres,Jakarta Barat,2,2,1,60.0,120.0
8235,8236,32000000000,Cempaka Putih,Jakarta Pusat,7,7,4,845.0,2000.0
8236,8237,2100000000,Johar Baru,Jakarta Pusat,2,2,0,78.0,100.0
8237,8238,23000000000,Intercon,Jakarta Barat,7,5,0,720.0,1000.0
8238,8239,26000000000,Pantai Mutiara,Jakarta Utara,4,4,0,500.0,800.0
8239,8240,2600000000,Joglo,Jakarta Barat,10,6,2,195.0,350.0
8240,8241,4300000000,Tebet,Jakarta Selatan,6,3,1,200.0,180.0
8241,8242,15000000000,Cilandak,Jakarta Selatan,5,4,4,515.0,400.0
8242,8243,7900000000,Jatinegara,Jakarta Timur,23,24,0,245.0,450.0
8243,8244,2500000000,Kebagusan,Jakarta Selatan,4,3,0,133.0,200.0
8244,8245,25000000000,Pondok Indah,Jakarta Selatan,7,7,3,489.0,654.0
8245,8246,2300000000,Pulogebang,Jakarta Timur,7,3,3,200.0,360.0
8246,8247,2650000000,Kebagusan,Jakarta Selatan,3,3,1,113.0,134.0
8247,8248,2300000000,Pondok Bambu,Jakarta Timur,3,3,1,90.0,140.0
8248,8249,2500000000,Duren Sawit,Jakarta Timur,5,3,2,120.0,200.0
8249,8250,3900000000,Pondok Labu,Jakarta Selatan,4,4,2,186.0,165.0
8250,8251,11000000000,Pancoran,Jakarta Selatan,5,4,1,531.0,175.0
8251,8252,3100000000,Meruya,Jakarta Barat,7,6,2,122.0,208.0
8252,8253,2150000000,Kayu Putih,Jakarta Timur,3,2,1,80.0,90.0
8253,8254,1400000000,Pondok Kelapa,Jakarta Timur,3,2,1,163.0,118.0
8254,8255,1550000000,Cilincing,Jakarta Utara,2,2,1,79.0,140.0
8255,8256,2650000000,Pulogebang,Jakarta Timur,3,2,1,300.0,150.0
8256,8257,5850000000,Pantai Indah Kapuk,Jakarta Utara,5,4,2,165.0,240.0
8257,8258,13000000000,Puri Indah,Jakarta Barat,5,5,2,274.0,400.0
8258,8259,1800000000,Teluk Gong,Jakarta Utara,4,3,1,67.0,120.0
8259,8260,45000000000,Warung Buncit,Jakarta Selatan,16,15,6,1273.0,506.0
8260,8261,3500000000,Pejaten,Jakarta Selatan,5,5,0,134.0,400.0
8261,8262,4600000000,Duren Sawit,Jakarta Timur,5,5,5,215.0,290.0
8262,8263,25000000000,Sunter,Jakarta Utara,9,13,3,318.0,1300.0
8263,8264,2600000000,Sunter,Jakarta Utara,3,2,0,96.0,110.0
8264,8265,3500000000,Jagakarsa,Jakarta Selatan,7,7,0,229.0,155.0
8265,8266,8000000000,Kedoya,Jakarta Barat,4,3,0,350.0,204.0
8266,8267,1790000000,Cakung,Jakarta Timur,4,4,1,104.0,208.0
8267,8268,1700000000,Pondok Kelapa,Jakarta Timur,3,3,1,90.0,156.0
8268,8269,1350000000,Pesanggrahan,Jakarta Selatan,2,2,1,65.0,50.0
8269,8270,2900000000,Rawamangun,Jakarta Timur,4,5,1,75.0,260.0
8270,8271,42000000000,Pondok Indah,Jakarta Selatan,7,6,6,914.0,700.0
8271,8272,2800000000,Tomang,Jakarta Barat,3,4,2,89.0,148.0
8272,8273,6350000000,Palmerah,Jakarta Barat,6,4,1,159.0,230.0
8273,8274,3600000000,Petukangan,Jakarta Selatan,5,3,3,236.0,230.0
8274,8275,1550000000,Kalideres,Jakarta Barat,3,2,1,96.0,77.0
8275,8276,1300000000,Jagakarsa,Jakarta Selatan,3,4,2,74.0,130.0
8276,8277,7500000000,Palmerah,Jakarta Barat,7,7,1,206.0,670.0
8277,8278,3700000000,Pulogebang,Jakarta Timur,5,2,1,150.0,250.0
8278,8279,3500000000,Cipinang,Jakarta Timur,4,5,0,75.0,260.0
8279,8280,4250000000,Green Ville,Jakarta Barat,4,2,0,257.0,360.0
8280,8281,2100000000,Joglo,Jakarta Barat,2,2,1,144.0,150.0
8281,8282,2300000000,Pondok Bambu,Jakarta Timur,3,2,1,94.0,140.0
8282,8283,2350000000,Cakung,Jakarta Timur,2,2,0,112.0,110.0
8283,8284,1800000000,Kayu Putih,Jakarta Timur,4,2,1,143.0,143.0
8284,8285,2300000000,Cakung,Jakarta Timur,4,3,0,160.0,240.0
8285,8286,1850000000,Pondok Bambu,Jakarta Timur,4,2,0,98.0,120.0
8286,8287,3000000000,Taman Ratu,Jakarta Barat,3,3,0,120.0,200.0
8287,8288,1750000000,Cilandak,Jakarta Selatan,3,2,1,112.0,112.0
8288,8289,2000000000,Johar Baru,Jakarta Pusat,3,2,1,84.0,105.0
8289,8290,6400000000,Ampera,Jakarta Selatan,5,4,1,235.0,332.0
8290,8291,8500000000,Permata Buana,Jakarta Barat,4,3,2,250.0,600.0
8291,8292,8900000000,Cempaka Putih,Jakarta Pusat,4,3,1,183.0,427.0
8292,8293,2900000000,Lebak Bulus,Jakarta Selatan,3,3,1,151.0,180.0
8293,8294,19500000000,Kelapa Gading,Jakarta Utara,5,6,2,312.0,405.0
8294,8295,7700000000,Bintaro,Jakarta Selatan,8,4,5,524.0,700.0
8295,8296,2900000000,Lebak Bulus,Jakarta Selatan,3,3,1,151.0,180.0
8296,8297,26000000000,Mampang Prapatan,Jakarta Selatan,7,5,6,635.0,1300.0
8297,8298,5300000000,Cipete,Jakarta Selatan,4,3,2,104.0,285.0
8298,8299,2250000000,Kayu Putih,Jakarta Timur,4,2,1,84.0,150.0
8299,8300,22000000000,Kemang,Jakarta Selatan,5,5,0,1070.0,1800.0
8300,8301,3500000000,Pademangan,Jakarta Utara,2,5,0,108.0,374.0
8301,8302,9000000000,Kayu Putih,Jakarta Timur,6,4,2,450.0,350.0
8302,8303,850000000,Legenda Wisata,Jakarta Timur,3,2,1,72.0,56.0
8303,8304,4500000000,Legenda Wisata,Jakarta Timur,8,9,2,328.0,500.0
8304,8305,5850000000,Citra Garden,Jakarta Barat,3,3,2,190.0,280.0
8305,8306,2250000000,Citra Garden,Jakarta Barat,4,2,2,144.0,250.0
8306,8307,7500000000,Kemang,Jakarta Selatan,4,4,2,260.0,400.0
8307,8308,23000000000,Kemang,Jakarta Selatan,0,0,0,769.0,380.0
8308,8309,4600000000,Pantai Indah Kapuk 2,Jakarta Utara,4,3,1,120.0,160.0
8309,8310,9500000000,Pluit,Jakarta Utara,8,9,0,230.0,610.0
8310,8311,2890000000,Citra Garden,Jakarta Barat,4,3,0,96.0,198.0
8311,8312,2000000000,Citra Garden,Jakarta Barat,3,3,1,72.0,150.0
8312,8313,2300000000,Citra Garden,Jakarta Barat,3,3,1,90.0,150.0
8313,8314,1400000000,Grogol,Jakarta Barat,13,3,0,54.0,84.0
8314,8315,2150000000,Citra Garden,Jakarta Barat,3,2,1,92.0,132.0
8315,8316,1250000000,Pantai Indah Kapuk 2,Jakarta Utara,2,2,1,45.0,62.0
8316,8317,1900000000,Tanjung Duren,Jakarta Barat,3,3,1,33.0,99.0
8317,8318,1950000000,Citra Garden,Jakarta Barat,3,2,1,75.0,100.0
8318,8319,10000000000,Golf Island,Jakarta Utara,4,3,1,250.0,500.0
8319,8320,930000000,Pantai Indah Kapuk 2,Jakarta Utara,2,2,1,56.0,76.0
8320,8321,2400000000,Green Ville,Jakarta Barat,4,3,1,90.0,180.0
8321,8322,1600000000,Citra Garden,Jakarta Barat,3,2,1,108.0,80.0
8322,8323,2950000000,Taman Ratu,Jakarta Barat,4,3,1,140.0,210.0
8323,8324,2750000000,Citra Garden,Jakarta Barat,3,2,1,126.0,126.0
8324,8325,1700000000,Citra Garden,Jakarta Barat,3,2,0,108.0,108.0
8325,8326,19500000000,Tambora,Jakarta Barat,5,3,1,937.0,150.0
8326,8327,3100000000,Citra Garden,Jakarta Barat,4,4,1,96.0,170.0
8327,8328,700000000,Setiabudi,Jakarta Selatan,4,3,0,60.0,120.0
8328,8329,1350000000,Citra Grand,Jakarta Timur,2,3,1,102.0,90.0
8329,8330,750000000,Citra Grand,Jakarta Timur,2,1,0,50.0,64.0
8330,8331,3300000000,Citra Garden,Jakarta Barat,4,3,1,112.0,170.0
8331,8332,2900000000,Cawang,Jakarta Timur,5,4,3,246.0,300.0
8332,8333,2950000000,Citra Garden,Jakarta Barat,5,4,0,144.0,275.0
8333,8334,8500000000,Pondok Indah,Jakarta Selatan,4,3,1,194.0,486.0
8334,8335,2800000000,Citra Garden,Jakarta Barat,3,2,1,115.0,120.0
8335,8336,7000000000,Pulo Gadung,Jakarta Timur,4,2,0,301.0,250.0
8336,8337,2600000000,Citra Garden,Jakarta Barat,3,3,1,105.0,130.0
8337,8338,3800000000,Citra Garden,Jakarta Barat,3,3,0,160.0,240.0
8338,8339,2000000000,Citra Garden,Jakarta Barat,5,2,1,90.0,144.0
8339,8340,9200000000,Citra Garden,Jakarta Barat,5,5,0,288.0,560.0
8340,8341,9200000000,Citra Garden,Jakarta Barat,5,5,0,288.0,560.0
8341,8342,27000000000,Pegangsaan,Jakarta Pusat,3,2,0,688.0,300.0
8342,8343,1750000000,Tanjung Duren Selatan,Jakarta Barat,3,3,1,52.0,138.0
8343,8344,3790000000,Citra Garden,Jakarta Barat,5,5,1,128.0,260.0
8344,8345,3000000000,Citra Garden,Jakarta Barat,4,4,0,153.0,150.0
8345,8346,7500000000,Kelapa Gading,Jakarta Utara,5,3,0,187.0,270.0
8346,8347,45000000000,Citra Grand,Jakarta Timur,6,6,3,875.0,1700.0
8347,8348,1650000000,Citra Garden,Jakarta Barat,3,2,1,96.0,96.0
8348,8349,2300000000,Citra Garden,Jakarta Barat,4,3,0,90.0,90.0
8349,8350,4100000000,Cipayung,Jakarta Timur,4,4,0,382.0,108.0
8350,8351,925000000,Citra Garden,Jakarta Barat,2,2,1,43.0,50.0
8351,8352,7150000000,Citra Garden,Jakarta Barat,3,2,2,142.0,302.0
8352,8353,2900000000,Duri Kepa,Jakarta Barat,5,5,1,75.0,210.0
8353,8354,9000000000,Pondok Indah,Jakarta Selatan,5,4,1,202.0,440.0
8354,8355,2600000000,Muara Karang,Jakarta Utara,3,4,1,60.0,190.0
8355,8356,4550000000,Citra Garden,Jakarta Barat,4,3,2,224.0,380.0
8356,8357,6100000000,Kayu Putih,Jakarta Timur,4,3,2,364.0,420.0
8357,8358,3000000000,Duri Kepa,Jakarta Barat,5,4,2,102.0,180.0
8358,8359,95000000000,Menteng,Jakarta Pusat,4,4,8,879.0,1000.0
8359,8360,4400000000,Tebet,Jakarta Selatan,5,3,1,180.0,200.0
8360,8361,4400000000,Tebet,Jakarta Selatan,5,3,1,180.0,200.0
8361,8362,2300000000,Citra Garden,Jakarta Barat,3,3,0,96.0,152.0
8362,8363,2650000000,Tanjung Duren,Jakarta Barat,5,4,2,67.0,183.0
8363,8364,3600000000,Jagakarsa,Jakarta Selatan,5,5,2,96.0,230.0
8364,8365,1950000000,Citra Garden,Jakarta Barat,3,2,1,63.0,70.0
8365,8366,27000000000,Kemang,Jakarta Selatan,5,5,3,756.0,650.0
8366,8367,2350000000,Citra Garden,Jakarta Barat,2,2,1,90.0,120.0
8367,8368,3300000000,Grogol,Jakarta Barat,3,5,1,85.0,200.0
8368,8369,2100000000,Cirendeu,Jakarta Selatan,4,2,2,91.0,115.0
8369,8370,1500000000,Citra Garden,Jakarta Barat,2,2,1,90.0,90.0
8370,8371,30000000000,Kelapa Gading,Jakarta Utara,0,3,15,504.0,2000.0
8371,8372,700000000,Cinere,Jakarta Selatan,2,2,2,48.0,50.0
8372,8373,8850000000,Citra Garden,Jakarta Barat,4,3,2,240.0,386.0
8373,8374,1370000000,Cilincing,Jakarta Utara,3,3,1,67.0,100.0
8374,8375,6800000000,Citra Garden,Jakarta Barat,5,5,0,225.0,500.0
8375,8376,990000000,Setiabudi,Jakarta Selatan,4,1,0,68.0,86.0
8376,8377,2600000000,Citra Garden,Jakarta Barat,3,2,0,90.0,180.0
8377,8378,1800000000,Cilandak,Jakarta Selatan,4,3,2,59.0,120.0
8378,8379,6750000000,Kemayoran,Jakarta Pusat,3,4,4,177.0,350.0
8379,8380,2650000000,Kalideres,Jakarta Barat,3,3,2,90.0,129.0
8380,8381,14000000000,Kelapa Gading,Jakarta Utara,4,2,2,552.0,1311.0
8381,8382,19500000000,Pondok Pinang,Jakarta Selatan,5,4,2,600.0,520.0
8382,8383,2150000000,Kedoya,Jakarta Barat,4,4,1,58.0,140.0
8383,8384,2250000000,Pejaten,Jakarta Selatan,6,4,0,186.0,250.0
8384,8385,18000000000,Kelapa Gading,Jakarta Utara,5,6,2,631.0,550.0
8385,8386,3600000000,Kelapa Gading,Jakarta Utara,3,2,0,102.0,300.0
8386,8387,2750000000,Kelapa Gading,Jakarta Utara,5,4,2,90.0,120.0
8387,8388,3700000000,Citra Garden,Jakarta Barat,5,4,0,182.0,350.0
8388,8389,1450000000,Citra Garden,Jakarta Barat,4,2,1,96.0,145.0
8389,8390,3200000000,Citra Garden,Jakarta Barat,4,2,1,128.0,180.0
8390,8391,10000000000,Kapuk,Jakarta Utara,0,0,0,449.0,800.0
8391,8392,169000000000,Gambir,Jakarta Pusat,7,5,0,288.0,288.0
8392,8393,11900000000,Menteng Atas,Jakarta Pusat,0,0,0,364.0,350.0
8393,8394,11900000000,Menteng Atas,Jakarta Pusat,0,0,0,364.0,350.0
8394,8395,2200000000,Kayu Putih,Jakarta Timur,3,2,1,84.0,140.0
8395,8396,12000000000,Pejaten,Jakarta Selatan,0,6,3,662.0,550.0
8396,8397,5200000000,Joglo,Jakarta Barat,4,3,2,200.0,350.0
8397,8398,9970000000,Permata Buana,Jakarta Barat,5,4,0,144.0,460.0
8398,8399,9000000000,Permata Buana,Jakarta Barat,6,4,1,202.0,440.0
8399,8400,5100000000,Radio Dalam,Jakarta Selatan,6,6,4,170.0,270.0
8400,8401,2640000000,Jagakarsa,Jakarta Selatan,3,2,1,178.0,200.0
8401,8402,4950000000,Radio Dalam,Jakarta Selatan,1,2,3,276.0,300.0
8402,8403,6790000000,Lebak Bulus,Jakarta Selatan,4,4,2,690.0,188.0
8403,8404,3300000000,Sunter,Jakarta Utara,4,3,2,144.0,216.0
8404,8405,3000000000,Cengkareng,Jakarta Barat,3,3,1,186.0,207.0
8405,8406,900000000,Cengkareng,Jakarta Barat,3,1,1,68.0,112.0
8406,8407,2150000000,Cengkareng,Jakarta Barat,2,2,0,150.0,130.0
8407,8408,2300000000,Cengkareng,Jakarta Barat,6,4,0,210.0,450.0
8408,8409,2500000000,Taman Kencana,Jakarta Barat,3,2,1,144.0,154.0
8409,8410,3200000000,Taman Kencana,Jakarta Barat,6,3,2,180.0,240.0
8410,8411,2500000000,Cengkareng,Jakarta Barat,4,5,1,120.0,264.0
8411,8412,9300000000,Cipete,Jakarta Selatan,6,4,2,385.0,350.0
8412,8413,4300000000,Muara Karang,Jakarta Utara,3,3,1,160.0,300.0
8413,8414,5200000000,Citra Garden,Jakarta Barat,4,3,1,180.0,133.0
8414,8415,8000000000,Green Lake City,Jakarta Barat,5,5,3,198.0,395.0
8415,8416,4200000000,Tanjung Barat,Jakarta Selatan,5,4,0,215.0,140.0
8416,8417,1900000000,Cipayung,Jakarta Timur,4,2,0,160.0,240.0
8417,8418,6500000000,Kemanggisan,Jakarta Barat,1,1,1,309.0,368.0
8418,8419,5000000000,Kemanggisan,Jakarta Barat,1,1,1,252.0,153.0
8419,8420,1870000000,Sunter,Jakarta Utara,4,4,1,67.0,108.0
8420,8421,2250000000,Citra Garden,Jakarta Barat,3,3,1,90.0,162.0
8421,8422,1650000000,Citra Garden,Jakarta Barat,3,3,1,54.0,140.0
8422,8423,2250000000,Citra Garden,Jakarta Barat,3,3,1,81.0,150.0
8423,8424,26500000000,Jagakarsa,Jakarta Selatan,4,3,4,1464.0,226.0
8424,8425,1990000000,Green Lake City,Jakarta Barat,3,3,1,74.0,92.0
8425,8426,1300000000,Green Lake City,Jakarta Barat,2,2,1,60.0,88.0
8426,8427,1530000000,Green Lake City,Jakarta Barat,2,1,1,64.0,96.0
8427,8428,4750000000,Kayu Putih,Jakarta Timur,6,5,2,316.0,700.0
8428,8429,32000000000,Cilandak,Jakarta Selatan,5,5,2,870.0,800.0
8429,8430,4600000000,Bintaro,Jakarta Selatan,4,3,2,160.0,192.0
8430,8431,8000000000,Cawang,Jakarta Timur,3,3,2,295.0,185.0
8431,8432,5800000000,Lebak Bulus,Jakarta Selatan,3,3,2,300.0,150.0
8432,8433,2400000000,Condet,Jakarta Timur,4,4,4,178.0,360.0
8433,8434,6500000000,Warung Buncit,Jakarta Selatan,3,2,1,264.0,150.0
8434,8435,4200000000,Lebak Bulus,Jakarta Selatan,4,3,2,250.0,150.0
8435,8436,4800000000,Pulomas,Jakarta Timur,4,4,3,150.0,250.0
8436,8437,5500000000,Bendungan Hilir,Jakarta Pusat,3,2,1,126.0,136.0
8437,8438,8100000000,Cilandak,Jakarta Selatan,5,3,2,300.0,300.0
8438,8439,68000000000,Kebayoran Baru,Jakarta Selatan,4,5,2,805.0,650.0
8439,8440,2000000000,Jagakarsa,Jakarta Selatan,2,3,1,141.0,170.0
8440,8441,12000000000,Lebak Bulus,Jakarta Selatan,4,3,2,600.0,400.0
8441,8442,5500000000,Cilandak,Jakarta Selatan,4,4,1,173.0,280.0
8442,8443,2500000000,Lebak Bulus,Jakarta Selatan,3,3,1,84.0,125.0
8443,8444,10900000000,Lebak Bulus,Jakarta Selatan,4,3,2,446.0,500.0
8444,8445,4900000000,Sunter,Jakarta Utara,6,5,1,189.0,300.0
8445,8446,5800000000,Kelapa Gading,Jakarta Utara,9,5,3,195.0,535.0
8446,8447,17000000000,Setiabudi,Jakarta Selatan,6,5,2,307.0,455.0
8447,8448,4200000000,Pondok Indah,Jakarta Selatan,3,3,2,91.0,177.0
8448,8449,6300000000,Kebayoran Lama,Jakarta Selatan,5,4,2,147.0,200.0
8449,8450,4200000000,Kelapa Gading,Jakarta Utara,6,3,2,170.0,250.0
8450,8451,7000000000,Pesanggrahan,Jakarta Selatan,5,4,2,160.0,308.0
8451,8452,13000000000,Pantai Indah Kapuk,Jakarta Utara,4,5,0,264.0,560.0
8452,8453,11000000000,Pancoran,Jakarta Selatan,5,5,0,459.0,350.0
8453,8454,7500000000,Kelapa Gading,Jakarta Utara,4,3,2,204.0,500.0
8454,8455,2740000000,Citra Garden,Jakarta Barat,3,2,0,96.0,78.0
8455,8456,6600000000,Pantai Indah Kapuk,Jakarta Utara,3,3,0,144.0,250.0
8456,8457,22000000000,Pantai Indah Kapuk,Jakarta Utara,4,3,1,295.0,885.0
8457,8458,1940000000,Citra Garden,Jakarta Barat,2,0,0,60.0,78.0
8458,8459,13500000000,Pantai Indah Kapuk 2,Jakarta Utara,4,4,0,250.0,500.0
8459,8460,8700000000,Pondok Indah,Jakarta Selatan,4,3,1,558.0,300.0
8460,8461,3500000000,Pulo Asem,Jakarta Timur,5,2,2,90.0,248.0
8461,8462,1590000000,Duren Sawit,Jakarta Timur,4,4,1,87.0,135.0
8462,8463,2800000000,Kebagusan,Jakarta Selatan,5,5,2,119.0,212.0
8463,8464,35000000000,Pantai Indah Kapuk,Jakarta Utara,0,0,0,450.0,1000.0
8464,8465,21000000000,Pantai Indah Kapuk,Jakarta Utara,0,0,0,364.0,800.0
8465,8466,7300000000,Pantai Indah Kapuk,Jakarta Utara,0,0,0,250.0,400.0
8466,8467,2800000000,Kebagusan,Jakarta Selatan,5,5,0,119.0,212.0
8467,8468,3200000000,Kebagusan,Jakarta Selatan,5,4,2,119.0,245.0
8468,8469,12000000000,Kemayoran,Jakarta Pusat,3,3,4,275.0,390.0
8469,8470,10900000000,Tanjung Priok,Jakarta Utara,5,4,1,342.0,612.0
8470,8471,590000000,Pesanggrahan,Jakarta Selatan,2,2,1,56.0,45.0
8471,8472,6400000000,Pantai Indah Kapuk 2,Jakarta Utara,2,2,1,160.0,320.0
8472,8473,8800000000,Pantai Indah Kapuk,Jakarta Utara,5,5,0,150.0,350.0
8473,8474,2570000000,Daan Mogot,Jakarta Barat,3,3,1,120.0,250.0
8474,8475,1800000000,Taman Palem,Jakarta Barat,4,2,1,90.0,150.0
8475,8476,6800000000,Kemang,Jakarta Selatan,4,4,2,105.0,317.0
8476,8477,4500000000,Metland Puri,Jakarta Barat,3,3,2,150.0,133.0
8477,8478,2800000000,Daan Mogot,Jakarta Barat,3,2,1,90.0,120.0
8478,8479,3100000000,Jelambar,Jakarta Barat,4,3,1,102.0,252.0
8479,8480,2750000000,Green Lake City,Jakarta Barat,3,3,1,96.0,102.0
8480,8481,5000000000,Cengkareng,Jakarta Barat,4,3,2,160.0,250.0
8481,8482,15000000000,Pantai Indah Kapuk,Jakarta Utara,4,4,2,300.0,500.0
8482,8483,7000000000,Puri Indah,Jakarta Barat,1,1,2,240.0,150.0
8483,8484,2850000000,Citra Garden,Jakarta Barat,4,3,2,161.0,179.0
8484,8485,9000000000,Pantai Indah Kapuk,Jakarta Utara,3,3,2,136.0,300.0
8485,8486,3800000000,Green Lake City,Jakarta Barat,3,3,2,126.0,150.0
8486,8487,12000000000,Puri Indah,Jakarta Barat,4,3,2,190.0,300.0
8487,8488,3970000000,Permata Buana,Jakarta Barat,4,3,1,160.0,150.0
8488,8489,1300000000,Pantai Indah Kapuk 2,Jakarta Utara,2,2,1,45.0,54.0
8489,8490,3600000000,Daan Mogot,Jakarta Barat,4,3,1,144.0,160.0
8490,8491,4800000000,Citra Garden,Jakarta Barat,4,3,1,179.0,216.0
8491,8492,8500000000,Pantai Mutiara,Jakarta Utara,5,5,2,312.0,456.0
8492,8493,4200000000,Kapuk Muara,Jakarta Utara,3,2,0,200.0,150.0
8493,8494,4100000000,Tomang,Jakarta Barat,4,3,2,150.0,180.0
8494,8495,3500000000,Daan Mogot,Jakarta Barat,3,3,1,105.0,108.0
8495,8496,2200000000,Kalideres,Jakarta Barat,3,3,0,88.0,145.0
8496,8497,4200000000,Taman Palem,Jakarta Barat,3,2,1,263.0,180.0
8497,8498,4500000000,Mampang Prapatan,Jakarta Selatan,3,3,1,65.0,180.0
8498,8499,17500000000,Pantai Indah Kapuk,Jakarta Utara,4,4,2,345.0,400.0
8499,8500,3850000000,Meruya,Jakarta Barat,3,3,2,126.0,177.0
8500,8501,3800000000,Muara Karang,Jakarta Utara,4,2,0,150.0,150.0
8501,8502,1100000000,Taman Palem,Jakarta Barat,2,2,1,47.0,70.0
8502,8503,17500000000,Pantai Indah Kapuk,Jakarta Utara,5,6,2,312.0,1050.0
8503,8504,4200000000,Muara Karang,Jakarta Utara,2,2,0,90.0,144.0
8504,8505,2000000000,Taman Surya,Jakarta Barat,3,3,1,108.0,180.0
8505,8506,2500000000,Kemanggisan,Jakarta Barat,3,2,1,120.0,90.0
8506,8507,2800000000,Citra Garden,Jakarta Barat,4,4,2,144.0,135.0
8507,8508,3750000000,Muara Karang,Jakarta Utara,6,6,0,75.0,300.0
8508,8509,2500000000,Taman Palem,Jakarta Barat,6,3,1,90.0,200.0
8509,8510,3250000000,Meruya,Jakarta Barat,4,2,1,200.0,180.0
8510,8511,4900000000,Metland Puri,Jakarta Barat,3,3,2,105.0,156.0
8511,8512,1500000000,Citra Garden,Jakarta Barat,2,2,1,60.0,75.0
8512,8513,2650000000,Joglo,Jakarta Barat,3,3,2,125.0,225.0
8513,8514,2950000000,Citra Garden,Jakarta Barat,3,3,2,150.0,180.0
8514,8515,2600000000,Citra Garden,Jakarta Barat,3,3,1,102.0,180.0
8515,8516,12800000000,Permata Hijau,Jakarta Selatan,4,4,0,400.0,500.0
8516,8517,2750000000,Joglo,Jakarta Barat,3,3,2,115.0,160.0
8517,8518,2450000000,Meruya,Jakarta Barat,3,3,2,125.0,165.0
8518,8519,18500000000,Pantai Indah Kapuk,Jakarta Utara,5,5,2,312.0,1050.0
8519,8520,47000000000,Pantai Mutiara,Jakarta Utara,3,4,4,640.0,1000.0
8520,8521,16900000000,Pantai Indah Kapuk,Jakarta Utara,5,4,0,410.0,405.0
8521,8522,9000000000,Pantai Indah Kapuk,Jakarta Utara,3,3,0,200.0,400.0
8522,8523,8500000000,Jelambar,Jakarta Barat,6,5,1,360.0,500.0
8523,8524,7500000000,Cengkareng,Jakarta Barat,6,4,2,200.0,350.0
8524,8525,5500000000,Kedoya,Jakarta Barat,5,5,2,435.0,566.0
8525,8526,4500000000,Cipete,Jakarta Selatan,0,0,0,268.0,150.0
8526,8527,11000000000,Gudang Peluru,Jakarta Selatan,4,4,2,315.0,380.0
8527,8528,24000000000,Cilandak,Jakarta Selatan,5,5,2,400.0,600.0
8528,8529,9600000000,Jati Padang,Jakarta Selatan,6,7,3,528.0,600.0
8529,8530,28900000000,Ragunan,Jakarta Selatan,4,5,8,1540.0,500.0
8530,8531,7800000000,Bandengan,Jakarta Utara,4,4,1,110.0,266.0
8531,8532,3500000000,Duri Kepa,Jakarta Barat,6,4,1,90.0,180.0
8532,8533,2800000000,Muara Karang,Jakarta Utara,3,3,1,60.0,200.0
8533,8534,4000000000,Jelambar,Jakarta Barat,4,3,1,154.0,230.0
8534,8535,26000000000,Kebayoran Lama,Jakarta Selatan,5,5,0,379.0,245.0
8535,8536,2100000000,Semanan,Jakarta Barat,3,3,1,104.0,135.0
8536,8537,8500000000,Pantai Indah Kapuk,Jakarta Utara,3,3,2,136.0,280.0
8537,8538,2350000000,Muara Karang,Jakarta Utara,3,3,1,53.0,120.0
8538,8539,3100000000,Citra Garden,Jakarta Barat,3,2,1,160.0,180.0
8539,8540,1750000000,Citra Garden,Jakarta Barat,3,2,1,90.0,95.0
8540,8541,2700000000,Citra Garden,Jakarta Barat,4,2,2,90.0,120.0
8541,8542,13500000000,Citra Garden,Jakarta Barat,3,3,4,135.0,337.0
8542,8543,42000000000,Kebayoran Baru,Jakarta Selatan,3,3,1,579.0,400.0
8543,8544,1950000000,Taman Surya,Jakarta Barat,4,3,1,108.0,150.0
8544,8545,2500000000,Tebet,Jakarta Selatan,5,5,1,135.0,144.0
8545,8546,16000000000,Kelapa Gading,Jakarta Utara,5,5,1,552.0,1311.0
8546,8547,13000000000,Tebet,Jakarta Selatan,6,6,1,375.0,395.0
8547,8548,6700000000,Gandaria,Jakarta Selatan,2,2,3,241.0,150.0
8548,8549,3000000000,Sunter,Jakarta Utara,3,2,1,98.0,150.0
8549,8550,10000000000,Tebet,Jakarta Selatan,6,4,1,285.0,350.0
8550,8551,1400000000,Jakarta Garden City,Jakarta Timur,3,2,0,90.0,58.0
8551,8552,6000000000,Kembangan,Jakarta Barat,5,3,4,499.0,350.0
8552,8553,2200000000,Jakarta Garden City,Jakarta Timur,4,3,0,105.0,69.0
8553,8554,3100000000,Jakarta Garden City,Jakarta Timur,5,4,0,200.0,206.0
8554,8555,3950000000,Green Ville,Jakarta Barat,6,5,1,225.0,155.0
8555,8556,2500000000,Jakarta Garden City,Jakarta Timur,5,4,0,120.0,90.0
8556,8557,6000000000,Kemang,Jakarta Selatan,6,4,5,295.0,500.0
8557,8558,6300000000,Cipinang Melayu,Jakarta Timur,4,4,0,491.0,461.0
8558,8559,2200000000,Jakarta Garden City,Jakarta Timur,4,4,0,120.0,90.0
8559,8560,23000000000,Cirendeu,Jakarta Selatan,9,9,8,1394.0,1500.0
8560,8561,3000000000,Cakung,Jakarta Timur,3,2,1,130.0,200.0
8561,8562,2100000000,Kelapa Gading,Jakarta Utara,3,2,0,102.0,102.0
8562,8563,14800000000,Ragunan,Jakarta Selatan,5,5,5,921.0,600.0
8563,8564,7600000000,Fatmawati,Jakarta Selatan,4,4,2,325.0,400.0
8564,8565,4100000000,Muara Karang,Jakarta Utara,6,6,0,120.0,300.0
8565,8566,9900000000,Cipete,Jakarta Selatan,3,3,5,627.0,250.0
8566,8567,135000000000,Menteng,Jakarta Pusat,0,0,0,1230.0,648.0
8567,8568,17900000000,Cipete,Jakarta Selatan,3,3,8,839.0,394.0
8568,8569,4800000000,Bintaro,Jakarta Selatan,5,2,1,300.0,150.0
8569,8570,4600000000,Joglo,Jakarta Barat,5,5,2,498.0,648.0
8570,8571,32000000000,Kebayoran Baru,Jakarta Selatan,5,4,2,560.0,400.0
8571,8572,8000000000,Green garden,Jakarta Barat,4,3,0,540.0,540.0
8572,8573,5000000000,Cawang,Jakarta Timur,6,4,0,362.0,400.0
8573,8574,7800000000,Kelapa Gading,Jakarta Utara,7,3,3,182.0,302.0
8574,8575,2850000000,Cakung,Jakarta Timur,3,3,0,98.0,115.0
8575,8576,6300000000,Lebak Bulus,Jakarta Selatan,5,4,1,230.0,350.0
8576,8577,1530000000,Cakung,Jakarta Timur,2,2,1,90.0,58.0
8577,8578,1750000000,Cakung,Jakarta Timur,2,2,1,75.0,80.0
8578,8579,1600000000,Cakung,Jakarta Timur,3,2,1,90.0,63.0
8579,8580,1400000000,Jakarta Garden City,Jakarta Timur,3,3,0,90.0,63.0
8580,8581,3700000000,Cakung,Jakarta Timur,4,3,0,144.0,144.0
8581,8582,3380000000,Meruya,Jakarta Barat,4,3,0,108.0,80.0
8582,8583,2950000000,Cakung,Jakarta Timur,3,3,0,105.0,150.0
8583,8584,3650000000,Jakarta Garden City,Jakarta Timur,3,2,2,105.0,113.0
8584,8585,1550000000,Cakung,Jakarta Timur,4,3,1,90.0,75.0
8585,8586,11500000000,Kemang,Jakarta Selatan,16,7,5,500.0,620.0
8586,8587,4300000000,Cakung,Jakarta Timur,4,3,0,144.0,143.0
8587,8588,4300000000,Cakung,Jakarta Timur,4,3,0,200.0,300.0
8588,8589,2300000000,Cakung,Jakarta Timur,4,4,1,120.0,128.0
8589,8590,9200000000,Pulo Gadung,Jakarta Timur,8,8,0,290.0,550.0
8590,8591,2500000000,Cakung,Jakarta Timur,4,4,0,120.0,123.0
8591,8592,4300000000,Sunter,Jakarta Utara,3,3,2,133.0,245.0
8592,8593,1700000000,Cibubur,Jakarta Timur,4,4,2,220.0,120.0
8593,8594,6200000000,Pejaten,Jakarta Selatan,5,5,0,318.0,480.0
8594,8595,2500000000,Kelapa Gading,Jakarta Utara,3,2,0,102.0,113.0
8595,8596,4500000000,Cakung,Jakarta Timur,4,4,2,286.0,300.0
8596,8597,2600000000,Cakung,Jakarta Timur,3,3,0,150.0,150.0
8597,8598,6500000000,Cakung,Jakarta Timur,4,4,2,170.0,218.0
8598,8599,32000000000,Thamrin,Jakarta Pusat,4,3,2,237.0,300.0
8599,8600,9900000000,Kalibata,Jakarta Selatan,5,4,5,350.0,400.0
8600,8601,2800000000,Kalibata,Jakarta Selatan,4,3,2,89.0,200.0
8601,8602,9500000000,Gudang Peluru,Jakarta Selatan,8,5,2,432.0,626.0
8602,8603,15000000000,Tebet,Jakarta Selatan,5,5,3,417.0,620.0
8603,8604,7300000000,Pancoran,Jakarta Selatan,3,4,2,120.0,211.0
8604,8605,4200000000,Cakung,Jakarta Timur,4,3,2,144.0,143.0
8605,8606,6500000000,Golf Island,Jakarta Utara,4,2,0,160.0,320.0
8606,8607,7000000000,Pondok Indah,Jakarta Selatan,4,4,1,200.0,250.0
8607,8608,2600000000,Cakung,Jakarta Timur,3,3,0,148.0,153.0
8608,8609,16000000000,Golf Island,Jakarta Utara,4,3,1,300.0,343.0
8609,8610,2550000000,Jakarta Garden City,Jakarta Timur,3,2,0,84.0,87.0
8610,8611,3000000000,Cakung,Jakarta Timur,5,3,0,112.0,150.0
8611,8612,4900000000,Sunter,Jakarta Utara,3,2,2,195.0,200.0
8612,8613,3700000000,Sunter,Jakarta Utara,3,2,2,116.0,210.0
8613,8614,850000000,Condet,Jakarta Timur,2,1,1,58.0,37.0
8614,8615,2500000000,Sunter,Jakarta Utara,2,2,1,90.0,120.0
8615,8616,1800000000,Metland Menteng,Jakarta Timur,3,2,1,96.0,125.0
8616,8617,3950000000,Metland Menteng,Jakarta Timur,4,4,1,120.0,144.0
8617,8618,3500000000,Sunter,Jakarta Utara,4,3,2,108.0,210.0
8618,8619,2450000000,Jakarta Garden City,Jakarta Timur,0,4,1,105.0,86.0
8619,8620,1100000000,Pantai Indah Kapuk 2,Jakarta Utara,2,2,1,45.0,54.0
8620,8621,24000000000,Permata Hijau,Jakarta Selatan,4,4,0,750.0,550.0
8621,8622,999000000,Cibubur,Jakarta Timur,2,1,2,150.0,90.0
8622,8623,1850000000,Tanjung Duren,Jakarta Barat,11,4,0,77.0,157.0
8623,8624,1700000000,Jagakarsa,Jakarta Selatan,4,4,2,105.0,100.0
8624,8625,4390000000,Joglo,Jakarta Barat,4,4,2,195.0,270.0
8625,8626,4250000000,Jembatan Dua,Jakarta Barat,3,3,0,211.0,211.0
8626,8627,2750000000,Teluk Gong,Jakarta Utara,3,3,1,60.0,90.0
8627,8628,6750000000,Green garden,Jakarta Barat,5,5,1,200.0,525.0
8628,8629,5300000000,Kemanggisan,Jakarta Barat,5,0,2,218.0,220.0
8629,8630,22000000000,Cipete,Jakarta Selatan,4,3,2,786.0,500.0
8630,8631,36000000000,Cipete,Jakarta Selatan,9,7,15,1500.0,1200.0
8631,8632,4700000000,Kemang,Jakarta Selatan,3,4,2,98.0,247.0
8632,8633,5000000000,Muara Karang,Jakarta Utara,6,6,2,120.0,350.0
8633,8634,2900000000,Tomang,Jakarta Barat,3,3,0,135.0,160.0
8634,8635,9500000000,Pantai Indah Kapuk,Jakarta Utara,5,4,0,270.0,450.0
8635,8636,7900000000,Pantai Indah Kapuk,Jakarta Utara,4,3,2,200.0,480.0
8636,8637,7600000000,Kebon Jeruk,Jakarta Barat,3,3,3,255.0,255.0
8637,8638,19500000000,Pantai Mutiara,Jakarta Utara,4,3,2,535.0,600.0
8638,8639,5600000000,Permata Buana,Jakarta Barat,3,2,1,144.0,250.0
8639,8640,1800000000,Citra Garden,Jakarta Barat,2,2,1,75.0,69.0
8640,8641,13000000000,Pantai Indah Kapuk 2,Jakarta Utara,4,4,2,300.0,330.0
8641,8642,6700000000,Pantai Indah Kapuk,Jakarta Utara,4,3,0,160.0,300.0
8642,8643,5250000000,Puri Mansion,Jakarta Barat,4,3,2,120.0,240.0
8643,8644,5000000000,Daan Mogot,Jakarta Barat,4,3,2,120.0,240.0
8644,8645,9200000000,Rawamangun,Jakarta Timur,4,3,2,267.0,386.0
8645,8646,4200000000,Pantai Indah Kapuk 2,Jakarta Utara,3,3,1,100.0,180.0
8646,8647,7600000000,Golf Island,Jakarta Utara,3,3,0,165.0,220.0
8647,8648,18000000000,Rawamangun,Jakarta Timur,4,4,10,613.0,250.0
8648,8649,13000000000,Golf Island,Jakarta Utara,3,5,1,250.0,600.0
8649,8650,950000000,Ciracas,Jakarta Timur,3,2,1,45.0,67.0
8650,8651,1350000000,Pondok Bambu,Jakarta Timur,3,2,2,72.0,80.0
8651,8652,2000000000,Pondok Kelapa,Jakarta Timur,3,3,2,92.0,120.0
8652,8653,950000000,Cibubur,Jakarta Timur,3,2,1,45.0,67.0
8653,8654,2500000000,Duren Sawit,Jakarta Timur,4,4,2,101.0,170.0
8654,8655,6500000000,Cengkareng Barat,Jakarta Barat,5,4,0,200.0,500.0
8655,8656,40000000000,Kebayoran Baru,Jakarta Selatan,4,3,3,517.0,390.0
8656,8657,18000000000,Pondok Indah,Jakarta Selatan,4,3,2,280.0,400.0
8657,8658,6900000000,Ampera,Jakarta Selatan,3,3,2,140.0,250.0
8658,8659,6500000000,Pondok Indah,Jakarta Selatan,3,2,1,160.0,133.0
8659,8660,12000000000,Kebayoran Baru,Jakarta Selatan,3,3,0,245.0,600.0
8660,8661,6500000000,Kebayoran Baru,Jakarta Selatan,5,4,1,232.0,180.0
8661,8662,26000000000,Senayan,Jakarta Selatan,4,4,2,750.0,550.0
8662,8663,11000000000,Gatot Subroto,Jakarta Selatan,12,5,3,214.0,600.0
8663,8664,2800000000,Sunter,Jakarta Utara,4,3,2,99.0,140.0
8664,8665,1550000000,Jakarta Garden City,Jakarta Timur,2,2,2,75.0,80.0
8665,8666,14800000000,Mangga Besar,Jakarta Barat,32,32,0,181.0,675.0
8666,8667,4900000000,Tubagus Angke,Jakarta Barat,5,4,1,176.0,298.0
8667,8668,4000000000,Cempaka Putih,Jakarta Pusat,4,3,0,200.0,180.0
8668,8669,2650000000,Kayu Putih,Jakarta Timur,3,3,2,90.0,120.0
8669,8670,30000000000,Kalibata,Jakarta Selatan,7,7,0,1986.0,786.0
8670,8671,5500000000,Kebon Jeruk,Jakarta Barat,5,4,2,119.0,200.0
8671,8672,22800000000,Kapuk,Jakarta Utara,5,3,0,450.0,900.0
8672,8673,25000000000,Kebayoran Baru,Jakarta Selatan,4,4,2,250.0,400.0
8673,8674,10000000000,Kemang,Jakarta Selatan,3,3,0,151.0,245.0
8674,8675,18500000000,Lebak Bulus,Jakarta Selatan,5,5,2,650.0,500.0
8675,8676,1750000000,Radio Dalam,Jakarta Selatan,2,1,2,117.0,97.0
8676,8677,2300000000,Cengkareng Barat,Jakarta Barat,0,0,0,375.0,500.0
8677,8678,3750000000,Bintaro,Jakarta Selatan,3,2,1,180.0,155.0
8678,8679,2550000000,Cengkareng Barat,Jakarta Barat,0,0,0,122.0,140.0
8679,8680,11500000000,Pondok Indah,Jakarta Selatan,0,0,3,260.0,310.0
8680,8681,2850000000,Rawamangun,Jakarta Timur,3,3,2,90.0,120.0
8681,8682,9500000000,Cipete,Jakarta Selatan,7,5,2,385.0,350.0
8682,8683,7000000000,Rawamangun,Jakarta Timur,5,2,2,312.0,277.0
8683,8684,1400000000,Cakung,Jakarta Timur,2,3,1,71.0,78.0
8684,8685,2600000000,Kemanggisan,Jakarta Barat,3,1,0,165.0,160.0
8685,8686,23000000000,Duren Sawit,Jakarta Timur,4,3,4,902.0,675.0
8686,8687,10000000000,Pejaten,Jakarta Selatan,5,5,0,521.0,400.0
8687,8688,2400000000,Kebagusan,Jakarta Selatan,4,5,2,69.0,175.0
8688,8689,50000000000,Menteng,Jakarta Pusat,8,8,0,625.0,300.0
8689,8690,5800000000,Cipete,Jakarta Selatan,7,6,1,210.0,610.0
8690,8691,85000000000,Menteng,Jakarta Pusat,8,7,0,722.0,2162.0
8691,8692,15000000000,Muara Karang,Jakarta Utara,6,4,4,450.0,1200.0
8692,8693,53000000000,Pluit,Jakarta Utara,5,5,0,1200.0,1200.0
8693,8694,18500000000,Pantai Indah Kapuk,Jakarta Utara,6,6,0,300.0,600.0
8694,8695,4600000000,Pluit,Jakarta Utara,3,2,0,162.0,250.0
8695,8696,7200000000,Pantai Indah Kapuk,Jakarta Utara,4,4,0,180.0,300.0
8696,8697,2400000000,Tebet,Jakarta Selatan,4,2,1,101.0,210.0
8697,8698,57000000000,Menteng,Jakarta Pusat,5,3,5,722.0,511.0
8698,8699,13000000000,Kebayoran Baru,Jakarta Selatan,6,6,4,600.0,700.0
8699,8700,4700000000,Lebak Bulus,Jakarta Selatan,5,4,0,187.0,300.0
8700,8701,2000000000,Cipete,Jakarta Selatan,3,2,1,100.0,120.0
8701,8702,150000000000,Kebayoran Baru,Jakarta Selatan,6,7,6,1220.0,670.0
8702,8703,4400000000,Lebak Bulus,Jakarta Selatan,4,4,2,180.0,300.0
8703,8704,4800000000,Menteng,Jakarta Pusat,7,3,2,160.0,160.0
8704,8705,9750000000,Fatmawati,Jakarta Selatan,20,20,5,200.0,300.0
8705,8706,2200000000,Cipete,Jakarta Selatan,3,3,0,100.0,250.0
8706,8707,17000000000,Menteng,Jakarta Pusat,5,5,0,370.0,200.0
8707,8708,2900000000,Kelapa Gading,Jakarta Utara,4,3,0,102.0,210.0
8708,8709,2300000000,Meruya,Jakarta Barat,3,2,0,150.0,100.0
8709,8710,3600000000,Kelapa Gading,Jakarta Utara,3,3,0,90.0,132.0
8710,8711,170000000000,Menteng,Jakarta Pusat,5,6,0,1220.0,800.0
8711,8712,2690000000,Citra Garden,Jakarta Barat,4,3,2,147.0,150.0
8712,8713,14000000000,Bintaro,Jakarta Selatan,4,3,1,433.0,260.0
8713,8714,6400000000,Lebak Bulus,Jakarta Selatan,4,3,0,180.0,185.0
8714,8715,3800000000,Lebak Bulus,Jakarta Selatan,4,2,0,238.0,300.0
8715,8716,8100000000,Lebak Bulus,Jakarta Selatan,4,4,0,500.0,600.0
8716,8717,1500000000,Pantai Indah Kapuk 2,Jakarta Utara,2,2,1,45.0,62.0
8717,8718,32000000000,Pondok Indah,Jakarta Selatan,4,4,0,525.0,525.0
8718,8719,8900000000,Duren Sawit,Jakarta Timur,6,6,2,564.0,400.0
8719,8720,10500000000,Pantai Indah Kapuk,Jakarta Utara,4,4,2,270.0,400.0
8720,8721,10500000000,Pantai Indah Kapuk,Jakarta Utara,4,4,2,270.0,400.0
8721,8722,6600000000,Condet,Jakarta Timur,5,2,0,537.0,600.0
8722,8723,1850000000,Jatiwaringin,Jakarta Timur,4,3,1,112.0,160.0
8723,8724,2500000000,Kebon Jeruk,Jakarta Barat,3,2,2,102.0,135.0
8724,8725,19000000000,Menteng,Jakarta Pusat,4,3,4,603.0,603.0
8725,8726,4900000000,Cakung,Jakarta Timur,4,3,2,420.0,500.0
8726,8727,3000000000,Cengkareng,Jakarta Barat,3,3,2,90.0,124.0
8727,8728,2200000000,Cakung,Jakarta Timur,2,1,2,70.0,88.0
8728,8729,2300000000,Gunung Sahari,Jakarta Pusat,2,1,0,244.0,200.0
8729,8730,30000000000,Tanah Abang,Jakarta Pusat,37,15,8,655.0,1100.0
8730,8731,2750000000,Jagakarsa,Jakarta Selatan,4,4,2,114.0,210.0
8731,8732,27000000000,Wijaya,Jakarta Selatan,6,4,3,310.0,600.0
8732,8733,7500000000,Bintaro,Jakarta Selatan,4,4,1,340.0,500.0
8733,8734,40000000000,Bangka,Jakarta Selatan,3,3,0,950.0,400.0
8734,8735,1650000000,Kelapa Gading,Jakarta Utara,2,1,0,90.0,42.0
8735,8736,3700000000,Kemanggisan,Jakarta Barat,3,2,1,120.0,160.0
8736,8737,950000000,Condet,Jakarta Timur,3,3,1,40.0,120.0
8737,8738,17500000000,Cipete,Jakarta Selatan,0,0,0,800.0,500.0
8738,8739,3500000000,Cipete,Jakarta Selatan,3,2,1,165.0,165.0
8739,8740,32500000000,Cipete,Jakarta Selatan,5,6,6,1192.0,800.0
8740,8741,13500000000,Cipete,Jakarta Selatan,4,3,4,718.0,350.0
8741,8742,33500000000,Pondok Indah,Jakarta Selatan,5,4,2,535.0,1200.0
8742,8743,6250000000,Cipete,Jakarta Selatan,3,2,0,242.0,150.0
8743,8744,6900000000,Pondok Indah,Jakarta Selatan,3,2,1,198.0,150.0
8744,8745,34500000000,Pondok Indah,Jakarta Selatan,6,6,4,550.0,1200.0
8745,8746,11300000000,Cipete,Jakarta Selatan,7,3,0,410.0,280.0
8746,8747,3100000000,Tanjung Barat,Jakarta Selatan,4,4,2,89.0,200.0
8747,8748,18500000000,Radio Dalam,Jakarta Selatan,0,0,0,748.0,400.0
8748,8749,5500000000,Pejaten,Jakarta Selatan,5,4,2,235.0,332.0
8749,8750,4300000000,Cipete,Jakarta Selatan,6,6,0,180.0,360.0
8750,8751,39000000000,Radio Dalam,Jakarta Selatan,7,7,0,863.0,1265.0
8751,8752,2300000000,Cipete,Jakarta Selatan,3,2,1,100.0,110.0
8752,8753,3300000000,Kebagusan,Jakarta Selatan,5,2,3,253.0,168.0
8753,8754,57000000000,Menteng,Jakarta Pusat,5,4,5,722.0,511.0
8754,8755,3900000000,Bintaro,Jakarta Selatan,4,3,1,135.0,200.0
8755,8756,2200000000,Cipete,Jakarta Selatan,4,4,1,122.0,200.0
8756,8757,3800000000,Jati Padang,Jakarta Selatan,5,4,1,196.0,265.0
8757,8758,15900000000,Kemang,Jakarta Selatan,6,7,6,786.0,1000.0
8758,8759,52000000000,Menteng,Jakarta Pusat,7,8,2,733.0,548.0
8759,8760,3200000000,Kebayoran Lama,Jakarta Selatan,4,3,2,270.0,105.0
8760,8761,3500000000,Cilandak,Jakarta Selatan,3,3,1,120.0,60.0
8761,8762,5280000000,Pasar Minggu,Jakarta Selatan,6,4,1,113.0,280.0
8762,8763,9000000000,Kemang,Jakarta Selatan,4,6,2,302.0,520.0
8763,8764,12000000000,Matraman,Jakarta Timur,5,3,0,424.0,656.0
8764,8765,27000000000,Kebayoran Baru,Jakarta Selatan,4,3,0,600.0,400.0
8765,8766,7000000000,Kemang,Jakarta Selatan,4,4,0,161.0,310.0
8766,8767,4750000000,Lebak Bulus,Jakarta Selatan,3,3,2,144.0,165.0
8767,8768,11000000000,Cilandak,Jakarta Selatan,5,4,0,445.0,477.0
8768,8769,31000000000,Kebayoran Baru,Jakarta Selatan,0,0,0,350.0,150.0
8769,8770,6900000000,Lebak Bulus,Jakarta Selatan,3,4,1,228.0,240.0
8770,8771,85000000000,Kebayoran Baru,Jakarta Selatan,0,0,0,962.0,540.0
8771,8772,8500000000,Ampera,Jakarta Selatan,5,4,2,331.0,300.0
8772,8773,6500000000,Pluit,Jakarta Utara,5,0,0,140.0,140.0
8773,8774,12000000000,Sunter,Jakarta Utara,6,7,0,360.0,700.0
8774,8775,55000000000,Daan Mogot,Jakarta Barat,6,7,0,677.0,2000.0
8775,8776,29500000000,Menteng,Jakarta Pusat,3,2,0,656.0,443.0
8776,8777,27500000000,Pondok Indah,Jakarta Selatan,7,4,2,560.0,450.0
8777,8778,1890000000,Taman Ratu,Jakarta Barat,3,3,1,50.0,120.0
8778,8779,1980000000,Jelambar,Jakarta Barat,3,3,1,82.0,115.0
8779,8780,5750000000,Tanjung Duren,Jakarta Barat,5,4,2,152.0,225.0
8780,8781,7000000000,Tebet,Jakarta Selatan,4,3,1,129.0,293.0
8781,8782,45000000000,Kebayoran Baru,Jakarta Selatan,1,1,1,1014.0,750.0
8782,8783,44000000000,Menteng,Jakarta Pusat,12,3,0,827.0,619.0
8783,8784,7700000000,Gandaria,Jakarta Selatan,4,3,4,320.0,300.0
8784,8785,3900000000,Duri Kepa,Jakarta Barat,4,4,1,200.0,375.0
8785,8786,1990000000,Taman Ratu,Jakarta Barat,3,3,1,50.0,100.0
8786,8787,2000000000,Duri Kepa,Jakarta Barat,3,3,1,52.0,120.0
8787,8788,3350000000,Taman Ratu,Jakarta Barat,4,4,1,108.0,210.0
8788,8789,4250000000,Green Ville,Jakarta Barat,4,3,1,180.0,210.0
8789,8790,2390000000,Duri Kepa,Jakarta Barat,3,3,1,58.0,160.0
8790,8791,8750000000,Pondok Indah,Jakarta Selatan,5,6,3,331.0,400.0
8791,8792,55000000000,Menteng,Jakarta Pusat,5,4,0,1195.0,650.0
8792,8793,2750000000,Taman Ratu,Jakarta Barat,4,3,2,90.0,170.0
8793,8794,3000000000,Metland Puri,Jakarta Barat,3,3,1,108.0,156.0
8794,8795,4000000000,Jelambar,Jakarta Barat,3,3,1,104.0,230.0
8795,8796,2700000000,Tanjung Duren,Jakarta Barat,4,4,1,80.0,180.0
8796,8797,2790000000,Taman Ratu,Jakarta Barat,3,3,1,90.0,130.0
8797,8798,1900000000,Tanjung Duren,Jakarta Barat,3,3,1,44.0,90.0
8798,8799,4800000000,Duri Kepa,Jakarta Barat,5,4,1,218.0,312.0
8799,8800,2390000000,Taman Ratu,Jakarta Barat,3,3,1,60.0,135.0
8800,8801,3500000000,Metland Puri,Jakarta Barat,3,3,1,120.0,180.0
8801,8802,6500000000,Tanjung Duren,Jakarta Barat,28,28,1,98.0,350.0
8802,8803,8700000000,Pondok Indah,Jakarta Selatan,5,6,3,331.0,400.0
8803,8804,14500000000,Cempaka Putih,Jakarta Pusat,6,5,0,370.0,300.0
8804,8805,23000000000,Kelapa Gading,Jakarta Utara,5,7,0,540.0,800.0
8805,8806,2250000000,Duri Kepa,Jakarta Barat,3,3,1,68.0,147.0
8806,8807,3600000000,Sunrise Garden,Jakarta Barat,3,3,1,105.0,140.0
8807,8808,2700000000,Tanjung Duren,Jakarta Barat,4,4,2,65.0,185.0
8808,8809,2900000000,Duri Kepa,Jakarta Barat,4,4,1,105.0,140.0
8809,8810,2390000000,Duri Kepa,Jakarta Barat,3,3,1,58.0,134.0
8810,8811,3800000000,Muara Karang,Jakarta Utara,2,3,1,90.0,144.0
8811,8812,1500000000,Jelambar,Jakarta Barat,3,3,1,51.0,110.0
8812,8813,1690000000,Taman Ratu,Jakarta Barat,4,3,1,60.0,135.0
8813,8814,2300000000,Tanjung Duren,Jakarta Barat,1,1,1,138.0,10.0
8814,8815,16000000000,Tanah Kusir,Jakarta Selatan,5,4,0,820.0,600.0
8815,8816,2350000000,Kebon Jeruk,Jakarta Barat,4,4,0,68.0,183.0
8816,8817,2750000000,Tanjung Duren,Jakarta Barat,5,4,0,67.0,183.0
8817,8818,4950000000,Sunrise Garden,Jakarta Barat,4,4,1,105.0,280.0
8818,8819,2450000000,Tanjung Duren,Jakarta Barat,3,3,1,78.0,150.0
8819,8820,2300000000,Green Ville,Jakarta Barat,3,3,1,88.0,136.0
8820,8821,1600000000,Metland Puri,Jakarta Barat,3,3,1,62.0,75.0
8821,8822,3500000000,Duri Kepa,Jakarta Barat,5,5,1,90.0,200.0
8822,8823,4300000000,Sunrise Garden,Jakarta Barat,4,4,1,120.0,210.0
8823,8824,1950000000,Tanjung Duren,Jakarta Barat,3,2,1,42.0,90.0
8824,8825,4300000000,Green Ville,Jakarta Barat,4,4,2,120.0,180.0
8825,8826,1850000000,Tanjung Duren,Jakarta Barat,3,4,1,55.0,111.0
8826,8827,22000000000,Tebet,Jakarta Selatan,8,8,0,540.0,814.0
8827,8828,19500000000,Kebayoran Baru,Jakarta Selatan,1,1,0,382.0,500.0
8828,8829,1600000000,Radio Dalam,Jakarta Selatan,4,2,0,70.0,140.0
8829,8830,70000000000,Kebayoran Baru,Jakarta Selatan,2,2,1,691.0,900.0
8830,8831,1580000000,Cempaka Putih,Jakarta Pusat,3,3,1,45.0,78.0
8831,8832,2900000000,Taman Ratu,Jakarta Barat,3,3,2,90.0,190.0
8832,8833,2700000000,Duri Kepa,Jakarta Barat,3,3,1,111.0,162.0
8833,8834,1600000000,Tanjung Duren,Jakarta Barat,2,2,1,52.0,90.0
8834,8835,5500000000,Green Ville,Jakarta Barat,3,3,1,176.0,400.0
8835,8836,5800000000,Sunrise Garden,Jakarta Barat,4,3,1,150.0,235.0
8836,8837,2290000000,Duri Kepa,Jakarta Barat,3,3,1,72.0,155.0
8837,8838,5600000000,Taman Ratu,Jakarta Barat,4,4,2,132.0,320.0
8838,8839,1600000000,Tanjung Duren,Jakarta Barat,3,3,1,52.0,118.0
8839,8840,2700000000,Tanjung Duren,Jakarta Barat,4,3,1,100.0,216.0
8840,8841,55000000000,Menteng,Jakarta Pusat,5,3,0,909.0,400.0
8841,8842,2500000000,Taman Cosmos,Jakarta Barat,3,4,1,96.0,220.0
8842,8843,1600000000,Tanjung Duren,Jakarta Barat,3,3,1,44.0,90.0
8843,8844,1890000000,Taman Ratu,Jakarta Barat,3,2,1,48.0,130.0
8844,8845,1790000000,Tanjung Duren,Jakarta Barat,3,3,1,52.0,110.0
8845,8846,2600000000,Duri Kepa,Jakarta Barat,4,3,1,119.0,160.0
8846,8847,3100000000,Taman Ratu,Jakarta Barat,4,3,1,126.0,200.0
8847,8848,4300000000,Tanjung Duren,Jakarta Barat,3,3,1,189.0,130.0
8848,8849,1600000000,Kemayoran,Jakarta Pusat,3,3,1,61.0,115.0
8849,8850,60000000000,Menteng,Jakarta Pusat,6,5,2,650.0,800.0
8850,8851,2290000000,Taman Ratu,Jakarta Barat,3,3,1,56.0,132.0
8851,8852,6200000000,Tanjung Duren,Jakarta Barat,4,2,1,195.0,300.0
8852,8853,3300000000,Taman Ratu,Jakarta Barat,2,3,1,80.0,284.0
8853,8854,2000000000,Duri Kepa,Jakarta Barat,3,3,1,65.0,130.0
8854,8855,3200000000,Taman Ratu,Jakarta Barat,5,5,2,96.0,160.0
8855,8856,3500000000,Tanjung Duren,Jakarta Barat,4,3,1,86.0,200.0
8856,8857,2600000000,Green Ville,Jakarta Barat,3,3,1,90.0,180.0
8857,8858,2000000000,Duri Kepa,Jakarta Barat,3,3,1,64.0,180.0
8858,8859,3500000000,Taman Ratu,Jakarta Barat,3,3,1,96.0,180.0
8859,8860,3200000000,Tanjung Duren,Jakarta Barat,17,8,1,75.0,230.0
8860,8861,9000000000,Menteng,Jakarta Pusat,22,22,0,300.0,600.0
8861,8862,8100000000,Ragunan,Jakarta Selatan,5,5,2,471.0,600.0
8862,8863,477000000,Johar Baru,Jakarta Pusat,2,2,0,22.0,42.0
8863,8864,2950000000,Duri Kepa,Jakarta Barat,3,3,1,95.0,165.0
8864,8865,2000000000,Tanjung Duren,Jakarta Barat,3,3,1,53.0,120.0
8865,8866,2900000000,Sunter,Jakarta Utara,4,3,0,96.0,190.0
8866,8867,4500000000,Sunter,Jakarta Utara,4,3,1,126.0,250.0
8867,8868,9500000000,Lebak Bulus,Jakarta Selatan,5,4,2,430.0,400.0
8868,8869,3250000000,Duri Kepa,Jakarta Barat,3,3,1,104.0,216.0
8869,8870,2900000000,Duri Kepa,Jakarta Barat,3,3,1,126.0,182.0
8870,8871,2600000000,Muara Karang,Jakarta Utara,3,3,1,60.0,200.0
8871,8872,2450000000,Green Ville,Jakarta Barat,3,3,1,90.0,150.0
8872,8873,3250000000,Taman Ratu,Jakarta Barat,3,3,1,97.0,138.0
8873,8874,1870000000,Tanjung Duren,Jakarta Barat,3,3,1,48.0,90.0
8874,8875,2990000000,Duri Kepa,Jakarta Barat,3,3,1,114.0,186.0
8875,8876,2200000000,Duri Kepa,Jakarta Barat,3,3,1,65.0,130.0
8876,8877,3500000000,Metland Puri,Jakarta Barat,3,3,1,120.0,150.0
8877,8878,3500000000,Taman Ratu,Jakarta Barat,3,3,1,126.0,200.0
8878,8879,3700000000,Sunter,Jakarta Utara,3,3,2,154.0,165.0
8879,8880,2200000000,Kemanggisan,Jakarta Barat,4,2,0,160.0,100.0
8880,8881,20000000000,Pondok Indah,Jakarta Selatan,4,3,0,400.0,650.0
8881,8882,4850000000,Bangka,Jakarta Selatan,4,2,1,200.0,180.0
8882,8883,45000000000,Menteng,Jakarta Pusat,7,8,0,733.0,548.0
8883,8884,55000000000,Menteng,Jakarta Pusat,4,4,0,685.0,800.0
8884,8885,17900000000,Pejaten,Jakarta Selatan,5,6,0,487.0,400.0
8885,8886,9000000000,Pejaten,Jakarta Selatan,7,5,1,260.0,300.0
8886,8887,2100000000,Duren Sawit,Jakarta Timur,4,4,2,92.0,120.0
8887,8888,2000000000,Kelapa Gading,Jakarta Utara,3,2,0,90.0,70.0
8888,8889,68000000000,Pondok Indah,Jakarta Selatan,8,7,2,1050.0,1600.0
8889,8890,4800000000,Duri Kepa,Jakarta Barat,10,9,8,320.0,500.0
8890,8891,1520000000,Pejaten Timur,Jakarta Selatan,3,3,1,61.0,125.0
8891,8892,1520000000,Pejaten Timur,Jakarta Selatan,3,3,1,64.0,120.0
8892,8893,3250000000,Tebet,Jakarta Selatan,4,3,0,135.0,100.0
8893,8894,6700000000,Green garden,Jakarta Barat,5,6,0,200.0,525.0
8894,8895,2350000000,Cengkareng,Jakarta Barat,3,2,1,65.0,125.0
8895,8896,2950000000,Muara Karang,Jakarta Utara,3,3,0,60.0,200.0
8896,8897,3800000000,Pantai Indah Kapuk,Jakarta Utara,3,3,1,120.0,160.0
8897,8898,4800000000,Bintaro,Jakarta Selatan,5,2,1,300.0,150.0
8898,8899,36000000000,Pantai Indah Kapuk,Jakarta Utara,5,5,0,570.0,1000.0
8899,8900,2250000000,Green Lake City,Jakarta Barat,3,2,0,90.0,100.0
8900,8901,6900000000,Cipete,Jakarta Selatan,0,0,0,350.0,250.0
8901,8902,5900000000,Pondok Labu,Jakarta Selatan,4,2,2,585.0,300.0
8902,8903,13500000000,Pondok Pinang,Jakarta Selatan,31,31,10,450.0,900.0
8903,8904,7200000000,Cilandak,Jakarta Selatan,1,6,1,339.0,280.0
8904,8905,5000000000,Kelapa Gading,Jakarta Utara,5,5,2,220.0,550.0
8905,8906,2300000000,Menteng Dalam,Jakarta Selatan,3,2,1,88.0,135.0
8906,8907,16000000000,Tanjung Barat,Jakarta Selatan,4,4,4,700.0,500.0
8907,8908,7500000000,Kelapa Gading,Jakarta Utara,5,3,0,270.0,525.0
8908,8909,50000000000,Pondok Indah,Jakarta Selatan,5,5,0,1091.0,1113.0
8909,8910,2500000000,Pasar Minggu,Jakarta Selatan,5,3,0,173.0,100.0
8910,8911,13500000000,Pluit,Jakarta Utara,6,5,2,642.0,1000.0
8911,8912,16000000000,Intercon,Jakarta Barat,5,4,2,548.0,600.0
8912,8913,17000000000,Pondok Indah,Jakarta Selatan,4,4,2,274.0,603.0
8913,8914,7900000000,Mangga Besar,Jakarta Barat,4,3,0,540.0,150.0
8914,8915,11900000000,Menteng,Jakarta Pusat,3,3,2,364.0,300.0
8915,8916,95000000000,Kebayoran Baru,Jakarta Selatan,10,10,12,1038.0,1000.0
8916,8917,6500000000,Kelapa Gading,Jakarta Utara,5,3,2,240.0,220.0
8917,8918,160000000000,Senopati,Jakarta Selatan,5,5,5,1285.0,800.0
8918,8919,89000000000,Pondok Indah,Jakarta Selatan,8,8,10,2382.0,2700.0
8919,8920,24900000000,Pondok Indah,Jakarta Selatan,5,5,3,489.0,654.0
8920,8921,6500000000,Simprug,Jakarta Selatan,5,4,1,252.0,350.0
8921,8922,9800000000,Bintaro,Jakarta Selatan,5,5,3,823.0,500.0
8922,8923,15800000000,Kemang,Jakarta Selatan,4,4,0,738.0,950.0
8923,8924,8000000000,Bintaro,Jakarta Selatan,3,3,2,760.0,350.0
8924,8925,2950000000,Koja,Jakarta Utara,6,2,0,225.0,200.0
8925,8926,5500000000,Kebayoran Lama,Jakarta Selatan,5,5,3,449.0,300.0
8926,8927,3950000000,Kelapa Gading,Jakarta Utara,5,4,0,200.0,300.0
8927,8928,150000000000,Senopati,Jakarta Selatan,4,4,2,1715.0,700.0
8928,8929,39000000000,Menteng,Jakarta Pusat,14,6,3,947.0,739.0
8929,8930,2400000000,Duri Kepa,Jakarta Barat,4,3,2,90.0,150.0
8930,8931,1300000000,Duri Kepa,Jakarta Barat,3,2,2,97.0,66.0
8931,8932,2100000000,Green Lake City,Jakarta Barat,3,2,1,90.0,100.0
8932,8933,6000000000,Citra Garden,Jakarta Barat,5,4,2,200.0,265.0
8933,8934,7000000000,Kelapa Gading,Jakarta Utara,5,5,0,221.0,409.0
8934,8935,6800000000,Jembatan Lima,Jakarta Barat,0,3,0,283.0,700.0
8935,8936,6100000000,Petojo,Jakarta Pusat,6,3,0,225.0,150.0
8936,8937,5500000000,Sunter,Jakarta Utara,4,3,2,180.0,300.0
8937,8938,4000000000,Kelapa Gading,Jakarta Utara,4,3,0,108.0,252.0
8938,8939,7500000000,Tebet,Jakarta Selatan,4,3,1,195.0,200.0
8939,8940,3900000000,Kelapa Gading,Jakarta Utara,4,3,2,120.0,168.0
8940,8941,3800000000,Sunter,Jakarta Utara,4,4,1,86.0,185.0
8941,8942,3600000000,Ancol,Jakarta Utara,3,2,0,120.0,160.0
8942,8943,2800000000,Sunter,Jakarta Utara,2,1,0,96.0,96.0
8943,8944,2800000000,Sunter,Jakarta Utara,3,3,1,72.0,200.0
8944,8945,2750000000,Kelapa Gading,Jakarta Utara,4,3,2,90.0,130.0
8945,8946,2700000000,Pademangan,Jakarta Utara,1,1,0,135.0,135.0
8946,8947,3000000000,Tebet,Jakarta Selatan,4,2,2,130.0,140.0
8947,8948,2600000000,Sunter,Jakarta Utara,3,3,0,96.0,216.0
8948,8949,1500000000,Kelapa Gading,Jakarta Utara,2,2,0,90.0,66.0
8949,8950,1300000000,Pademangan,Jakarta Utara,3,3,0,49.0,147.0
8950,8951,950000000,Pademangan,Jakarta Utara,2,1,0,39.0,117.0
8951,8952,700000000,Pademangan,Jakarta Utara,1,1,0,45.0,45.0
8952,8953,6250000000,Pondok Indah,Jakarta Selatan,4,3,1,122.0,200.0
8953,8954,4500000000,Jakarta Garden City,Jakarta Timur,4,4,2,217.0,290.0
8954,8955,2900000000,Pulogebang,Jakarta Timur,3,3,2,200.0,175.0
8955,8956,6500000000,Warung Buncit,Jakarta Selatan,3,2,1,264.0,150.0
8956,8957,15000000000,Radio Dalam,Jakarta Selatan,4,4,3,307.0,360.0
8957,8958,4300000000,Cibubur,Jakarta Timur,8,6,2,300.0,300.0
8958,8959,1700000000,Kayu Putih,Jakarta Timur,5,2,0,90.0,58.0
8959,8960,3200000000,Pondok Kelapa,Jakarta Timur,3,3,2,180.0,159.0
8960,8961,3200000000,Pondok Kelapa,Jakarta Timur,3,3,2,180.0,159.0
8961,8962,4900000000,Bintaro,Jakarta Selatan,2,4,2,189.0,125.0
8962,8963,2500000000,Buaran,Jakarta Timur,3,3,1,136.0,210.0
8963,8964,7500000000,Tebet,Jakarta Selatan,3,2,4,312.0,94.0
8964,8965,4500000000,Condet,Jakarta Timur,13,11,1,341.0,600.0
8965,8966,3000000000,Bangka,Jakarta Selatan,10,9,0,104.0,238.0
8966,8967,3990000000,Utan Kayu,Jakarta Timur,5,4,2,389.0,360.0
8967,8968,2500000000,Tebet,Jakarta Selatan,10,3,0,135.0,250.0
8968,8969,1650000000,Pasar Rebo,Jakarta Timur,4,4,1,144.0,250.0
8969,8970,3990000000,Pondok Kelapa,Jakarta Timur,5,5,4,250.0,160.0
8970,8971,2300000000,Cipinang,Jakarta Timur,4,4,2,90.0,135.0
8971,8972,3700000000,Pulogebang,Jakarta Timur,3,4,2,363.0,220.0
8972,8973,18700000000,Pondok Indah,Jakarta Selatan,5,4,2,410.0,410.0
8973,8974,6500000000,Tomang,Jakarta Barat,3,4,1,306.0,460.0
8974,8975,15500000000,Lebak Bulus,Jakarta Selatan,6,6,2,1200.0,450.0
8975,8976,5800000000,Pondok Kelapa,Jakarta Timur,10,5,4,294.0,185.0
8976,8977,3600000000,Pondok Kopi,Jakarta Timur,3,2,2,208.0,150.0
8977,8978,2350000000,Kebagusan,Jakarta Selatan,3,3,2,75.0,110.0
8978,8979,7500000000,Condet,Jakarta Timur,5,4,4,397.0,370.0
8979,8980,1200000000,Pondok Kopi,Jakarta Timur,4,3,2,158.0,120.0
8980,8981,2200000000,Pondok Kelapa,Jakarta Timur,5,3,2,90.0,195.0
8981,8982,7800000000,Fatmawati,Jakarta Selatan,4,4,2,348.0,325.0
8982,8983,5000000000,Rawa Badak,Jakarta Utara,4,2,0,345.0,300.0
8983,8984,5300000000,Sunter,Jakarta Utara,5,4,0,114.0,266.0
8984,8985,7000000000,Sunter,Jakarta Utara,4,4,0,150.0,354.0
8985,8986,7500000000,Sunter,Jakarta Utara,3,2,2,270.0,540.0
8986,8987,2600000000,Cengkareng,Jakarta Barat,6,3,0,150.0,300.0
8987,8988,8500000000,Sunter,Jakarta Utara,5,6,1,319.0,300.0
8988,8989,9500000000,Sunter,Jakarta Utara,4,3,2,270.0,595.0
8989,8990,9700000000,Sunter,Jakarta Utara,6,3,0,540.0,540.0
8990,8991,12500000000,Sunter,Jakarta Utara,4,4,2,200.0,600.0
8991,8992,12800000000,Pluit,Jakarta Utara,4,4,0,370.0,450.0
8992,8993,13000000000,Sunter,Jakarta Utara,5,5,2,360.0,700.0
8993,8994,6700000000,Pantai Indah Kapuk,Jakarta Utara,4,4,0,200.0,300.0
8994,8995,15000000000,Ancol,Jakarta Utara,4,3,2,700.0,1000.0
8995,8996,16000000000,Sunter,Jakarta Utara,8,7,0,530.0,1400.0
8996,8997,2800000000,Cilandak,Jakarta Selatan,3,3,2,71.0,88.0
8997,8998,15500000000,Tanjung Barat,Jakarta Selatan,4,4,2,700.0,500.0
8998,8999,18000000000,Kemang,Jakarta Selatan,4,3,7,987.0,200.0
8999,9000,8250000000,Cilandak,Jakarta Selatan,3,3,2,300.0,300.0
9000,9001,8250000000,Cilandak,Jakarta Selatan,3,3,2,300.0,300.0
9001,9002,9900000000,Cilandak,Jakarta Selatan,4,4,2,300.0,450.0
9002,9003,6000000000,Cipete,Jakarta Selatan,4,4,1,215.0,400.0
9003,9004,6300000000,Lebak Bulus,Jakarta Selatan,5,4,2,220.0,400.0
9004,9005,1600000000,Cilandak,Jakarta Selatan,3,3,2,46.0,105.0
9005,9006,18000000000,Cipete,Jakarta Selatan,4,4,2,899.0,467.0
9006,9007,3800000000,Cilandak,Jakarta Selatan,3,2,2,105.0,183.0
9007,9008,24000000000,Cipete,Jakarta Selatan,6,5,1,670.0,420.0
9008,9009,10500000000,Lebak Bulus,Jakarta Selatan,5,5,4,396.0,650.0
9009,9010,7600000000,Cipete,Jakarta Selatan,5,4,2,270.0,435.0
9010,9011,7000000000,Lebak Bulus,Jakarta Selatan,4,5,3,233.0,380.0
9011,9012,2200000000,Pasar Minggu,Jakarta Selatan,3,3,2,79.0,127.0
9012,9013,7500000000,Fatmawati,Jakarta Selatan,4,4,1,348.0,325.0
9013,9014,42000000000,Cilandak,Jakarta Selatan,5,5,8,1925.0,850.0
9014,9015,5300000000,Cipete,Jakarta Selatan,4,3,1,270.0,235.0
9015,9016,4500000000,Lebak Bulus,Jakarta Selatan,3,2,1,175.0,180.0
9016,9017,13000000000,Cilandak,Jakarta Selatan,4,4,2,550.0,500.0
9017,9018,2500000000,Jagakarsa,Jakarta Selatan,3,3,1,120.0,180.0
9018,9019,14000000000,Cilandak,Jakarta Selatan,6,4,5,590.0,350.0
9019,9020,6750000000,Cilandak,Jakarta Selatan,4,4,1,170.0,380.0
9020,9021,19000000000,Lebak Bulus,Jakarta Selatan,5,5,2,650.0,500.0
9021,9022,2000000000,Jagakarsa,Jakarta Selatan,3,3,2,115.0,100.0
9022,9023,7700000000,Cilandak,Jakarta Selatan,6,5,2,484.0,537.0
9023,9024,18000000000,Cilandak,Jakarta Selatan,3,3,0,963.0,887.0
9024,9025,21000000000,Kelapa Gading,Jakarta Utara,5,5,2,513.0,1000.0
9025,9026,2700000000,Joglo,Jakarta Barat,4,3,0,108.0,105.0
9026,9027,9000000000,Rawamangun,Jakarta Timur,5,3,2,281.0,275.0
9027,9028,3200000000,Kelapa Gading,Jakarta Utara,4,3,2,90.0,120.0
9028,9029,9500000000,Kamal,Jakarta Utara,3,3,2,250.0,300.0
9029,9030,28000000000,Kebayoran Baru,Jakarta Selatan,2,3,3,335.0,200.0
9030,9031,25000000000,Pondok Indah,Jakarta Selatan,5,5,0,489.0,650.0
9031,9032,23000000000,Kramat,Jakarta Pusat,1,1,0,624.0,624.0
9032,9033,2500000000,Mangga Besar,Jakarta Barat,4,2,0,172.0,100.0
9033,9034,25000000000,Sunter,Jakarta Utara,6,4,3,1000.0,837.0
9034,9035,60000000000,Sunter,Jakarta Utara,5,5,0,2000.0,1500.0
9035,9036,1870000000,Kemayoran,Jakarta Pusat,3,3,1,56.0,164.0
9036,9037,3200000000,Pegangsaan,Jakarta Utara,4,4,2,120.0,280.0
9037,9038,1700000000,Kelapa Gading,Jakarta Utara,6,3,1,90.0,75.0
9038,9039,2300000000,Cakung,Jakarta Timur,4,4,0,119.0,160.0
9039,9040,1350000000,Kelapa Gading,Jakarta Utara,2,1,1,90.0,48.0
9040,9041,2200000000,Kelapa Gading,Jakarta Utara,5,3,1,102.0,150.0
9041,9042,3000000000,Kelapa Gading,Jakarta Utara,5,3,1,102.0,210.0
9042,9043,980000000,Pondok Kelapa,Jakarta Timur,4,2,1,110.0,160.0
9043,9044,2350000000,Cengkareng,Jakarta Barat,3,2,2,70.0,125.0
9044,9045,7000000000,Tanjung Duren,Jakarta Barat,3,3,0,172.0,250.0
9045,9046,31500000000,SCBD,Jakarta Selatan,3,2,3,520.0,300.0
9046,9047,11000000000,Kemang,Jakarta Selatan,4,3,2,600.0,400.0
9047,9048,2850000000,Puri Indah,Jakarta Barat,4,3,2,250.0,160.0
9048,9049,700000000,Ciracas,Jakarta Timur,3,2,1,70.0,120.0
9049,9050,790000000,Ciracas,Jakarta Timur,4,3,1,74.0,120.0
9050,9051,600000000,Ciracas,Jakarta Timur,1,2,1,50.0,90.0
9051,9052,900000000,Ciracas,Jakarta Timur,4,2,1,162.0,100.0
9052,9053,5000000000,Ciracas,Jakarta Timur,6,6,2,600.0,400.0
9053,9054,350000000,Ciracas,Jakarta Timur,4,2,1,124.0,100.0
9054,9055,365000000,Ciracas,Jakarta Timur,2,1,1,40.0,40.0
9055,9056,750000000,Cipayung,Jakarta Timur,2,2,1,60.0,100.0
9056,9057,350000000,Lubang Buaya,Jakarta Timur,2,1,1,34.0,34.0
9057,9058,500000000,Bambu Apus,Jakarta Timur,2,1,1,34.0,45.0
9058,9059,1100000000,Condet,Jakarta Timur,3,2,1,50.0,60.0
9059,9060,1300000000,Ciracas,Jakarta Timur,5,2,2,100.0,180.0
9060,9061,1700000000,Cibubur,Jakarta Timur,5,3,2,185.0,160.0
9061,9062,520000000,Cipayung,Jakarta Timur,2,1,1,73.0,63.0
9062,9063,700000000,Ciracas,Jakarta Timur,2,2,1,44.0,60.0
9063,9064,650000000,Bambu Apus,Jakarta Timur,2,1,1,51.0,45.0
9064,9065,1400000000,Condet,Jakarta Timur,5,2,1,120.0,200.0
9065,9066,700000000,Ciracas,Jakarta Timur,3,2,1,52.0,80.0
9066,9067,1290000000,Cipayung,Jakarta Timur,3,2,2,67.0,75.0
9067,9068,750000000,Ciracas,Jakarta Timur,3,2,1,54.0,79.0
9068,9069,16500000000,Pejaten,Jakarta Selatan,4,4,3,563.0,360.0
9069,9070,2200000000,Kalideres,Jakarta Barat,3,2,1,150.0,100.0
9070,9071,10500000000,Veteran,Jakarta Selatan,5,3,0,543.0,350.0
9071,9072,3500000000,Cilandak,Jakarta Selatan,3,3,2,171.0,290.0
9072,9073,3300000000,Tomang,Jakarta Barat,10,5,1,60.0,230.0
9073,9074,4800000000,Tanjung Duren,Jakarta Barat,10,5,0,283.0,300.0
9074,9075,7800000000,Golf Island,Jakarta Utara,3,3,2,200.0,300.0
9075,9076,3000000000,Petukangan,Jakarta Selatan,3,2,3,325.0,225.0
9076,9077,26300000000,Pejaten,Jakarta Selatan,5,5,3,950.0,300.0
9077,9078,7000000000,Cilandak,Jakarta Selatan,2,3,1,178.0,288.0
9078,9079,2350000000,Sektor 2 - Bintaro,Jakarta Selatan,2,2,1,127.0,150.0
9079,9080,9700000000,Sektor 1 - Bintaro,Jakarta Selatan,6,5,3,823.0,500.0
9080,9081,1400000000,Citra Garden,Jakarta Barat,3,2,2,96.0,96.0
9081,9082,20000000000,Pantai Indah Kapuk,Jakarta Utara,4,5,0,425.0,1200.0
9082,9083,12500000000,Gandaria,Jakarta Selatan,4,3,2,237.0,150.0
9083,9084,24000000000,Pantai Indah Kapuk,Jakarta Utara,0,0,0,785.0,1000.0
9084,9085,45000000000,Pantai Indah Kapuk,Jakarta Utara,5,5,2,630.0,1368.0
9085,9086,28000000000,Pantai Indah Kapuk,Jakarta Utara,5,6,0,473.0,1000.0
9086,9087,3600000000,Cilandak,Jakarta Selatan,1,3,1,120.0,225.0
9087,9088,8000000000,Pantai Indah Kapuk,Jakarta Utara,4,4,0,270.0,500.0
9088,9089,15000000000,Tebet,Jakarta Selatan,0,0,0,417.0,620.0
9089,9090,2800000000,Pesanggrahan,Jakarta Selatan,4,3,1,240.0,120.0
9090,9091,3800000000,Cengkareng Barat,Jakarta Barat,4,3,0,160.0,240.0
9091,9092,22000000000,Pantai Indah Kapuk,Jakarta Utara,4,4,0,350.0,700.0
9092,9093,5900000000,Golf Island,Jakarta Utara,3,3,0,160.0,100.0
9093,9094,24400000000,Golf Island,Jakarta Utara,4,4,0,525.0,300.0
9094,9095,13800000000,Golf Island,Jakarta Utara,4,4,0,360.0,300.0
9095,9096,21200000000,Golf Island,Jakarta Utara,4,4,0,450.0,400.0
9096,9097,12700000000,Golf Island,Jakarta Utara,3,3,0,250.0,200.0
9097,9098,13800000000,Golf Island,Jakarta Utara,4,4,0,360.0,380.0
9098,9099,7900000000,Lebak Bulus,Jakarta Selatan,5,5,2,174.0,417.0
9099,9100,8800000000,Pondok Indah,Jakarta Selatan,5,5,0,128.0,300.0
9100,9101,6500000000,Duri Kepa,Jakarta Barat,4,4,0,260.0,350.0
9101,9102,9500000000,Pondok Indah,Jakarta Selatan,3,2,1,200.0,300.0
9102,9103,1700000000,Taman Surya,Jakarta Barat,2,3,0,65.0,120.0
9103,9104,500000000,Cempaka Putih,Jakarta Pusat,2,2,0,22.0,40.0
9104,9105,16900000000,Pondok Indah,Jakarta Selatan,4,3,2,408.0,400.0
9105,9106,16500000000,Lebak Bulus,Jakarta Selatan,5,3,2,670.0,500.0
9106,9107,16700000000,Intercon,Jakarta Barat,6,6,0,540.0,440.0
9107,9108,7000000000,Tebet,Jakarta Selatan,4,2,2,200.0,57.0
9108,9109,14000000000,Cipete,Jakarta Selatan,6,3,1,692.0,407.0
9109,9110,3950000000,Tebet,Jakarta Selatan,5,5,0,153.0,200.0
9110,9111,7000000000,Otista,Jakarta Timur,6,3,1,380.0,500.0
9111,9112,2750000000,Metland Puri,Jakarta Barat,4,3,2,100.0,160.0
9112,9113,6600000000,Taman Palem,Jakarta Barat,4,3,3,219.0,340.0
9113,9114,3900000000,Sunter,Jakarta Utara,3,4,0,98.0,294.0
9114,9115,5000000000,Sunter,Jakarta Utara,4,3,2,200.0,200.0
9115,9116,2000000000,Pantai Indah Kapuk,Jakarta Utara,2,1,0,60.0,120.0
9116,9117,4200000000,Cilandak,Jakarta Selatan,5,5,4,207.0,280.0
9117,9118,3600000000,Taman Surya,Jakarta Barat,6,3,1,108.0,235.0
9118,9119,35000000000,Pondok Indah,Jakarta Selatan,5,4,3,406.0,650.0
9119,9120,10500000000,Pejaten,Jakarta Selatan,1,1,1,760.0,500.0
9120,9121,35000000000,Pondok Indah,Jakarta Selatan,5,4,3,406.0,650.0
9121,9122,10500000000,Pejaten,Jakarta Selatan,1,1,1,760.0,500.0
9122,9123,4500000000,Joglo,Jakarta Barat,4,3,4,144.0,364.0
9123,9124,2200000000,Sunter,Jakarta Utara,4,2,1,90.0,180.0
9124,9125,2900000000,Sunter,Jakarta Utara,2,2,1,120.0,100.0
9125,9126,7000000000,Kelapa Gading,Jakarta Utara,0,4,1,187.0,250.0
9126,9127,2950000000,Sunter,Jakarta Utara,3,3,1,96.0,132.0
9127,9128,3500000000,Sunter,Jakarta Utara,3,2,1,105.0,175.0
9128,9129,1700000000,Pantai Indah Kapuk,Jakarta Utara,2,2,1,75.0,62.0
9129,9130,2700000000,Sunter,Jakarta Utara,4,4,1,90.0,150.0
9130,9131,4000000000,Taman Surya,Jakarta Barat,7,6,1,108.0,308.0
9131,9132,25000000000,Prapanca,Jakarta Selatan,2,2,2,374.0,250.0
9132,9133,3990000000,Bintaro,Jakarta Selatan,5,4,2,156.0,145.0
9133,9134,2900000000,Taman Surya,Jakarta Barat,3,2,1,180.0,270.0
9134,9135,2500000000,Sunter,Jakarta Utara,6,3,1,90.0,195.0
9135,9136,2300000000,Sunter,Jakarta Utara,3,1,1,67.0,135.0
9136,9137,6300000000,Sunter,Jakarta Utara,5,4,3,234.0,280.0
9137,9138,5800000000,Sunter,Jakarta Utara,5,4,3,114.0,266.0
9138,9139,2600000000,Sunter,Jakarta Utara,3,2,1,90.0,135.0
9139,9140,5300000000,Kemayoran,Jakarta Pusat,3,2,2,119.0,336.0
9140,9141,3200000000,Taman Surya,Jakarta Barat,4,2,2,180.0,220.0
9141,9142,7800000000,Pondok Kelapa,Jakarta Timur,6,6,3,350.0,600.0
9142,9143,3950000000,Bintaro,Jakarta Selatan,4,4,1,224.0,250.0
9143,9144,4000000000,Pejaten Timur,Jakarta Selatan,5,3,1,300.0,235.0
9144,9145,9800000000,Fatmawati,Jakarta Selatan,5,3,1,535.0,600.0
9145,9146,10500000000,Kebayoran Baru,Jakarta Selatan,5,3,1,208.0,300.0
9146,9147,9900000000,Cipete,Jakarta Selatan,4,4,2,261.0,285.0
9147,9148,7910000000,Pondok Indah,Jakarta Selatan,3,4,0,128.0,302.0
9148,9149,10500000000,Cipete,Jakarta Selatan,5,4,0,299.0,345.0
9149,9150,8420000000,Bintaro,Jakarta Selatan,5,4,3,160.0,308.0
9150,9151,3700000000,Bintaro,Jakarta Selatan,5,4,0,120.0,144.0
9151,9152,3950000000,Sunter,Jakarta Utara,4,4,2,96.0,198.0
9152,9153,2400000000,Sunter,Jakarta Utara,3,3,1,84.0,135.0
9153,9154,4700000000,Cempaka Putih,Jakarta Pusat,4,3,2,120.0,200.0
9154,9155,2200000000,Sunter,Jakarta Utara,3,2,0,50.0,80.0
9155,9156,2800000000,Sunter,Jakarta Utara,4,3,1,141.0,186.0
9156,9157,3990000000,Bintaro,Jakarta Selatan,5,3,2,165.0,200.0
9157,9158,3500000000,Tebet,Jakarta Selatan,7,5,0,178.0,200.0
9158,9159,5000000000,Bintaro,Jakarta Selatan,3,2,1,113.0,110.0
9159,9160,2100000000,Tebet,Jakarta Selatan,3,3,0,130.0,130.0
9160,9161,30000000000,Cilandak,Jakarta Selatan,9,6,7,1200.0,700.0
9161,9162,5900000000,Bendungan Hilir,Jakarta Pusat,4,2,1,185.0,185.0
9162,9163,16000000000,Cilandak,Jakarta Selatan,7,5,6,578.0,300.0
9163,9164,3400000000,Pondok Labu,Jakarta Selatan,3,3,2,110.0,183.0
9164,9165,1400000000,Cawang,Jakarta Timur,3,2,1,90.0,120.0
9165,9166,7500000000,Kemang,Jakarta Selatan,5,5,2,260.0,400.0
9166,9167,685000000,Petukangan,Jakarta Selatan,2,2,1,32.0,40.0
9167,9168,1700000000,Raffles Hills,Jakarta Timur,3,2,1,112.0,180.0
9168,9169,3500000000,Tebet,Jakarta Selatan,4,2,0,209.0,250.0
9169,9170,3990000000,Tebet,Jakarta Selatan,6,5,0,135.0,200.0
9170,9171,4800000000,Tebet,Jakarta Selatan,4,2,0,133.0,120.0
9171,9172,3500000000,Cipinang,Jakarta Timur,6,3,0,194.0,182.0
9172,9173,26000000000,Senopati,Jakarta Selatan,4,5,2,408.0,300.0
9173,9174,47000000000,Kebayoran Baru,Jakarta Selatan,5,3,5,726.0,564.0
9174,9175,21000000000,Senopati,Jakarta Selatan,16,17,0,321.0,200.0
9175,9176,34000000000,Senayan,Jakarta Selatan,5,5,3,680.0,600.0
9176,9177,3500000000,Pondok Labu,Jakarta Selatan,3,2,0,200.0,150.0
9177,9178,2900000000,Cilandak,Jakarta Selatan,4,2,1,135.0,80.0
9178,9179,5350000000,Tebet,Jakarta Selatan,5,4,1,158.0,250.0
9179,9180,3500000000,Cilandak,Jakarta Selatan,3,2,2,217.0,78.0
9180,9181,2250000000,Pejaten,Jakarta Selatan,4,4,1,140.0,140.0
9181,9182,5700000000,Menteng,Jakarta Pusat,5,5,1,155.0,256.0
9182,9183,2200000000,Meruya,Jakarta Barat,3,2,1,60.0,110.0
9183,9184,4500000000,Kalibata,Jakarta Selatan,4,3,1,225.0,150.0
9184,9185,25000000000,Cipete,Jakarta Selatan,4,4,5,750.0,500.0
9185,9186,8500000000,Kebayoran Baru,Jakarta Selatan,4,3,4,587.0,600.0
9186,9187,3700000000,Tebet,Jakarta Selatan,4,2,1,160.0,160.0
9187,9188,10000000000,Kebayoran Baru,Jakarta Selatan,4,4,1,298.0,400.0
9188,9189,13500000000,Pondok Indah,Jakarta Selatan,5,5,2,362.0,702.0
9189,9190,8500000000,Pondok Indah,Jakarta Selatan,4,4,1,240.0,300.0
9190,9191,60000000000,Kebayoran Baru,Jakarta Selatan,4,4,2,670.0,550.0
9191,9192,14500000000,Pondok Indah,Jakarta Selatan,5,3,2,282.0,315.0
9192,9193,2100000000,Raffles Hills,Jakarta Timur,3,2,2,112.0,120.0
9193,9194,2200000000,Pademangan,Jakarta Utara,4,4,0,60.0,180.0
9194,9195,13200000000,Pondok Indah,Jakarta Selatan,5,5,2,362.0,706.0
9195,9196,4800000000,Cinere,Jakarta Selatan,5,4,2,1000.0,409.0
9196,9197,3200000000,Bendungan Hilir,Jakarta Pusat,3,2,0,116.0,100.0
9197,9198,1950000000,Teluk Gong,Jakarta Utara,0,0,0,120.0,160.0
9198,9199,3000000000,Raffles Hills,Jakarta Timur,3,4,1,160.0,190.0
9199,9200,90000000000,Menteng,Jakarta Pusat,4,4,0,958.0,800.0
9200,9201,7000000000,Cibubur,Jakarta Timur,4,4,2,400.0,328.0
9201,9202,4300000000,Golf Island,Jakarta Utara,3,3,1,120.0,190.0
9202,9203,6200000000,Raffles Hills,Jakarta Timur,3,3,0,300.0,350.0
9203,9204,25000000000,Pondok Indah,Jakarta Selatan,4,4,0,489.0,650.0
9204,9205,4000000000,Cibubur,Jakarta Timur,5,4,2,260.0,320.0
9205,9206,2250000000,Green garden,Jakarta Barat,3,3,1,90.0,120.0
9206,9207,3500000000,Cibubur,Jakarta Timur,4,3,1,360.0,300.0
9207,9208,3700000000,Raffles Hills,Jakarta Timur,3,4,2,218.0,200.0
9208,9209,57600000000,Menteng,Jakarta Pusat,4,4,0,721.0,536.0
9209,9210,4700000000,Tanah Kusir,Jakarta Selatan,5,3,3,265.0,200.0
9210,9211,11500000000,Gandaria,Jakarta Selatan,4,3,4,580.0,400.0
9211,9212,2350000000,Kelapa Gading,Jakarta Utara,2,1,1,102.0,78.0
9212,9213,55000000000,Kebayoran Baru,Jakarta Selatan,3,3,12,1065.0,500.0
9213,9214,2100000000,Kapuk Muara,Jakarta Utara,3,3,1,120.0,190.0
9214,9215,11500000000,Gandaria,Jakarta Selatan,4,3,4,580.0,400.0
9215,9216,3500000000,Cibubur,Jakarta Timur,4,4,2,260.0,290.0
9216,9217,4500000000,Daan Mogot,Jakarta Barat,2,3,3,144.0,230.0
9217,9218,3450000000,Radio Dalam,Jakarta Selatan,3,3,2,144.0,125.0
9218,9219,13000000000,Menteng,Jakarta Pusat,5,5,0,517.0,500.0
9219,9220,3500000000,Sektor 2 - Bintaro,Jakarta Selatan,3,3,2,215.0,230.0
9220,9221,11200000000,Cibubur,Jakarta Timur,0,0,0,1113.0,1.0
9221,9222,135000000000,Menteng,Jakarta Pusat,5,6,10,1050.0,1500.0
9222,9223,3500000000,Cibubur,Jakarta Timur,4,4,1,200.0,280.0
9223,9224,25200000000,Guntur,Jakarta Selatan,5,4,0,600.0,450.0
9224,9225,3500000000,Sektor 2 - Bintaro,Jakarta Selatan,3,3,2,215.0,230.0
9225,9226,36000000000,Menteng,Jakarta Pusat,3,4,0,498.0,350.0
9226,9227,163000000000,Kebayoran Baru,Jakarta Selatan,6,4,0,1715.0,500.0
9227,9228,13700000000,Lebak Bulus,Jakarta Selatan,4,4,2,576.0,350.0
9228,9229,82800000000,Simprug,Jakarta Selatan,5,5,6,1380.0,1200.0
9229,9230,48000000000,Pondok Indah,Jakarta Selatan,4,4,3,634.0,800.0
9230,9231,18000000000,Kebayoran Baru,Jakarta Selatan,3,3,4,252.0,192.0
9231,9232,23000000000,Cirendeu,Jakarta Selatan,5,5,20,3600.0,600.0
9232,9233,45000000000,Pondok Indah,Jakarta Selatan,5,5,3,938.0,1000.0
9233,9234,9900000000,Cilandak,Jakarta Selatan,4,5,2,231.0,365.0
9234,9235,5300000000,Kemang,Jakarta Selatan,4,0,0,90.0,205.0
9235,9236,60000000000,Menteng,Jakarta Pusat,4,3,0,800.0,500.0
9236,9237,5950000000,Puri Indah,Jakarta Barat,4,3,1,225.0,250.0
9237,9238,28000000000,Menteng,Jakarta Pusat,8,4,4,778.0,407.0
9238,9239,11000000000,Kebayoran Lama,Jakarta Selatan,5,5,1,423.0,500.0
9239,9240,98000000000,Menteng,Jakarta Pusat,4,4,4,1100.0,1800.0
9240,9241,98000000000,Menteng,Jakarta Pusat,4,4,4,1100.0,1800.0
9241,9242,1360000000,Senen,Jakarta Pusat,3,3,1,45.0,73.0
9242,9243,15000000000,Cilandak,Jakarta Selatan,4,3,2,515.0,400.0
9243,9244,599000000,Kemayoran,Jakarta Pusat,2,2,0,27.0,48.0
9244,9245,2260000000,Setiabudi,Jakarta Selatan,3,3,1,60.0,93.0
9245,9246,16500000000,Pejaten,Jakarta Selatan,5,5,4,670.0,500.0
9246,9247,2930000000,Cempaka Putih,Jakarta Pusat,4,4,2,85.0,96.0
9247,9248,2130000000,Cempaka Putih,Jakarta Pusat,3,3,1,51.0,78.0
9248,9249,7500000000,Pejaten,Jakarta Selatan,4,3,2,347.0,400.0
9249,9250,3600000000,Lebak Bulus,Jakarta Selatan,4,3,2,90.0,140.0
9250,9251,5000000000,Tanjung Duren,Jakarta Barat,4,3,0,173.0,230.0
9251,9252,488000000,Sawah Besar,Jakarta Pusat,2,2,0,21.0,36.0
9252,9253,1650000000,Kemayoran,Jakarta Pusat,4,4,1,56.0,164.0
9253,9254,3000000000,Pondok Kelapa,Jakarta Timur,5,4,1,162.0,200.0
9254,9255,1420000000,Salemba,Jakarta Pusat,3,2,1,42.0,75.0
9255,9256,1440000000,Salemba,Jakarta Pusat,3,2,1,43.0,75.0
9256,9257,869000000,Sawah Besar,Jakarta Pusat,3,2,1,24.0,68.0
9257,9258,1850000000,Buaran,Jakarta Timur,3,2,1,128.0,120.0
9258,9259,1070000000,Salemba,Jakarta Pusat,2,2,1,31.0,59.0
9259,9260,179000000000,Senen,Jakarta Pusat,2,2,2,51.0,78.0
9260,9261,27000000000,Pancoran,Jakarta Selatan,5,4,4,2072.0,618.0
9261,9262,12800000000,Pantai Indah Kapuk,Jakarta Utara,4,3,1,240.0,360.0
9262,9263,3500000000,Pantai Indah Kapuk,Jakarta Utara,4,3,1,90.0,120.0
9263,9264,3200000000,Metland Puri,Jakarta Barat,3,2,1,107.0,95.0
9264,9265,60000000000,Sunter,Jakarta Utara,6,7,6,2078.0,1522.0
9265,9266,3100000000,Muara Karang,Jakarta Utara,3,2,1,120.0,180.0
9266,9267,2700000000,Pantai Indah Kapuk,Jakarta Utara,3,3,1,46.0,64.0
9267,9268,3600000000,Kalideres,Jakarta Barat,4,3,1,144.0,207.0
9268,9269,13900000000,Green garden,Jakarta Barat,7,3,3,795.0,984.0
9269,9270,18500000000,Daan Mogot,Jakarta Barat,5,3,10,521.0,450.0
9270,9271,13000000000,Pantai Indah Kapuk,Jakarta Utara,4,5,2,300.0,500.0
9271,9272,8200000000,Muara Karang,Jakarta Utara,4,4,2,300.0,432.0
9272,9273,28000000000,Sunter,Jakarta Utara,6,4,6,1040.0,1700.0
9273,9274,16800000000,Pantai Indah Kapuk,Jakarta Utara,6,6,2,358.0,800.0
9274,9275,4500000000,Jelambar,Jakarta Barat,5,3,2,266.0,350.0
9275,9276,9000000000,Tomang,Jakarta Barat,5,4,1,250.0,550.0
9276,9277,2000000000,Pantai Indah Kapuk,Jakarta Utara,2,2,1,48.0,64.0
9277,9278,13500000000,Muara Karang,Jakarta Utara,5,4,3,520.0,600.0
9278,9279,5800000000,Pluit,Jakarta Utara,5,5,1,148.0,400.0
9279,9280,3100000000,Pantai Indah Kapuk,Jakarta Utara,2,2,1,77.0,100.0
9280,9281,5800000000,Muara Karang,Jakarta Utara,4,3,1,200.0,300.0
9281,9282,2650000000,Tanjung Duren,Jakarta Barat,5,4,2,67.0,185.0
9282,9283,2900000000,Sawah Besar,Jakarta Pusat,4,4,0,140.0,156.0
9283,9284,12000000000,Pantai Indah Kapuk,Jakarta Utara,3,3,1,311.0,423.0
9284,9285,3350000000,Cibubur,Jakarta Timur,4,5,3,180.0,250.0
9285,9286,8000000000,Pejaten,Jakarta Selatan,5,3,1,316.0,382.0
9286,9287,32000000000,Kemang,Jakarta Selatan,5,4,1,1003.0,1500.0
9287,9288,7500000000,Tebet,Jakarta Selatan,6,6,3,400.0,500.0
9288,9289,6600000000,Lebak Bulus,Jakarta Selatan,4,4,2,235.0,292.0
9289,9290,7200000000,Sunrise Garden,Jakarta Barat,3,3,1,400.0,250.0
9290,9291,31000000000,Kebayoran Baru,Jakarta Selatan,4,3,2,409.0,329.0
9291,9292,7000000000,Kedoya,Jakarta Barat,5,3,2,458.0,350.0
9292,9293,2100000000,Muara Karang,Jakarta Utara,3,2,1,120.0,80.0
9293,9294,2500000000,Muara Karang,Jakarta Utara,3,3,1,67.0,250.0
9294,9295,3900000000,Pondok Indah,Jakarta Selatan,3,2,2,138.0,170.0
9295,9296,1050000000,Cijantung,Jakarta Timur,3,2,1,51.0,84.0
9296,9297,2800000000,Green garden,Jakarta Barat,3,3,1,144.0,200.0
9297,9298,28000000000,Cilandak,Jakarta Selatan,5,4,2,1000.0,1400.0
9298,9299,2500000000,Taman Palem,Jakarta Barat,2,2,1,65.0,90.0
9299,9300,85000000000,Menteng,Jakarta Pusat,5,5,3,980.0,550.0
9300,9301,6700000000,Green Ville,Jakarta Barat,4,4,2,260.0,600.0
9301,9302,3300000000,Joglo,Jakarta Barat,3,2,1,108.0,150.0
9302,9303,9800000000,Green garden,Jakarta Barat,3,4,2,300.0,600.0
9303,9304,23000000000,Intercon,Jakarta Barat,6,5,2,720.0,500.0
9304,9305,1850000000,Pantai Indah Kapuk,Jakarta Utara,2,2,1,60.0,80.0
9305,9306,8000000000,Petojo,Jakarta Pusat,4,3,1,268.0,200.0
9306,9307,3700000000,Sunrise Garden,Jakarta Barat,3,2,2,105.0,180.0
9307,9308,1900000000,Taman Ratu,Jakarta Barat,2,2,0,90.0,100.0
9308,9309,1700000000,Taman Ratu,Jakarta Barat,3,2,1,119.0,200.0
9309,9310,1950000000,Pantai Indah Kapuk 2,Jakarta Utara,2,1,2,60.0,80.0
9310,9311,8000000000,Slipi,Jakarta Barat,6,3,3,250.0,250.0
9311,9312,9500000000,Bendungan Hilir,Jakarta Pusat,0,0,2,141.0,123.0
9312,9313,9000000000,Salemba,Jakarta Pusat,7,7,3,376.0,650.0
9313,9314,6200000000,Taman Grisenda,Jakarta Utara,6,4,0,200.0,400.0
9314,9315,2300000000,Rawamangun,Jakarta Timur,5,3,1,274.0,180.0
9315,9316,8000000000,Pondok Indah,Jakarta Selatan,3,3,1,180.0,192.0
9316,9317,10900000000,Lebak Bulus,Jakarta Selatan,4,3,2,446.0,500.0
9317,9318,57800000000,Menteng,Jakarta Pusat,5,4,2,742.0,556.0
9318,9319,25000000000,Intercon,Jakarta Barat,5,5,2,890.0,900.0
9319,9320,2150000000,Sunter,Jakarta Utara,3,2,2,70.0,80.0
9320,9321,800000000,Senen,Jakarta Pusat,3,2,1,34.0,95.0
9321,9322,3200000000,Pantai Indah Kapuk 2,Jakarta Utara,3,3,0,75.0,1.0
9322,9323,7500000000,Pantai Indah Kapuk,Jakarta Utara,3,3,1,175.0,1.0
9323,9324,4900000000,Pejaten,Jakarta Selatan,5,4,1,340.0,325.0
9324,9325,5900000000,Sunrise Garden,Jakarta Barat,3,3,0,150.0,200.0
9325,9326,13500000000,Jagakarsa,Jakarta Selatan,5,4,3,1000.0,250.0
9326,9327,3000000000,Kav DKI,Jakarta Barat,1,1,0,250.0,100.0
9327,9328,4900000000,Kebon Jeruk,Jakarta Barat,5,3,3,330.0,270.0
9328,9329,2900000000,Kav DKI,Jakarta Barat,3,2,2,125.0,336.0
9329,9330,1750000000,Tanjung Duren Selatan,Jakarta Barat,4,3,1,52.0,138.0
9330,9331,16900000000,Permata Buana,Jakarta Barat,5,4,0,470.0,550.0
9331,9332,1990000000,Duri Kepa,Jakarta Barat,4,3,1,62.0,160.0
9332,9333,1450000000,Semanan,Jakarta Barat,2,2,1,60.0,66.0
9333,9334,4000000000,Srengseng,Jakarta Barat,11,11,0,88.0,200.0
9334,9335,2850000000,Joglo,Jakarta Barat,3,5,1,180.0,300.0
9335,9336,2190000000,Duri Kepa,Jakarta Barat,4,3,1,65.0,165.0
9336,9337,9000000000,Permata Hijau,Jakarta Selatan,4,3,2,350.0,310.0
9337,9338,2800000000,Joglo,Jakarta Barat,3,3,1,88.0,73.0
9338,9339,2600000000,Kebon Jeruk,Jakarta Barat,5,3,0,148.0,250.0
9339,9340,2750000000,Pesanggrahan,Jakarta Selatan,4,3,1,200.0,200.0
9340,9341,3000000000,Duri Kepa,Jakarta Barat,4,4,2,102.0,192.0
9341,9342,6500000000,Alfa Indah,Jakarta Barat,3,2,0,425.0,300.0
9342,9343,10500000000,Kedoya Selatan,Jakarta Barat,4,3,3,523.0,850.0
9343,9344,6500000000,Green garden,Jakarta Barat,5,4,0,300.0,297.0
9344,9345,3890000000,Kembangan,Jakarta Barat,3,3,1,150.0,160.0
9345,9346,2900000000,Cengkareng Barat,Jakarta Barat,4,3,2,126.0,350.0
9346,9347,6000000000,Pluit,Jakarta Utara,4,3,1,195.0,290.0
9347,9348,7250000000,Intercon,Jakarta Barat,4,3,2,324.0,243.0
9348,9349,2600000000,Puri Media,Jakarta Barat,3,2,1,90.0,110.0
9349,9350,4500000000,Cirendeu,Jakarta Selatan,4,4,0,330.0,400.0
9350,9351,7000000000,Intercon,Jakarta Barat,5,3,2,270.0,300.0
9351,9352,6900000000,Duri Kepa,Jakarta Barat,3,3,3,428.0,200.0
9352,9353,53000000000,Simprug,Jakarta Selatan,4,4,2,683.0,506.0
9353,9354,9500000000,Veteran,Jakarta Selatan,3,3,2,306.0,257.0
9354,9355,6600000000,Intercon,Jakarta Barat,4,3,2,272.0,400.0
9355,9356,17000000000,Intercon,Jakarta Barat,5,3,2,600.0,650.0
9356,9357,14700000000,Cilandak,Jakarta Selatan,5,4,12,700.0,250.0
9357,9358,20000000000,Pondok Indah,Jakarta Selatan,4,4,2,664.0,896.0
9358,9359,3100000000,Mampang,Jakarta Selatan,6,2,0,228.0,180.0
9359,9360,2700000000,Pondok Bambu,Jakarta Timur,4,3,1,150.0,173.0
9360,9361,4750000000,Cilandak,Jakarta Selatan,3,3,0,112.0,310.0
9361,9362,3200000000,Cipinang,Jakarta Timur,4,3,2,183.0,250.0
9362,9363,9500000000,Pantai Indah Kapuk,Jakarta Utara,5,3,0,225.0,1.0
9363,9364,1400000000,Pantai Indah Kapuk,Jakarta Utara,2,2,0,60.0,1.0
9364,9365,1250000000,Rawamangun,Jakarta Timur,2,2,0,97.0,85.0
9365,9366,5000000000,Duren Sawit,Jakarta Timur,5,5,4,375.0,290.0
9366,9367,4500000000,Daan Mogot,Jakarta Barat,4,3,2,200.0,335.0
9367,9368,18000000000,Kebayoran Lama,Jakarta Selatan,4,3,2,410.0,500.0
9368,9369,10000000000,Kedoya,Jakarta Barat,4,4,0,90.0,360.0
9369,9370,9000000000,Penjaringan,Jakarta Utara,5,4,2,213.0,600.0
9370,9371,1700000000,Jagakarsa,Jakarta Selatan,4,4,2,78.0,130.0
9371,9372,1300000000,Jagakarsa,Jakarta Selatan,3,3,1,90.0,150.0
9372,9373,3600000000,Jagakarsa,Jakarta Selatan,5,5,0,139.0,250.0
9373,9374,7250000000,Intercon,Jakarta Barat,4,3,1,324.0,500.0
9374,9375,12500000000,Intercon,Jakarta Barat,5,5,2,250.0,450.0
9375,9376,10900000000,Puri Indah,Jakarta Barat,3,3,1,360.0,287.0
9376,9377,2650000000,Kelapa Gading,Jakarta Utara,3,3,0,120.0,200.0
9377,9378,10000000000,Intercon,Jakarta Barat,4,4,2,450.0,600.0
9378,9379,2900000000,Taman Ratu,Jakarta Barat,3,2,2,90.0,189.0
9379,9380,29900000000,Mampang Prapatan,Jakarta Selatan,4,4,14,973.0,1148.0
9380,9381,4300000000,Duri Kepa,Jakarta Barat,4,2,3,200.0,175.0
9381,9382,70000000000,Pancoran,Jakarta Selatan,8,6,6,2550.0,1017.0
9382,9383,3950000000,Kelapa Gading,Jakarta Utara,6,3,0,180.0,300.0
9383,9384,2700000000,Jakarta Garden City,Jakarta Timur,3,2,2,105.0,86.0
9384,9385,6900000000,Kedoya,Jakarta Barat,4,4,2,300.0,450.0
9385,9386,12000000000,Kemang,Jakarta Selatan,4,3,3,224.0,425.0
9386,9387,3700000000,Kelapa Gading,Jakarta Utara,21,0,0,112.0,250.0
9387,9388,1400000000,Jatinegara,Jakarta Timur,2,2,1,90.0,60.0
9388,9389,2300000000,Jatinegara,Jakarta Timur,2,2,1,170.0,60.0
9389,9390,1700000000,Jatinegara,Jakarta Timur,4,3,2,97.0,126.0
9390,9391,3300000000,Rawamangun,Jakarta Timur,5,3,2,185.0,200.0
9391,9392,4000000000,Kayu Putih,Jakarta Timur,5,3,0,250.0,300.0
9392,9393,3150000000,Taman Ratu,Jakarta Barat,9,4,2,126.0,270.0
9393,9394,13500000000,Menteng,Jakarta Pusat,4,2,1,457.0,428.0
9394,9395,6500000000,Kebayoran Baru,Jakarta Selatan,3,3,1,252.0,130.0
9395,9396,10500000000,Duren Sawit,Jakarta Timur,0,0,0,242.0,744.0
9396,9397,5700000000,Tebet,Jakarta Selatan,3,1,1,196.0,180.0
9397,9398,2890000000,Tebet,Jakarta Selatan,3,1,1,130.0,120.0
9398,9399,3400000000,Tebet,Jakarta Selatan,4,2,2,160.0,155.0
9399,9400,4700000000,Kelapa Gading,Jakarta Utara,4,4,0,190.0,250.0
9400,9401,7000000000,Sunter,Jakarta Utara,5,5,2,150.0,354.0
9401,9402,12500000000,Jagakarsa,Jakarta Selatan,5,3,10,750.0,520.0
9402,9403,9500000000,Kemang,Jakarta Selatan,4,3,1,204.0,439.0
9403,9404,3600000000,Taman Ratu,Jakarta Barat,3,3,1,96.0,200.0
9404,9405,4000000000,Kelapa Gading,Jakarta Utara,3,3,0,100.0,145.0
9406,9407,55000000000,Pondok Indah,Jakarta Selatan,6,6,0,1170.0,1500.0
9407,9408,4000000000,Pejaten,Jakarta Selatan,5,4,1,237.0,205.0
9408,9409,2200000000,Sunter,Jakarta Utara,3,3,1,67.0,150.0
9409,9410,9000000000,Sunter,Jakarta Utara,6,6,2,200.0,600.0
9410,9411,3900000000,Sunter,Jakarta Utara,0,5,1,96.0,220.0
9411,9412,2500000000,Kelapa Gading,Jakarta Utara,3,2,1,102.0,100.0
9412,9413,2700000000,Legenda Wisata,Jakarta Timur,4,4,2,258.0,300.0
9413,9414,3400000000,Cibubur,Jakarta Timur,0,4,2,180.0,250.0
9414,9415,7500000000,Cipinang Melayu,Jakarta Timur,7,6,2,385.0,400.0
9415,9416,2000000000,Legenda Wisata,Jakarta Timur,3,3,2,200.0,151.0
9416,9417,8500000000,Bintaro,Jakarta Selatan,31,31,0,210.0,450.0
9417,9418,1680000000,Raffles Hills,Jakarta Timur,3,2,1,112.0,120.0
9418,9419,2700000000,Pasar Minggu,Jakarta Selatan,3,2,1,226.0,180.0
9419,9420,1800000000,Citra Grand,Jakarta Timur,3,2,2,120.0,105.0
9420,9421,12000000000,Kemang,Jakarta Selatan,4,3,1,371.0,600.0
9421,9422,1350000000,Raffles Hills,Jakarta Timur,3,2,1,98.0,150.0
9422,9423,1150000000,Raffles Hills,Jakarta Timur,2,1,1,96.0,96.0
9423,9424,2950000000,Kota Wisata,Jakarta Timur,3,3,2,181.0,250.0
9424,9425,10500000000,Pantai Indah Kapuk,Jakarta Utara,4,4,2,234.0,250.0
9425,9426,5150000000,Kebayoran Baru,Jakarta Selatan,4,2,2,200.0,144.0
9426,9427,24000000000,Pantai Indah Kapuk,Jakarta Utara,4,5,0,555.0,1000.0
9427,9428,22500000000,Pantai Indah Kapuk,Jakarta Utara,5,5,0,450.0,900.0
9428,9429,12500000000,Tebet,Jakarta Selatan,4,3,1,320.0,205.0
9429,9430,22000000000,Permata Hijau,Jakarta Selatan,3,3,1,550.0,400.0
9430,9431,5200000000,Pluit,Jakarta Utara,3,3,0,200.0,300.0
9431,9432,23000000000,Kebayoran Baru,Jakarta Selatan,4,4,1,525.0,450.0
9432,9433,165000000000,Senopati,Jakarta Selatan,6,6,5,1090.0,670.0
9433,9434,5300000000,Sunter,Jakarta Utara,6,5,1,114.0,266.0
9434,9435,16000000000,Kelapa Gading,Jakarta Utara,6,4,2,360.0,700.0
9435,9436,1980000000,Bambu Apus,Jakarta Timur,3,3,2,107.0,130.0
9436,9437,2900000000,Kelapa Gading,Jakarta Utara,4,3,2,105.0,252.0
9437,9438,990000000,Duren Sawit,Jakarta Timur,4,2,1,100.0,130.0
9438,9439,19500000000,Pesanggrahan,Jakarta Selatan,4,4,0,1665.0,600.0
9439,9440,3900000000,Tebet,Jakarta Selatan,4,3,2,135.0,150.0
9440,9441,5600000000,Kemang,Jakarta Selatan,5,4,4,189.0,320.0
9441,9442,1350000000,Pondok Kelapa,Jakarta Timur,2,1,1,90.0,72.0
9442,9443,4600000000,Pondok Bambu,Jakarta Timur,4,4,1,150.0,400.0
9443,9444,3000000000,Duren Sawit,Jakarta Timur,4,3,1,131.0,200.0
9444,9445,1350000000,Pondok Kelapa,Jakarta Timur,2,2,1,90.0,75.0
9445,9446,2370000000,Pondok Kelapa,Jakarta Timur,3,2,2,112.0,170.0
9446,9447,1270000000,Pondok Kelapa,Jakarta Timur,5,2,1,100.0,180.0
9447,9448,395000000,Johar Baru,Jakarta Pusat,4,4,0,41.0,82.0
9448,9449,2150000000,Kembangan,Jakarta Barat,3,3,2,100.0,135.0
9449,9450,890000000,Duren Sawit,Jakarta Timur,3,1,0,78.0,60.0
9450,9451,780000000,Pondok Kelapa,Jakarta Timur,2,1,0,67.0,37.0
9451,9452,18000000000,Gandaria,Jakarta Selatan,5,3,0,570.0,600.0
9452,9453,6250000000,Tebet,Jakarta Selatan,4,3,1,145.0,262.0
9453,9454,2000000000,Tebet,Jakarta Selatan,3,2,2,60.0,110.0
9454,9455,4500000000,Mampang,Jakarta Selatan,3,2,0,220.0,176.0
9455,9456,15000000000,Radio Dalam,Jakarta Selatan,4,4,2,307.0,360.0
9456,9457,6000000000,Pantai Indah Kapuk 2,Jakarta Utara,4,4,2,150.0,214.0
9457,9458,13000000000,Ancol,Jakarta Utara,4,4,0,525.0,675.0
9458,9459,3850000000,Bintaro,Jakarta Selatan,4,3,1,300.0,200.0
9459,9460,6210000000,Sunter,Jakarta Utara,4,3,0,270.0,230.0
9460,9461,15500000000,Kemang,Jakarta Selatan,4,4,4,1150.0,370.0
9461,9462,16000000000,Cipete,Jakarta Selatan,5,3,2,736.0,800.0
9462,9463,2500000000,Manggarai,Jakarta Selatan,3,3,2,105.0,162.0
9463,9464,5500000000,Bintaro,Jakarta Selatan,5,4,2,475.0,300.0
9464,9465,5500000000,Lebak Bulus,Jakarta Selatan,5,5,0,114.0,260.0
9465,9466,5000000000,Pejaten Timur,Jakarta Selatan,3,4,0,440.0,600.0
9466,9467,3900000000,Bintaro,Jakarta Selatan,5,4,2,475.0,300.0
9467,9468,7400000000,Pondok Indah,Jakarta Selatan,4,4,2,194.0,350.0
9468,9469,22000000000,Kemang,Jakarta Selatan,5,4,3,741.0,550.0
9469,9470,3500000000,Sektor 2 - Bintaro,Jakarta Selatan,3,4,2,215.0,230.0
9470,9471,4800000000,Cengkareng,Jakarta Barat,4,3,1,144.0,208.0
9471,9472,49000000000,Menteng,Jakarta Pusat,6,5,3,1070.0,650.0
9472,9473,65000000000,Radio Dalam,Jakarta Selatan,7,8,8,890.0,1285.0
9473,9474,26500000000,Kemang,Jakarta Selatan,5,5,4,912.0,700.0
9474,9475,15900000000,Gandaria,Jakarta Selatan,4,4,2,391.0,372.0
9475,9476,15000000000,Kebayoran Baru,Jakarta Selatan,5,4,0,265.0,215.0
9476,9477,27000000000,Pantai Indah Kapuk,Jakarta Utara,5,5,2,920.0,1100.0
9477,9478,9000000000,Menteng,Jakarta Pusat,5,3,1,319.0,250.0
9478,9479,9000000000,Ancol,Jakarta Utara,38,42,3,390.0,1250.0
9479,9480,10000000000,Lebak Bulus,Jakarta Selatan,6,5,2,452.0,550.0
9480,9481,5350000000,Tebet,Jakarta Selatan,4,2,1,156.0,200.0
9481,9482,1300000000,Meruya,Jakarta Barat,3,2,1,150.0,100.0
9482,9483,11000000000,Karang Anyar,Jakarta Pusat,47,47,0,142.0,142.0
9483,9484,1830000000,Tebet,Jakarta Selatan,3,1,0,80.0,70.0
9484,9485,23000000000,Kebayoran Baru,Jakarta Selatan,7,4,2,395.0,238.0
9485,9486,32000000000,Menteng,Jakarta Pusat,5,5,2,568.0,450.0
9486,9487,3300000000,Petojo,Jakarta Pusat,3,2,0,185.0,160.0
9487,9488,3800000000,Kebon Jeruk,Jakarta Barat,5,2,2,173.0,128.0
9488,9489,4500000000,Tebet,Jakarta Selatan,4,3,2,133.0,200.0
9489,9490,16000000000,Tanjung Barat,Jakarta Selatan,4,3,4,700.0,500.0
9490,9491,65000000000,Menteng,Jakarta Pusat,13,13,0,860.0,1600.0
9491,9492,9900000000,Duren Tiga,Jakarta Selatan,4,3,2,418.0,350.0
9492,9493,5300000000,Cengkareng,Jakarta Barat,3,3,2,160.0,192.0
9493,9494,14000000000,Setiabudi,Jakarta Selatan,5,5,0,280.0,250.0
9494,9495,138000000000,Menteng,Jakarta Pusat,6,7,3,1225.0,800.0
9495,9496,15000000000,Tebet,Jakarta Selatan,5,5,0,413.0,600.0
9496,9497,7800000000,Fatmawati,Jakarta Selatan,4,4,5,348.0,325.0
9497,9498,35000000000,Kuningan,Jakarta Selatan,5,4,2,500.0,560.0
9498,9499,4700000000,Lebak Bulus,Jakarta Selatan,4,3,1,225.0,350.0
9499,9500,6200000000,Duren Sawit,Jakarta Timur,10,6,5,550.0,340.0
9500,9501,15500000000,Cilandak,Jakarta Selatan,4,3,2,688.0,300.0
9501,9502,5500000000,Bintaro,Jakarta Selatan,5,3,2,304.0,250.0
9502,9503,12500000000,Jagakarsa,Jakarta Selatan,5,4,10,750.0,520.0
9503,9504,6000000000,Jagakarsa,Jakarta Selatan,4,4,0,227.0,300.0
9504,9505,1100000000,Kalisari,Jakarta Timur,3,2,1,54.0,80.0
9505,9506,4300000000,Pulomas,Jakarta Timur,4,2,2,259.0,300.0
9506,9507,5850000000,Pulomas,Jakarta Timur,18,8,0,350.0,432.0
9507,9508,45000000000,Pondok Indah,Jakarta Selatan,7,4,6,1235.0,690.0
9508,9509,12500000000,Jagakarsa,Jakarta Selatan,5,4,0,750.0,520.0
9509,9510,1100000000,Kalisari,Jakarta Timur,3,2,1,54.0,80.0
9510,9511,1950000000,Kebagusan,Jakarta Selatan,3,2,1,201.0,250.0
9511,9512,5700000000,Sunter,Jakarta Utara,4,3,1,200.0,330.0
9512,9513,1950000000,Pasar Minggu,Jakarta Selatan,3,2,1,201.0,250.0
9513,9514,5000000000,Tambora,Jakarta Barat,0,3,1,172.0,232.0
9514,9515,8000000000,Sunter,Jakarta Utara,5,4,2,419.0,720.0
9515,9516,750000000,Cengkareng,Jakarta Barat,2,1,0,40.0,80.0
9516,9517,1800000000,Cengkareng,Jakarta Barat,4,2,0,90.0,180.0
9517,9518,880000000,Cengkareng,Jakarta Barat,2,2,1,48.0,48.0
9518,9519,2500000000,Kapuk,Jakarta Utara,4,2,0,100.0,250.0
9519,9520,2500000000,Citra Garden,Jakarta Barat,3,3,0,75.0,152.0
9520,9521,1200000000,Citra Garden,Jakarta Barat,0,2,0,48.0,48.0
9521,9522,12500000000,Pantai Indah Kapuk,Jakarta Utara,3,3,0,338.0,265.0
9522,9523,15000000000,Pantai Indah Kapuk,Jakarta Utara,3,3,0,360.0,340.0
9523,9524,1950000000,Citra Garden,Jakarta Barat,4,3,0,136.0,150.0
9524,9525,2650000000,Metland Puri,Jakarta Barat,4,3,1,100.0,160.0
9525,9526,4000000000,Metland Puri,Jakarta Barat,3,4,2,135.0,250.0
9526,9527,6000000000,Kebayoran Baru,Jakarta Selatan,2,1,1,83.0,90.0
9527,9528,2500000000,Ciracas,Jakarta Timur,2,2,1,244.0,244.0
9528,9529,700000000,Cengkareng,Jakarta Barat,1,1,0,66.0,36.0
9529,9530,1750000000,Legenda Wisata,Jakarta Timur,3,2,2,164.0,175.0
9530,9531,2300000000,Pondok Bambu,Jakarta Timur,4,4,2,93.0,140.0
9531,9532,65000000000,Menteng,Jakarta Pusat,13,10,0,860.0,1600.0
9532,9533,16000000000,Pondok Indah,Jakarta Selatan,4,4,2,202.0,350.0
9533,9534,2700000000,Cibubur,Jakarta Timur,5,5,2,170.0,189.0
9534,9535,2500000000,Jagakarsa,Jakarta Selatan,3,4,0,121.0,160.0
9535,9536,15500000000,Pondok Indah,Jakarta Selatan,4,3,2,273.0,560.0
9536,9537,1400000000,Cibubur,Jakarta Timur,4,3,2,152.0,220.0
9537,9538,1750000000,Kemayoran,Jakarta Pusat,3,3,1,61.0,115.0
9538,9539,18000000000,Cipete,Jakarta Selatan,4,4,8,899.0,468.0
9539,9540,29900000000,Kemang,Jakarta Selatan,4,4,0,973.0,1148.0
9540,9541,4500000000,Jelambar,Jakarta Barat,4,3,2,232.0,377.0
9541,9542,5100000000,Pantai Indah Kapuk,Jakarta Utara,3,3,0,150.0,250.0
9542,9543,3100000000,Pantai Indah Kapuk,Jakarta Utara,2,2,1,77.0,96.0
9543,9544,2500000000,Ciganjur,Jakarta Selatan,3,4,2,128.0,185.0
9544,9545,2500000000,Cipedak,Jakarta Selatan,3,4,2,128.0,185.0
9545,9546,2500000000,Ragunan,Jakarta Selatan,3,4,2,128.0,185.0
9546,9547,2500000000,Cinere,Jakarta Selatan,3,4,2,128.0,185.0
9547,9548,2500000000,Pondok Labu,Jakarta Selatan,3,4,2,128.0,185.0
9548,9549,2500000000,Pejaten Timur,Jakarta Selatan,3,4,2,128.0,185.0
9549,9550,2500000000,Tanjung Barat,Jakarta Selatan,3,4,2,128.0,185.0
9550,9551,2500000000,Pejaten,Jakarta Selatan,3,4,2,128.0,185.0
9551,9552,2500000000,Kebagusan,Jakarta Selatan,3,4,2,128.0,185.0
9552,9553,2500000000,Jati Padang,Jakarta Selatan,3,4,2,128.0,185.0
9553,9554,8000000000,Pondok Indah,Jakarta Selatan,5,5,2,380.0,275.0
9554,9555,7000000000,Sunter,Jakarta Utara,7,5,0,216.0,436.0
9555,9556,1600000000,Sunter,Jakarta Utara,2,1,0,78.0,1.0
9556,9557,1600000000,Sunter,Jakarta Utara,2,1,0,78.0,1.0
9557,9558,2950000000,Pondok Kelapa,Jakarta Timur,6,3,1,150.0,220.0
9558,9559,3750000000,Slipi,Jakarta Barat,0,0,0,222.0,1.0
9559,9560,1850000000,Duren Sawit,Jakarta Timur,4,2,0,67.0,110.0
9560,9561,24700000000,Jelambar,Jakarta Barat,3,2,12,825.0,300.0
9561,9562,7000000000,Sunter,Jakarta Utara,6,4,0,194.0,400.0
9562,9563,1900000000,Pondok Kelapa,Jakarta Timur,4,3,1,120.0,170.0
9563,9564,6200000000,Sunter,Jakarta Utara,0,0,0,264.0,282.0
9564,9565,2000000000,Gunung Sahari,Jakarta Pusat,5,2,0,108.0,182.0
9565,9566,6700000000,Karang Anyar,Jakarta Pusat,7,6,6,338.0,417.0
9566,9567,15000000000,Pulomas,Jakarta Timur,6,4,3,556.0,400.0
9567,9568,5600000000,Sunter,Jakarta Utara,5,4,2,240.0,360.0
9568,9569,5500000000,Kelapa Gading,Jakarta Utara,0,0,0,260.0,1.0
9569,9570,2950000000,Cirendeu,Jakarta Selatan,4,5,2,224.0,200.0
9570,9571,23000000000,Pantai Indah Kapuk,Jakarta Utara,5,4,4,450.0,721.0
9571,9572,7700000000,Permata Buana,Jakarta Barat,3,3,1,160.0,250.0
9572,9573,20500000000,Pondok Indah,Jakarta Selatan,4,3,2,391.0,374.0
9573,9574,7500000000,Puri Indah,Jakarta Barat,5,4,1,192.0,579.0
9574,9575,5500000000,Pluit,Jakarta Utara,3,3,1,108.0,281.0
9575,9576,8000000000,Citra Garden,Jakarta Barat,7,6,4,360.0,700.0
9576,9577,4700000000,Pantai Indah Kapuk,Jakarta Utara,3,3,1,120.0,120.0
9577,9578,8500000000,Cirendeu,Jakarta Selatan,4,4,2,326.0,396.0
9578,9579,1450000000,Pesanggrahan,Jakarta Selatan,5,5,0,223.0,180.0
9579,9580,6600000000,Kebon Jeruk,Jakarta Barat,5,5,4,630.0,500.0
9580,9581,3150000000,Sunter,Jakarta Utara,3,3,0,98.0,1.0
9581,9582,2970000000,Sunter,Jakarta Utara,3,2,0,174.0,1.0
9582,9583,7200000000,Cilandak,Jakarta Selatan,6,6,4,339.0,280.0
9583,9584,2250000000,Sunter,Jakarta Utara,3,2,1,96.0,1.0
9584,9585,2600000000,Sunter,Jakarta Utara,3,2,0,96.0,1.0
9585,9586,2300000000,Sunter,Jakarta Utara,3,2,1,132.0,1.0
9586,9587,1900000000,Sunter,Jakarta Utara,2,1,1,96.0,1.0
9587,9588,9800000000,Jatiwaringin,Jakarta Timur,4,2,2,550.0,300.0
9588,9589,13500000000,Kemayoran,Jakarta Pusat,3,2,0,676.0,250.0
9589,9590,2700000000,Sunter,Jakarta Utara,2,2,1,144.0,1.0
9590,9591,2450000000,Sunter,Jakarta Utara,3,2,0,128.0,1.0
9591,9592,11000000000,Duri Kepa,Jakarta Barat,6,5,4,550.0,700.0
9592,9593,1980000000,Sunter,Jakarta Utara,2,1,0,96.0,1.0
9593,9594,4000000000,Sunter,Jakarta Utara,4,2,0,198.0,1.0
9594,9595,1700000000,Sunter,Jakarta Utara,4,1,0,78.0,1.0
9595,9596,3600000000,Sunter,Jakarta Utara,4,3,1,96.0,1.0
9596,9597,1000000000,Tanjung Priok,Jakarta Utara,4,3,1,78.0,100.0
9597,9598,7500000000,Sunter,Jakarta Utara,3,3,2,267.0,1.0
9598,9599,2950000000,Kelapa Gading,Jakarta Utara,3,2,0,125.0,250.0
9599,9600,8100000000,Lebak Bulus,Jakarta Selatan,5,4,2,500.0,305.0
9600,9601,5600000000,Permata Buana,Jakarta Barat,4,3,0,144.0,230.0
9601,9602,16900000000,Pondok Indah,Jakarta Selatan,4,4,2,408.0,400.0
9602,9603,13500000000,Klender,Jakarta Timur,6,3,2,410.0,600.0
9603,9604,13500000000,Ancol,Jakarta Utara,6,3,2,410.0,600.0
9604,9605,13500000000,Kelapa Gading,Jakarta Utara,6,3,2,410.0,600.0
9605,9606,21000000000,Pondok Indah,Jakarta Selatan,5,5,2,543.0,400.0
9606,9607,1500000000,Daan Mogot,Jakarta Barat,3,2,1,120.0,280.0
9607,9608,4020000000,Cilandak,Jakarta Selatan,3,2,2,199.0,398.0
9608,9609,3600000000,Pondok Kelapa,Jakarta Timur,4,3,2,345.0,400.0
9609,9610,5450000000,Permata Buana,Jakarta Barat,3,2,1,200.0,160.0
9610,9611,864000000,Kalisari,Jakarta Timur,3,2,1,60.0,54.0
9611,9612,1300000000,Pondok Kelapa,Jakarta Timur,3,2,1,78.0,120.0
9612,9613,9500000000,Pondok Indah,Jakarta Selatan,4,3,2,300.0,400.0
9613,9614,630000000,Cipayung,Jakarta Timur,3,1,1,77.0,50.0
9614,9615,3500000000,Pondok Kelapa,Jakarta Timur,6,5,3,406.0,300.0
9615,9616,2100000000,Pondok Kelapa,Jakarta Timur,4,4,1,108.0,203.0
9616,9617,25000000000,Pondok Indah,Jakarta Selatan,4,3,2,693.0,484.0
9617,9618,17500000000,Lebak Bulus,Jakarta Selatan,6,4,10,650.0,684.0
9618,9619,800000000,Cipayung,Jakarta Timur,3,2,0,60.0,63.0
9619,9620,5800000000,Lebak Bulus,Jakarta Selatan,4,3,1,305.0,250.0
9620,9621,625000000,Cipayung,Jakarta Timur,2,2,1,57.0,120.0
9621,9622,890000000,Cipayung,Jakarta Timur,4,3,2,97.0,90.0
9622,9623,3400000000,Cengkareng,Jakarta Barat,3,3,1,120.0,123.0
9623,9624,29500000000,Ancol,Jakarta Utara,5,5,2,450.0,1100.0
9624,9625,11000000000,Pantai Indah Kapuk,Jakarta Utara,4,4,1,192.0,200.0
9625,9626,6000000000,Cengkareng,Jakarta Barat,4,4,2,200.0,208.0
9626,9627,4100000000,Jagakarsa,Jakarta Selatan,8,3,3,190.0,277.0
9627,9628,15000000000,Cinere,Jakarta Selatan,8,9,2,750.0,700.0
9628,9629,2650000000,Duren Sawit,Jakarta Timur,4,5,1,252.0,320.0
9629,9630,3200000000,Pantai Indah Kapuk 2,Jakarta Utara,3,3,2,60.0,138.0
9630,9631,4500000000,Kelapa Gading,Jakarta Utara,3,3,0,128.0,230.0
9631,9632,3600000000,Cempaka Putih,Jakarta Pusat,4,3,2,143.0,200.0
9632,9633,3500000000,Sunter,Jakarta Utara,3,2,2,178.0,123.0
9633,9634,1670000000,Kelapa Gading,Jakarta Utara,3,2,1,90.0,90.0
9634,9635,12000000000,Pulomas,Jakarta Timur,4,4,4,596.0,442.0
9635,9636,3500000000,Cilincing,Jakarta Utara,4,4,1,144.0,260.0
9636,9637,35000000000,Pondok Indah,Jakarta Selatan,10,8,14,804.0,600.0
9637,9638,5850000000,Cempaka Putih,Jakarta Pusat,4,3,2,169.0,290.0
9638,9639,2000000000,Sunter,Jakarta Utara,3,2,0,88.0,80.0
9639,9640,7500000000,Pondok Indah,Jakarta Selatan,3,3,2,120.0,200.0
9640,9641,7500000000,Pondok Indah,Jakarta Selatan,3,3,2,120.0,200.0
9641,9642,9500000000,Pondok Indah,Jakarta Selatan,3,3,1,200.0,350.0
9642,9643,7500000000,Pondok Indah,Jakarta Selatan,3,4,2,140.0,260.0
9643,9644,9500000000,Pondok Indah,Jakarta Selatan,3,2,0,170.0,330.0
9644,9645,5700000000,Bintaro,Jakarta Selatan,3,2,1,252.0,138.0
9645,9646,7300000000,Pondok Indah,Jakarta Selatan,4,3,1,149.0,220.0
9646,9647,8800000000,Pondok Indah,Jakarta Selatan,4,4,2,120.0,280.0
9647,9648,16000000000,Pondok Indah,Jakarta Selatan,5,4,2,320.0,300.0
9648,9649,7000000000,Pondok Indah,Jakarta Selatan,4,4,2,165.0,155.0
9649,9650,6900000000,Pondok Indah,Jakarta Selatan,2,2,2,120.0,200.0
9650,9651,6250000000,Pondok Indah,Jakarta Selatan,3,2,1,198.0,150.0
9651,9652,9500000000,Pondok Indah,Jakarta Selatan,4,4,1,202.0,280.0
9652,9653,4950000000,Pondok Indah,Jakarta Selatan,4,3,2,131.0,274.0
9653,9654,10700000000,Pondok Indah,Jakarta Selatan,3,3,1,225.0,248.0
9654,9655,4300000000,Pondok Indah,Jakarta Selatan,2,2,2,149.0,120.0
9655,9656,4500000000,Pondok Indah,Jakarta Selatan,2,2,2,120.0,150.0
9656,9657,6750000000,Pondok Indah,Jakarta Selatan,4,4,1,160.0,200.0
9657,9658,7200000000,Pondok Indah,Jakarta Selatan,3,2,2,120.0,200.0
9658,9659,14500000000,Pondok Indah,Jakarta Selatan,4,4,2,202.0,320.0
9659,9660,35000000000,Pondok Indah,Jakarta Selatan,4,3,2,535.0,1200.0
9660,9661,5750000000,Pondok Indah,Jakarta Selatan,3,3,1,140.0,200.0
9661,9662,6500000000,Pondok Indah,Jakarta Selatan,3,2,1,187.0,150.0
9662,9663,12000000000,Pondok Indah,Jakarta Selatan,2,3,1,250.0,360.0
9663,9664,750000000,Petukangan,Jakarta Selatan,2,1,2,69.0,36.0
9664,9665,13800000000,Mampang,Jakarta Selatan,3,2,0,868.0,292.0
9665,9666,35000000000,Pondok Indah,Jakarta Selatan,9,8,2,607.0,800.0
9666,9667,1300000000,Cibubur,Jakarta Timur,3,2,1,60.0,62.0
9667,9668,1980000000,Taman Palem,Jakarta Barat,3,2,1,57.0,70.0
9668,9669,80000000000,Mampang Prapatan,Jakarta Selatan,9,7,3,1976.0,550.0
9669,9670,8900000000,Kemang,Jakarta Selatan,5,3,3,326.0,500.0
9670,9671,16500000000,Cilandak,Jakarta Selatan,5,5,4,593.0,399.0
9671,9672,5500000000,Sunter,Jakarta Utara,3,3,2,180.0,221.0
9672,9673,3000000000,Rawamangun,Jakarta Timur,3,3,1,95.0,160.0
9673,9674,4700000000,Bintaro,Jakarta Selatan,5,4,2,270.0,360.0
9674,9675,85000000000,Kebayoran Baru,Jakarta Selatan,7,6,4,634.0,1500.0
9675,9676,3800000000,Tomang,Jakarta Barat,4,4,1,151.0,290.0
9676,9677,3400000000,Kebon Jeruk,Jakarta Barat,3,3,1,127.0,200.0
9677,9678,2200000000,Tomang,Jakarta Barat,2,1,1,90.0,50.0
9678,9679,1500000000,Kebon Jeruk,Jakarta Barat,0,0,0,185.0,100.0
9679,9680,2200000000,Tomang,Jakarta Barat,6,3,0,90.0,120.0
9680,9681,3600000000,Kelapa Dua,Jakarta Barat,4,2,1,288.0,202.0
9681,9682,7500000000,Tomang,Jakarta Barat,3,1,1,320.0,200.0
9682,9683,14900000000,Permata Buana,Jakarta Barat,1,1,0,200.0,800.0
9683,9684,5700000000,Kelapa Gading,Jakarta Utara,4,3,0,220.0,330.0
9684,9685,5250000000,Pejaten,Jakarta Selatan,7,3,1,200.0,325.0
9685,9686,1900000000,Sektor 2 - Bintaro,Jakarta Selatan,4,3,2,105.0,140.0
9686,9687,23000000000,Pantai Indah Kapuk,Jakarta Utara,5,4,2,450.0,700.0
9687,9688,3040000000,Permata Buana,Jakarta Barat,5,2,1,60.0,130.0
9688,9689,15000000000,Kebayoran Baru,Jakarta Selatan,7,2,2,222.0,180.0
9689,9690,4500000000,Bintaro,Jakarta Selatan,3,3,2,255.0,200.0
9690,9691,56000000000,Menteng,Jakarta Pusat,9,9,4,619.0,604.0
9691,9692,55000000000,Menteng,Jakarta Pusat,5,5,3,629.0,505.0
9692,9693,30000000000,Menteng,Jakarta Pusat,4,3,0,395.0,600.0
9693,9694,5800000000,Menteng,Jakarta Pusat,4,3,1,155.0,256.0
9694,9695,3700000000,Daan Mogot,Jakarta Barat,6,4,2,144.0,220.0
9695,9696,8850000000,Citra Garden,Jakarta Barat,4,3,2,240.0,386.0
9696,9697,11000000000,Green Lake City,Jakarta Barat,3,3,2,373.0,700.0
9697,9698,2500000000,Taman Surya,Jakarta Barat,3,2,1,108.0,195.0
9698,9699,13500000000,Pluit,Jakarta Utara,5,5,2,325.0,1100.0
9699,9700,26000000000,Kebon Jeruk,Jakarta Barat,2,3,3,900.0,500.0
9700,9701,9000000000,Pantai Indah Kapuk,Jakarta Utara,5,4,1,213.0,500.0
9701,9702,8800000000,Citra Garden,Jakarta Barat,4,3,2,248.0,357.0
9702,9703,2800000000,Taman Palem,Jakarta Barat,5,4,1,90.0,180.0
9703,9704,12500000000,Pantai Indah Kapuk,Jakarta Utara,4,5,2,290.0,380.0
9704,9705,9800000000,Citra Garden,Jakarta Barat,5,5,3,779.0,350.0
9705,9706,4600000000,Pejaten,Jakarta Selatan,3,3,2,138.0,220.0
9706,9707,87000000000,Simprug,Jakarta Selatan,4,4,2,1026.0,1100.0
9707,9708,9000000000,Tebet,Jakarta Selatan,6,5,6,330.0,330.0
9708,9709,9970000000,Permata Buana,Jakarta Barat,5,4,2,144.0,460.0
9709,9710,13000000000,Kebayoran Baru,Jakarta Selatan,4,3,3,226.0,260.0
9710,9711,13000000000,Sunrise Garden,Jakarta Barat,6,5,8,266.0,500.0
9711,9712,3500000000,Cideng,Jakarta Pusat,3,1,1,144.0,144.0
9712,9713,3300000000,Tomang,Jakarta Barat,4,4,2,135.0,250.0
9713,9714,2300000000,Cilandak,Jakarta Selatan,3,1,1,120.0,100.0
9714,9715,2400000000,Meruya,Jakarta Barat,5,4,2,125.0,150.0
9715,9716,2450000000,Meruya,Jakarta Barat,3,4,2,125.0,140.0
9716,9717,2150000000,Kav DKI,Jakarta Barat,3,3,2,100.0,135.0
9717,9718,3000000000,Kalideres,Jakarta Barat,5,4,0,137.0,306.0
9718,9719,80000000000,Menteng,Jakarta Pusat,5,4,0,873.0,600.0
9719,9720,25000000000,Pantai Indah Kapuk,Jakarta Utara,5,5,0,391.0,950.0
9720,9721,3800000000,Kalideres,Jakarta Barat,5,2,2,200.0,200.0
9721,9722,6250000000,Pondok Indah,Jakarta Selatan,4,3,1,122.0,200.0
9722,9723,4900000000,Pantai Indah Kapuk,Jakarta Utara,4,3,0,144.0,200.0
9723,9724,28000000000,Pantai Indah Kapuk,Jakarta Utara,8,8,0,800.0,1600.0
9724,9725,1100000000,Citra Garden,Jakarta Barat,2,1,1,90.0,70.0
9725,9726,6500000000,Pantai Indah Kapuk,Jakarta Utara,4,4,0,300.0,400.0
9726,9727,6500000000,Kebayoran Lama,Jakarta Selatan,5,4,3,517.0,400.0
9727,9728,1750000000,Pantai Indah Kapuk 2,Jakarta Utara,2,3,1,40.0,93.0
9728,9729,2950000000,Sunter,Jakarta Utara,4,4,1,77.0,200.0
9729,9730,2600000000,Citra Garden,Jakarta Barat,3,3,2,105.0,130.0
9730,9731,45000000000,Pantai Indah Kapuk,Jakarta Utara,5,5,0,520.0,900.0
9731,9732,42000000000,Pondok Indah,Jakarta Selatan,5,4,6,914.0,700.0
9732,9733,23500000000,Pantai Indah Kapuk,Jakarta Utara,5,5,0,425.0,1000.0
9733,9734,5700000000,Joglo,Jakarta Barat,4,3,2,200.0,350.0
9734,9735,28500000000,Pondok Indah,Jakarta Selatan,5,4,2,637.0,600.0
9735,9736,5300000000,Citra Garden,Jakarta Barat,6,6,2,200.0,465.0
9736,9737,9000000000,Pantai Indah Kapuk,Jakarta Utara,3,3,2,200.0,300.0
9737,9738,4900000000,Jelambar,Jakarta Barat,5,5,2,333.0,500.0
9738,9739,3300000000,Citra Garden,Jakarta Barat,5,4,2,112.0,170.0
9739,9740,4400000000,Jelambar,Jakarta Barat,7,4,3,275.0,210.0
9740,9741,61000000000,Pondok Indah,Jakarta Selatan,6,6,4,1351.0,542.0
9741,9742,2800000000,Taman Ratu,Jakarta Barat,3,3,2,90.0,134.0
9742,9743,2750000000,Tanjung Duren,Jakarta Barat,5,4,0,67.0,183.0
9743,9744,2150000000,Kelapa Gading,Jakarta Utara,4,3,0,90.0,112.0
9744,9745,18000000000,Mangga Besar,Jakarta Barat,8,4,1,480.0,400.0
9745,9746,28000000000,Kemang,Jakarta Selatan,5,4,5,1000.0,1400.0
9746,9747,4200000000,Pegadungan,Jakarta Barat,3,3,2,176.0,155.0
9747,9748,1800000000,Penjaringan,Jakarta Utara,7,3,1,68.0,190.0
9748,9749,2850000000,Radio Dalam,Jakarta Selatan,3,3,0,148.0,180.0
9749,9750,1400000000,Kedoya,Jakarta Barat,4,4,1,34.0,120.0
9750,9751,7800000000,Puri Indah,Jakarta Barat,4,3,0,240.0,350.0
9751,9752,3000000000,Duri Kepa,Jakarta Barat,5,4,2,104.0,192.0
9752,9753,2300000000,Duri Kepa,Jakarta Barat,4,3,2,70.0,140.0
9753,9754,2300000000,Cirendeu,Jakarta Selatan,3,3,1,150.0,118.0
9754,9755,3290000000,Duri Kepa,Jakarta Barat,4,4,2,82.0,150.0
9755,9756,5200000000,Muara Karang,Jakarta Utara,5,5,2,120.0,300.0
9756,9757,3850000000,Taman Meruya,Jakarta Barat,4,4,2,126.0,177.0
9757,9758,9000000000,Cilandak,Jakarta Selatan,4,3,1,361.0,220.0
9758,9759,12000000000,Jagakarsa,Jakarta Selatan,21,21,15,1892.0,800.0
9759,9760,10000000000,Taman Meruya,Jakarta Barat,4,3,3,361.0,328.0
9760,9761,2900000000,Pondok Pinang,Jakarta Selatan,1,1,0,170.0,100.0
9761,9762,1750000000,Grogol,Jakarta Barat,2,2,1,64.0,100.0
9762,9763,1800000000,Jagakarsa,Jakarta Selatan,3,2,2,94.0,120.0
9763,9764,3800000000,Gelong Baru,Jakarta Barat,4,4,1,75.0,150.0
9764,9765,2450000000,Cakung,Jakarta Timur,3,3,1,84.0,87.0
9765,9766,15500000000,Cilandak,Jakarta Selatan,5,4,0,800.0,400.0
9766,9767,2800000000,Kelapa Gading,Jakarta Utara,3,1,1,120.0,120.0
9767,9768,1550000000,Jati Padang,Jakarta Selatan,2,2,2,55.0,61.0
9768,9769,7800000000,Pulomas,Jakarta Timur,6,6,3,367.0,550.0
9769,9770,2100000000,Jagakarsa,Jakarta Selatan,4,3,2,116.0,160.0
9770,9771,17000000000,Bangka,Jakarta Selatan,5,5,10,1070.0,1800.0
9771,9772,3950000000,Tebet,Jakarta Selatan,5,4,1,96.0,220.0
9772,9773,45000000000,Kebayoran Lama,Jakarta Selatan,3,3,2,651.0,317.0
9773,9774,10500000000,Cipete,Jakarta Selatan,5,4,0,475.0,400.0
9774,9775,32000000000,Pondok Indah,Jakarta Selatan,3,3,2,732.0,500.0
9775,9776,2950000000,Fatmawati,Jakarta Selatan,3,2,2,105.0,140.0
9776,9777,5900000000,Tebet,Jakarta Selatan,4,3,1,165.0,260.0
9777,9778,5150000000,Kelapa Gading,Jakarta Utara,2,1,2,200.0,200.0
9778,9779,9300000000,Pondok Indah,Jakarta Selatan,4,3,1,300.0,400.0
9779,9780,5700000000,Kelapa Gading,Jakarta Utara,4,4,2,289.0,300.0
9780,9781,5300000000,Kelapa Gading,Jakarta Utara,3,3,1,200.0,300.0
9781,9782,5500000000,Kelapa Gading,Jakarta Utara,4,5,3,181.0,180.0
9782,9783,5700000000,Kelapa Gading,Jakarta Utara,7,4,2,153.0,459.0
9783,9784,5500000000,Kelapa Gading,Jakarta Utara,1,1,0,204.0,204.0
9784,9785,5650000000,Kelapa Gading,Jakarta Utara,4,4,0,170.0,170.0
9786,9787,5900000000,Sunter,Jakarta Utara,9,7,2,147.0,250.0
9787,9788,5900000000,Cempaka Putih,Jakarta Pusat,4,2,2,203.0,340.0
9788,9789,5500000000,Kelapa Gading,Jakarta Utara,4,3,2,153.0,153.0
9789,9790,5000000000,Kelapa Gading,Jakarta Utara,4,3,2,200.0,230.0
9790,9791,5400000000,Sunter,Jakarta Utara,4,4,1,98.0,245.0
9791,9792,5500000000,Sunter,Jakarta Utara,3,1,0,196.0,196.0
9792,9793,5350000000,Kelapa Gading,Jakarta Utara,3,3,1,153.0,250.0
9793,9794,5000000000,Sunter,Jakarta Utara,5,4,2,216.0,350.0
9794,9795,5000000000,Kelapa Gading,Jakarta Utara,4,3,1,160.0,180.0
9795,9796,6000000000,Kelapa Gading,Jakarta Utara,4,4,2,215.0,270.0
9796,9797,3250000000,Rawamangun,Jakarta Timur,4,4,2,100.0,180.0
9797,9798,4750000000,Setiabudi,Jakarta Selatan,5,3,2,301.0,225.0
9798,9799,17000000000,Pasar Minggu,Jakarta Selatan,6,4,0,516.0,380.0
9799,9800,34500000000,Senopati,Jakarta Selatan,4,3,2,351.0,300.0
9800,9801,13500000000,Cilandak,Jakarta Selatan,5,3,2,1111.0,384.0
9801,9802,18000000000,Bintaro,Jakarta Selatan,5,5,7,500.0,263.0
9802,9803,43000000000,Kebayoran Baru,Jakarta Selatan,3,3,5,795.0,250.0
9803,9804,2200000000,Kebayoran Baru,Jakarta Selatan,4,4,1,122.0,200.0
9804,9805,2990000000,Tebet,Jakarta Selatan,2,2,1,122.0,100.0
9805,9806,2900000000,Tebet,Jakarta Selatan,3,3,1,85.0,100.0
9806,9807,3950000000,Rawamangun,Jakarta Timur,5,6,2,160.0,300.0
9807,9808,14500000000,Pantai Indah Kapuk,Jakarta Utara,4,4,1,240.0,600.0
9808,9809,2800000000,Pejaten,Jakarta Selatan,4,3,1,103.0,148.0
9809,9810,2100000000,Cilandak,Jakarta Selatan,10,6,1,124.0,250.0
9810,9811,2400000000,Cilandak,Jakarta Selatan,4,2,0,117.0,125.0
9811,9812,550000000,Percetakan Negara,Jakarta Pusat,2,2,0,22.0,50.0
9812,9813,1750000000,Jakarta Garden City,Jakarta Timur,3,2,2,102.0,76.0
9813,9814,4000000000,Pondok Bambu,Jakarta Timur,7,7,3,200.0,300.0
9814,9815,5800000000,Kemayoran,Jakarta Pusat,5,3,1,300.0,200.0
9815,9816,5700000000,Tanjung Barat,Jakarta Selatan,3,3,2,280.0,275.0
9816,9817,900000000,Bungur,Jakarta Pusat,2,2,0,30.0,60.0
9817,9818,3100000000,Jakarta Garden City,Jakarta Timur,4,3,2,132.0,142.0
9818,9819,4200000000,Cempaka Putih,Jakarta Pusat,3,2,1,201.0,120.0
9819,9820,6500000000,Pondok Kelapa,Jakarta Timur,6,6,2,528.0,700.0
9820,9821,5000000000,Jakarta Garden City,Jakarta Timur,4,3,1,220.0,220.0
9821,9822,1430000000,Cilandak,Jakarta Selatan,3,2,0,32.0,105.0
9822,9823,12000000000,Mampang,Jakarta Selatan,4,4,4,740.0,243.0
9823,9824,998000000,Cilandak,Jakarta Selatan,2,2,0,32.0,64.0
9824,9825,12000000000,Warung Buncit,Jakarta Selatan,4,4,0,740.0,243.0
9825,9826,3500000000,Bintaro,Jakarta Selatan,3,3,0,215.0,230.0
9826,9827,775000000,Kemayoran,Jakarta Pusat,2,2,1,31.0,60.0
9827,9828,5700000000,Puri Indah,Jakarta Barat,4,4,1,140.0,285.0
9828,9829,7000000000,Muara Karang,Jakarta Utara,3,2,0,160.0,300.0
9829,9830,8400000000,Kemayoran,Jakarta Pusat,4,4,3,410.0,400.0
9830,9831,8500000000,Pantai Indah Kapuk,Jakarta Utara,3,3,1,224.0,320.0
9831,9832,1500000000,Kemayoran,Jakarta Pusat,3,1,0,99.0,64.0
9832,9833,21500000000,Pantai Indah Kapuk,Jakarta Utara,4,3,2,192.0,220.0
9833,9834,3000000000,Pesanggrahan,Jakarta Selatan,4,4,0,176.0,250.0
9834,9835,3300000000,Bintaro,Jakarta Selatan,3,3,0,180.0,112.0
9835,9836,6500000000,Pesanggrahan,Jakarta Selatan,4,3,0,229.0,440.0
9836,9837,1620000000,Karet Tengsin,Jakarta Pusat,0,0,0,172.0,100.0
9837,9838,2200000000,Pantai Indah Kapuk 2,Jakarta Utara,2,2,1,69.0,70.0
9838,9839,1900000000,Citra Garden,Jakarta Barat,3,2,2,63.0,70.0
9839,9840,1970000000,Ciracas,Jakarta Timur,4,3,2,87.0,151.0
9840,9841,2590000000,Cirendeu,Jakarta Selatan,3,2,1,270.0,200.0
9841,9842,1800000000,Cakung,Jakarta Timur,3,2,1,90.0,100.0
9842,9843,1450000000,Jakarta Garden City,Jakarta Timur,2,2,2,85.0,60.0
9843,9844,22000000000,Pantai Indah Kapuk,Jakarta Utara,4,4,2,325.0,850.0
9844,9845,3500000000,Bintaro,Jakarta Selatan,4,3,1,388.0,200.0
9845,9846,31000000000,Ragunan,Jakarta Selatan,5,6,0,2500.0,1000.0
9846,9847,4550000000,Tomang,Jakarta Barat,7,5,2,326.0,500.0
9847,9848,5800000000,Sektor 2 - Bintaro,Jakarta Selatan,5,4,4,539.0,210.0
9848,9849,10500000000,Kemang,Jakarta Selatan,5,5,1,210.0,450.0
9849,9850,8800000000,Pantai Indah Kapuk,Jakarta Utara,3,3,2,200.0,250.0
9850,9851,4500000000,Pantai Indah Kapuk,Jakarta Utara,3,2,1,120.0,150.0
9851,9852,4800000000,Tebet,Jakarta Selatan,5,3,2,150.0,300.0
9852,9853,285000000,Matraman,Jakarta Timur,0,0,0,38.0,10.0
9853,9854,1550000000,Gambir,Jakarta Pusat,3,2,1,38.0,63.0
9854,9855,2300000000,Teluk Gong,Jakarta Utara,3,3,0,75.0,175.0
9855,9856,7950000000,Sektor 3 - Bintaro,Jakarta Selatan,5,4,2,250.0,353.0
9856,9857,1000000000,Johar Baru,Jakarta Pusat,1,1,0,70.0,64.0
9857,9858,1700000000,Pancoran,Jakarta Selatan,2,2,1,60.0,100.0
9858,9859,29900000000,Kemang,Jakarta Selatan,4,2,12,973.0,1148.0
9859,9860,1500000000,Cibubur,Jakarta Timur,0,0,0,55.0,70.0
9860,9861,3200000000,Cibubur,Jakarta Timur,5,4,2,240.0,400.0
9861,9862,2300000000,Cibubur,Jakarta Timur,3,2,2,200.0,139.0
9862,9863,3800000000,Muara Karang,Jakarta Utara,2,3,2,90.0,144.0
9863,9864,16000000000,Pantai Mutiara,Jakarta Utara,5,7,2,759.0,759.0
9864,9865,8300000000,Muara Karang,Jakarta Utara,4,5,1,325.0,325.0
9865,9866,2700000000,Muara Karang,Jakarta Utara,3,0,0,90.0,90.0
9866,9867,1650000000,Kalideres,Jakarta Barat,4,2,1,99.0,162.0
9867,9868,4500000000,Semanan,Jakarta Barat,4,4,0,161.0,171.0
9868,9869,7500000000,Tanjung Duren,Jakarta Barat,7,5,0,402.0,450.0
9869,9870,7500000000,Pantai Indah Kapuk 2,Jakarta Utara,4,3,1,200.0,400.0
9870,9871,3900000000,Green Lake City,Jakarta Barat,3,3,1,120.0,172.0
9871,9872,11800000000,Kebon Jeruk,Jakarta Barat,5,4,1,450.0,480.0
9872,9873,19000000000,Kebayoran Baru,Jakarta Selatan,4,5,1,257.0,400.0
9873,9874,28000000000,Kemang,Jakarta Selatan,5,4,5,1000.0,1400.0
9874,9875,18000000000,Mangga Besar,Jakarta Barat,8,4,1,480.0,400.0
9875,9876,33000000000,Kemang,Jakarta Selatan,5,3,4,1400.0,700.0
9876,9877,2400000000,Kelapa Gading,Jakarta Utara,4,4,2,120.0,200.0
9877,9878,5200000000,Cipete,Jakarta Selatan,4,2,2,167.0,300.0
9878,9879,15000000000,Puri Indah,Jakarta Barat,8,7,0,480.0,900.0
9879,9880,11000000000,Puri Indah,Jakarta Barat,2,2,0,336.0,600.0
9880,9881,1300000000,Pantai Indah Kapuk 2,Jakarta Utara,2,2,1,45.0,54.0
9881,9882,4500000000,Cilandak,Jakarta Selatan,4,3,1,170.0,180.0
9882,9883,1600000000,Cengkareng,Jakarta Barat,3,2,0,126.0,86.0
9883,9884,3200000000,Cipete,Jakarta Selatan,4,4,1,125.0,200.0
9884,9885,5800000000,Meruya,Jakarta Barat,3,2,1,200.0,150.0
9885,9886,1600000000,Semanan,Jakarta Barat,3,2,1,135.0,122.0
9886,9887,3200000000,Kebon Jeruk,Jakarta Barat,5,3,1,137.0,250.0
9887,9888,5400000000,Kelapa Gading,Jakarta Utara,3,3,1,100.0,142.0
9888,9889,2900000000,Rawamangun,Jakarta Timur,1,1,8,220.0,50.0
9889,9890,3950000000,Tomang,Jakarta Barat,4,4,1,150.0,250.0
9890,9891,4900000000,Muara Karang,Jakarta Utara,3,3,1,210.0,110.0
9891,9892,1500000000,Cengkareng,Jakarta Barat,2,2,1,55.0,115.0
9892,9893,2500000000,Semanan,Jakarta Barat,4,3,1,104.0,165.0
9893,9894,3900000000,Pantai Indah Kapuk 2,Jakarta Utara,3,3,1,90.0,128.0
9894,9895,15700000000,Kebayoran Lama,Jakarta Selatan,7,3,2,400.0,300.0
9895,9896,2600000000,Pademangan,Jakarta Utara,4,4,1,67.0,202.0
9896,9897,3300000000,Tomang,Jakarta Barat,3,3,1,90.0,195.0
9897,9898,1700000000,Duri Kosambi,Jakarta Barat,3,1,1,120.0,176.0
9898,9899,12500000000,Cempaka Putih,Jakarta Pusat,5,5,1,382.0,429.0
9899,9900,1300000000,Semanan,Jakarta Barat,3,2,1,75.0,100.0
9900,9901,13500000000,Pademangan,Jakarta Utara,4,3,1,450.0,780.0
9901,9902,2900000000,Jelambar,Jakarta Barat,0,0,0,140.0,250.0
9902,9903,3500000000,Duren Sawit,Jakarta Timur,5,3,5,201.0,300.0
9903,9904,2850000000,Green Ville,Jakarta Barat,4,3,1,124.0,372.0
9904,9905,3800000000,Puri Mansion,Jakarta Barat,3,3,1,120.0,126.0
9905,9906,6500000000,Grogol,Jakarta Barat,6,3,1,243.0,400.0
9906,9907,2950000000,Taman Ratu,Jakarta Barat,4,4,1,90.0,231.0
9907,9908,2600000000,Pluit,Jakarta Utara,2,4,1,75.0,220.0
9908,9909,9000000000,Cilandak,Jakarta Selatan,3,3,1,361.0,220.0
9909,9910,1450000000,Semanan,Jakarta Barat,2,2,0,62.0,85.0
9910,9911,7000000000,Kelapa Gading,Jakarta Utara,6,4,1,220.0,412.0
9911,9912,950000000,Lenteng Agung,Jakarta Selatan,4,4,1,92.0,150.0
9912,9913,2900000000,Duri Kosambi,Jakarta Barat,4,2,0,198.0,150.0
9913,9914,3350000000,Duri Kepa,Jakarta Barat,3,3,1,121.0,364.0
9914,9915,4500000000,Semanan,Jakarta Barat,4,4,1,161.0,171.0
9915,9916,3000000000,Green Lake City,Jakarta Barat,3,2,1,133.0,176.0
9916,9917,4500000000,Semanan,Jakarta Barat,4,4,1,161.0,171.0
9917,9918,3800000000,Citra Grand,Jakarta Timur,5,4,1,180.0,200.0
9918,9919,1750000000,Citra Grand,Jakarta Timur,4,2,1,83.0,120.0
9919,9920,1500000000,Legenda Wisata,Jakarta Timur,3,2,1,160.0,120.0
9920,9921,7000000000,Kelapa Gading,Jakarta Utara,3,3,2,200.0,375.0
9921,9922,450000000,Cipayung,Jakarta Timur,2,1,0,42.0,35.0
9922,9923,2450000000,Kramat,Jakarta Pusat,0,0,0,208.0,208.0
9923,9924,3500000000,Cijantung,Jakarta Timur,8,9,0,105.0,210.0
9924,9925,4000000000,Tubagus Angke,Jakarta Barat,5,3,1,180.0,185.0
9925,9926,3700000000,Kedoya,Jakarta Barat,23,17,1,120.0,400.0
9926,9927,5000000000,Tubagus Angke,Jakarta Barat,3,6,1,126.0,384.0
9927,9928,7300000000,Jelambar,Jakarta Barat,37,37,1,110.0,360.0
9928,9929,3850000000,Intercon,Jakarta Barat,3,3,2,113.0,180.0
9929,9930,5700000000,Tubagus Angke,Jakarta Barat,6,4,0,176.0,538.0
9930,9931,8500000000,Tomang,Jakarta Barat,34,34,0,180.0,400.0
9931,9932,7500000000,Tubagus Angke,Jakarta Barat,6,5,1,380.0,600.0
9932,9933,5600000000,Tubagus Angke,Jakarta Barat,4,5,2,223.0,438.0
9933,9934,14000000000,Tomang,Jakarta Barat,60,60,1,272.0,1200.0
9934,9935,14000000000,Setiabudi,Jakarta Selatan,42,10,15,398.0,796.0
9935,9936,2500000000,Metland Puri,Jakarta Barat,3,2,1,102.0,120.0
9936,9937,550000000,Lubang Buaya,Jakarta Timur,2,2,0,29.0,40.0
9937,9938,11000000000,Karang Anyar,Jakarta Pusat,47,47,2,142.0,450.0
9938,9939,3500000000,Kalideres,Jakarta Barat,3,3,1,144.0,275.0
9939,9940,4600000000,Taman Palem,Jakarta Barat,5,4,1,136.0,295.0
9940,9941,13000000000,Cipete,Jakarta Selatan,6,4,0,577.0,250.0
9941,9942,18000000000,Bendungan Hilir,Jakarta Pusat,6,6,0,453.0,298.0
9942,9943,3300000000,Taman Surya,Jakarta Barat,4,3,0,140.0,190.0
9943,9944,9000000000,Kebayoran Baru,Jakarta Selatan,5,5,0,303.0,268.0
9944,9945,55000000000,Menteng,Jakarta Pusat,6,5,0,664.0,287.0
9945,9946,2400000000,Kebagusan,Jakarta Selatan,4,4,2,75.0,142.0
9946,9947,16500000000,Pantai Indah Kapuk,Jakarta Utara,4,4,2,358.0,700.0
9947,9948,8000000000,Bendungan Hilir,Jakarta Pusat,8,2,0,220.0,250.0
9948,9949,2100000000,Klender,Jakarta Timur,3,3,2,90.0,110.0
9949,9950,18000000000,Kemang,Jakarta Selatan,3,2,0,1226.0,500.0
9950,9951,1390000000,Pondok Kelapa,Jakarta Timur,3,2,1,75.0,78.0
9951,9952,2100000000,Cipinang,Jakarta Timur,3,3,2,90.0,110.0
9952,9953,2900000000,Green Lake City,Jakarta Barat,3,2,1,107.0,95.0
9953,9954,8500000000,Lebak Bulus,Jakarta Selatan,4,4,2,547.0,500.0
9954,9955,5300000000,Cipete,Jakarta Selatan,4,3,2,170.0,280.0
9955,9956,7000000000,Cipete,Jakarta Selatan,3,3,2,216.0,375.0
9956,9957,8750000000,Cinere,Jakarta Selatan,4,4,3,547.0,550.0
9957,9958,135000000000,Menteng,Jakarta Pusat,5,5,10,1050.0,1500.0
9958,9959,6500000000,Lebak Bulus,Jakarta Selatan,4,2,2,408.0,300.0
9959,9960,14500000000,Cipete,Jakarta Selatan,4,3,2,465.0,400.0
9960,9961,19000000000,Cilandak,Jakarta Selatan,4,3,2,522.0,500.0
9961,9962,18500000000,Kebayoran Baru,Jakarta Selatan,5,3,0,720.0,700.0
9962,9963,8500000000,Cinere,Jakarta Selatan,4,5,2,547.0,480.0
9963,9964,11500000000,Cipete,Jakarta Selatan,3,2,2,470.0,240.0
9964,9965,30000000000,Pondok Indah,Jakarta Selatan,7,5,8,804.0,600.0
9965,9966,16000000000,Pasar Minggu,Jakarta Selatan,4,3,3,670.0,500.0
9966,9967,2000000000,Ciracas,Jakarta Timur,4,4,2,290.0,160.0
9967,9968,16500000000,Cipete,Jakarta Selatan,4,3,4,1003.0,450.0
9968,9969,35000000000,Pondok Indah,Jakarta Selatan,8,8,3,615.0,535.0
9969,9970,21000000000,Ampera,Jakarta Selatan,4,3,6,1033.0,500.0
9970,9971,16500000000,Cipete,Jakarta Selatan,4,4,7,1004.0,450.0
9971,9972,16000000000,Pejaten,Jakarta Selatan,5,4,4,670.0,550.0
9972,9973,35000000000,Permata Hijau,Jakarta Selatan,5,4,0,670.0,566.0
9973,9974,8500000000,Kebayoran Baru,Jakarta Selatan,4,3,4,248.0,250.0
9974,9975,45000000000,Pondok Indah,Jakarta Selatan,5,5,3,627.0,1050.0
9975,9976,11000000000,Cipete,Jakarta Selatan,5,3,3,400.0,300.0
9976,9977,13500000000,Bintaro,Jakarta Selatan,5,4,0,835.0,466.0
9977,9978,8500000000,Cinere,Jakarta Selatan,4,3,2,547.0,550.0
9978,9979,16500000000,Cipete,Jakarta Selatan,4,3,6,1002.0,450.0
9979,9980,15900000000,Kemang,Jakarta Selatan,6,7,4,786.0,950.0
9980,9981,11000000000,Lebak Bulus,Jakarta Selatan,5,3,4,750.0,350.0
9981,9982,16000000000,Pondok Indah,Jakarta Selatan,5,3,2,320.0,300.0
9982,9983,6400000000,Cipete,Jakarta Selatan,3,2,3,230.0,100.0
9983,9984,6000000000,Cilandak,Jakarta Selatan,3,2,2,256.0,100.0
9984,9985,22000000000,Cipete,Jakarta Selatan,6,3,6,930.0,300.0
9985,9986,15000000000,Kebayoran Baru,Jakarta Selatan,4,4,3,307.0,360.0
9986,9987,6000000000,Cilandak,Jakarta Selatan,5,2,3,200.0,300.0
9987,9988,6000000000,Cipete,Jakarta Selatan,3,4,1,200.0,300.0
9988,9989,6500000000,Cilandak,Jakarta Selatan,4,3,2,254.0,225.0
9989,9990,11500000000,Cipete,Jakarta Selatan,3,3,2,470.0,230.0
9990,9991,700000000,Kebayoran Baru,Jakarta Selatan,3,2,0,50.0,90.0
9991,9992,2800000000,Green Lake City,Jakarta Barat,5,3,1,160.0,256.0
9992,9993,28000000000,Menteng,Jakarta Pusat,3,2,1,339.0,800.0
9993,9994,33000000000,Kebayoran Baru,Jakarta Selatan,8,2,0,675.0,464.0
9994,9995,620000000,Pasar Minggu,Jakarta Selatan,2,1,0,92.0,92.0
9995,9996,5500000000,Kemang,Jakarta Selatan,3,4,0,90.0,180.0
9996,9997,10000000000,Cipete,Jakarta Selatan,4,4,0,431.0,308.0
9997,9998,450000000,Pasar Minggu,Jakarta Selatan,2,1,0,62.0,55.0
9998,9999,8900000000,Kelapa Gading,Jakarta Utara,0,0,0,249.0,300.0
9999,10000,48000000000,Menteng,Jakarta Pusat,5,5,0,716.0,400.0
